id,name,description,brand,segment,category,category_path,color,material,premium,price,original_price,discount_pct,in_stock,avg_rating,rating_count,sizes,images,embed_text
ay-000001,Crossbody Bag 'MILANO',"A compact crossbody bag in warm cognac faux leather, closed with a magnetic flap. The slim strap adjusts easily, and the bag swallows phone, cardholder and keys for city errands.",Guess,women,Crossbody bags,Accessories|Bags & backpacks|Bags|Crossbody bags,cognac,Faux leather,false,79.95,,,true,4.4,218,ONE SIZE,https://pub-2e4a163f7e1b4ee49c544ba33966ad8e.r2.dev/catalog/ay-000001-1.jpg,"Crossbody Bag 'MILANO' Guess Crossbody bags A compact crossbody bag in warm cognac faux leather, closed with a magnetic flap. The slim strap adjusts easily, and the bag swallows phone, cardholder and keys for city errands."
ay-000002,Crossbody Bag 'NOORA',"Soft grained cowhide gives this small bag a lived-in look from day one. Two inner compartments keep cards and lipstick apart, and the strap can be shortened for a shoulder fit.",Liebeskind Berlin,women,Crossbody bags,Accessories|Bags & backpacks|Bags|Crossbody bags,black,Leather,false,119.92,149.90,20,true,4.6,341,ONE SIZE,https://pub-2e4a163f7e1b4ee49c544ba33966ad8e.r2.dev/catalog/ay-000002-1.jpg,"Crossbody Bag 'NOORA' Liebeskind Berlin Crossbody bags Soft grained cowhide gives this small bag a lived-in look from day one. Two inner compartments keep cards and lipstick apart, and the strap can be shortened for a shoulder fit."
ay-000003,Crossbody Bag 'ASPEN',A minimal beige bag with a wide woven strap and brushed silver hardware. It sits neatly at the hip and works just as well over a winter coat as over a summer dress.,Kapten & Son,women,Crossbody bags,Accessories|Bags & backpacks|Bags|Crossbody bags,beige,Faux leather,false,69.90,,,true,4.2,97,ONE SIZE,https://pub-2e4a163f7e1b4ee49c544ba33966ad8e.r2.dev/catalog/ay-000003-1.jpg,Crossbody Bag 'ASPEN' Kapten & Son Crossbody bags A minimal beige bag with a wide woven strap and brushed silver hardware. It sits neatly at the hip and works just as well over a winter coat as over a summer dress.
ay-000004,Crossbody Bag 'HARBOUR',"A flat navy crossbody bag in recycled nylon with a zipped front pocket. Light enough to forget you are wearing it, roomy enough for a wallet, sunglasses and a paperback.",Tommy Hilfiger,men,Crossbody bags,Accessories|Bags & backpacks|Bags|Crossbody bags,navy,Recycled polyester,false,59.90,,,true,4.1,152,ONE SIZE,https://pub-2e4a163f7e1b4ee49c544ba33966ad8e.r2.dev/catalog/ay-000004-1.jpg,"Crossbody Bag 'HARBOUR' Tommy Hilfiger Crossbody bags A flat navy crossbody bag in recycled nylon with a zipped front pocket. Light enough to forget you are wearing it, roomy enough for a wallet, sunglasses and a paperback."
ay-000005,Crossbody Bag 'ARBERIA',"Quilted lambskin in deep bordeaux, finished with a chain-and-leather strap. A dressy little bag for dinners and weddings, with a suede-lined interior that protects a phone screen.",Coccinelle,women,Crossbody bags,Accessories|Bags & backpacks|Bags|Crossbody bags,bordeaux,Leather,true,249.00,,,true,4.7,64,ONE SIZE,https://pub-2e4a163f7e1b4ee49c544ba33966ad8e.r2.dev/catalog/ay-000005-1.jpg,"Crossbody Bag 'ARBERIA' Coccinelle Crossbody bags Quilted lambskin in deep bordeaux, finished with a chain-and-leather strap. A dressy little bag for dinners and weddings, with a suede-lined interior that protects a phone screen."
ay-000006,Crossbody Bag 'SCULPTED',"A structured white bag with a debossed logo plaque and a boxy silhouette. The wide strap is detachable, so the bag doubles as a small clutch in the evening.",Calvin Klein,women,Crossbody bags,Accessories|Bags & backpacks|Bags|Crossbody bags,white,Faux leather,false,89.90,,,true,4.0,183,ONE SIZE,https://pub-2e4a163f7e1b4ee49c544ba33966ad8e.r2.dev/catalog/ay-000006-1.jpg,"Crossbody Bag 'SCULPTED' Calvin Klein Crossbody bags A structured white bag with a debossed logo plaque and a boxy silhouette. The wide strap is detachable, so the bag doubles as a small clutch in the evening."
ay-000007,Crossbody Bag 'BEL 2.0',"Smooth black faux leather, a slim frame and a stamped logo on the flap. Small but well organised inside, this bag carries the essentials without pulling a silk blouse out of shape.",HUGO,women,Crossbody bags,Accessories|Bags & backpacks|Bags|Crossbody bags,black,Faux leather,false,90.93,129.90,30,true,4.3,126,ONE SIZE,https://pub-2e4a163f7e1b4ee49c544ba33966ad8e.r2.dev/catalog/ay-000007-1.jpg,"Crossbody Bag 'BEL 2.0' HUGO Crossbody bags Smooth black faux leather, a slim frame and a stamped logo on the flap. Small but well organised inside, this bag carries the essentials without pulling a silk blouse out of shape."
ay-000008,Crossbody Bag 'RAVE',"Washed olive canvas with chunky webbing and a carabiner clip. A utility bag built for festivals and long walks, with two outer pockets for tickets and a phone.",Diesel,men,Crossbody bags,Accessories|Bags & backpacks|Bags|Crossbody bags,olive,Cotton canvas,false,74.90,,,true,3.9,71,ONE SIZE,https://pub-2e4a163f7e1b4ee49c544ba33966ad8e.r2.dev/catalog/ay-000008-1.jpg,"Crossbody Bag 'RAVE' Diesel Crossbody bags Washed olive canvas with chunky webbing and a carabiner clip. A utility bag built for festivals and long walks, with two outer pockets for tickets and a phone."
ay-000009,Crossbody Bag 'LUNA',"An affordable everyday bag in dusty pink with a braided strap and a gold-tone zip. Light, easy to wipe clean and roomy enough for a small water bottle.",ABOUT YOU,women,Crossbody bags,Accessories|Bags & backpacks|Bags|Crossbody bags,rose,Faux leather,false,27.92,34.90,20,true,4.1,405,ONE SIZE,https://pub-2e4a163f7e1b4ee49c544ba33966ad8e.r2.dev/catalog/ay-000009-1.jpg,"Crossbody Bag 'LUNA' ABOUT YOU Crossbody bags An affordable everyday bag in dusty pink with a braided strap and a gold-tone zip. Light, easy to wipe clean and roomy enough for a small water bottle."
ay-000010,Laptop Bag 'ETHON 2.0',"A slim black carrier with a padded 15-inch compartment and a zipped document pocket. The coated canvas shrugs off rain on the commute, and a trolley sleeve slides over a suitcase handle.",HUGO,men,Business & laptop bags,Accessories|Bags & backpacks|Bags|Business & laptop bags,black,Coated canvas,false,149.90,,,true,4.5,88,ONE SIZE,https://pub-2e4a163f7e1b4ee49c544ba33966ad8e.r2.dev/catalog/ay-000010-1.jpg,"Laptop Bag 'ETHON 2.0' HUGO Business & laptop bags A slim black carrier with a padded 15-inch compartment and a zipped document pocket. The coated canvas shrugs off rain on the commute, and a trolley sleeve slides over a suitcase handle."
ay-000011,Briefcase 'WINDSOR',"Full-grain cowhide in tobacco brown with a turn-lock flap and a hand-stitched handle. Inside there is a padded laptop sleeve, a divider for files and two pen loops for meetings.",Camel Active,men,Business & laptop bags,Accessories|Bags & backpacks|Bags|Business & laptop bags,brown,Leather,true,199.00,,,true,4.6,142,ONE SIZE,https://pub-2e4a163f7e1b4ee49c544ba33966ad8e.r2.dev/catalog/ay-000011-1.jpg,"Briefcase 'WINDSOR' Camel Active Business & laptop bags Full-grain cowhide in tobacco brown with a turn-lock flap and a hand-stitched handle. Inside there is a padded laptop sleeve, a divider for files and two pen loops for meetings."
ay-000012,Messenger Bag 'CORVUS',"Built for daily commuters, this dark grey messenger has a fleece-lined 14-inch laptop compartment and a quick-access front zip. The padded shoulder strap keeps the load comfortable on longer walks.",bugatti,men,Business & laptop bags,Accessories|Bags & backpacks|Bags|Business & laptop bags,grey,Polyester,false,89.93,119.90,25,true,4.2,203,ONE SIZE,https://pub-2e4a163f7e1b4ee49c544ba33966ad8e.r2.dev/catalog/ay-000012-1.jpg,"Messenger Bag 'CORVUS' bugatti Business & laptop bags Built for daily commuters, this dark grey messenger has a fleece-lined 14-inch laptop compartment and a quick-access front zip. The padded shoulder strap keeps the load comfortable on longer walks."
ay-000013,Work Tote 'HELENA',"A tall leather carryall in cognac that holds a 15-inch notebook upright alongside a folder. Professional enough for client meetings, soft enough to sling over a shoulder on the way home.",Liebeskind Berlin,women,Business & laptop bags,Accessories|Bags & backpacks|Bags|Business & laptop bags,cognac,Leather,true,189.90,,,true,4.5,117,ONE SIZE,https://pub-2e4a163f7e1b4ee49c544ba33966ad8e.r2.dev/catalog/ay-000013-1.jpg,"Work Tote 'HELENA' Liebeskind Berlin Business & laptop bags A tall leather carryall in cognac that holds a 15-inch notebook upright alongside a folder. Professional enough for client meetings, soft enough to sling over a shoulder on the way home."
ay-000014,Laptop Bag 'MERIDIAN',"Navy recycled twill with contrast webbing and a padded sleeve for a 15-inch machine. Two organiser pockets take cables and a charger, and the base is reinforced for the train ride.",Tommy Hilfiger,men,Business & laptop bags,Accessories|Bags & backpacks|Bags|Business & laptop bags,navy,Recycled polyester,false,129.90,,,true,4.3,176,ONE SIZE,https://pub-2e4a163f7e1b4ee49c544ba33966ad8e.r2.dev/catalog/ay-000014-1.jpg,"Laptop Bag 'MERIDIAN' Tommy Hilfiger Business & laptop bags Navy recycled twill with contrast webbing and a padded sleeve for a 15-inch machine. Two organiser pockets take cables and a charger, and the base is reinforced for the train ride."
ay-000015,Business Backpack 'ATLAS',"A clean-lined black backpack for the professional commute, with a padded 16-inch compartment and a hidden rear pocket for a passport. Wide ergonomic straps spread the weight on longer days.",Calvin Klein,men,Business & laptop bags,Accessories|Bags & backpacks|Bags|Business & laptop bags,black,Recycled polyester,false,139.00,,,true,4.4,231,ONE SIZE,https://pub-2e4a163f7e1b4ee49c544ba33966ad8e.r2.dev/catalog/ay-000015-1.jpg,"Business Backpack 'ATLAS' Calvin Klein Business & laptop bags A clean-lined black backpack for the professional commute, with a padded 16-inch compartment and a hidden rear pocket for a passport. Wide ergonomic straps spread the weight on longer days."
ay-000016,Briefcase 'HOLBORN',"Saffiano-embossed calfskin in black, cut into a sharp rectangular case. A padded laptop compartment, a file divider and a discreet interior zip make it a serious companion for board meetings.",BOSS,men,Business & laptop bags,Accessories|Bags & backpacks|Bags|Business & laptop bags,black,Leather,true,399.00,,,true,4.8,57,ONE SIZE,https://pub-2e4a163f7e1b4ee49c544ba33966ad8e.r2.dev/catalog/ay-000016-1.jpg,"Briefcase 'HOLBORN' BOSS Business & laptop bags Saffiano-embossed calfskin in black, cut into a sharp rectangular case. A padded laptop compartment, a file divider and a discreet interior zip make it a serious companion for board meetings."
ay-000017,Laptop Sleeve 'FLINT',"A slim felt-and-leather sleeve sized for a 14-inch notebook, with a magnetic closure and a thin outer pocket for a charger. Slides into a larger bag or travels on its own.",Camel Active,men,Business & laptop bags,Accessories|Bags & backpacks|Bags|Business & laptop bags,anthracite,Wool felt,false,49.90,,,true,,,ONE SIZE,https://pub-2e4a163f7e1b4ee49c544ba33966ad8e.r2.dev/catalog/ay-000017-1.jpg,"Laptop Sleeve 'FLINT' Camel Active Business & laptop bags A slim felt-and-leather sleeve sized for a 14-inch notebook, with a magnetic closure and a thin outer pocket for a charger. Slides into a larger bag or travels on its own."
ay-000018,Commuter Bag 'DOVER',"Water-repellent black nylon with a roll-over top and a padded 15-inch laptop compartment. Designed for cycling to work, it carries a change of clothes next to the business papers.",bugatti,men,Business & laptop bags,Accessories|Bags & backpacks|Bags|Business & laptop bags,black,Nylon,false,67.92,79.90,15,true,4.0,138,ONE SIZE,https://pub-2e4a163f7e1b4ee49c544ba33966ad8e.r2.dev/catalog/ay-000018-1.jpg,"Commuter Bag 'DOVER' bugatti Business & laptop bags Water-repellent black nylon with a roll-over top and a padded 15-inch laptop compartment. Designed for cycling to work, it carries a change of clothes next to the business papers."
ay-000019,Laptop Bag 'ASTRA',A softly structured taupe carrier that keeps a 14-inch notebook in a padded sleeve and a tablet in its own slot. Understated hardware makes it read professional in any meeting room.,Calvin Klein,women,Business & laptop bags,Accessories|Bags & backpacks|Bags|Business & laptop bags,taupe,Faux leather,false,109.90,,,true,4.2,105,ONE SIZE,https://pub-2e4a163f7e1b4ee49c544ba33966ad8e.r2.dev/catalog/ay-000019-1.jpg,Laptop Bag 'ASTRA' Calvin Klein Business & laptop bags A softly structured taupe carrier that keeps a 14-inch notebook in a padded sleeve and a tablet in its own slot. Understated hardware makes it read professional in any meeting room.
ay-000020,Document Bag 'REGENT',"Flat and formal, this brown leather case swallows A4 files, a slim laptop and a notebook. The short top handle and gold-tone clasp lend it a classic business look.",Camel Active,men,Business & laptop bags,Accessories|Bags & backpacks|Bags|Business & laptop bags,brown,Leather,true,132.30,189.00,30,true,4.4,66,ONE SIZE,https://pub-2e4a163f7e1b4ee49c544ba33966ad8e.r2.dev/catalog/ay-000020-1.jpg,"Document Bag 'REGENT' Camel Active Business & laptop bags Flat and formal, this brown leather case swallows A4 files, a slim laptop and a notebook. The short top handle and gold-tone clasp lend it a classic business look."
ay-000021,Work Tote 'PAULA',"Grained black leather shaped into a roomy tote with a padded compartment for a 13-inch laptop. It carries a lunch box, a folder and a pair of trainers without losing its shape.",Liebeskind Berlin,women,Business & laptop bags,Accessories|Bags & backpacks|Bags|Business & laptop bags,black,Leather,true,169.90,,,true,4.6,152,ONE SIZE,https://pub-2e4a163f7e1b4ee49c544ba33966ad8e.r2.dev/catalog/ay-000021-1.jpg,"Work Tote 'PAULA' Liebeskind Berlin Business & laptop bags Grained black leather shaped into a roomy tote with a padded compartment for a 13-inch laptop. It carries a lunch box, a folder and a pair of trainers without losing its shape."
ay-000022,Business Backpack 'NOVARA',"Slate grey polyester with a clamshell opening and a suspended 15-inch laptop compartment. Built for professionals who fly often, it lies flat at security and stands up on its own.",bugatti,men,Business & laptop bags,Accessories|Bags & backpacks|Bags|Business & laptop bags,grey,Polyester,false,99.90,,,true,4.3,187,ONE SIZE,https://pub-2e4a163f7e1b4ee49c544ba33966ad8e.r2.dev/catalog/ay-000022-1.jpg,"Business Backpack 'NOVARA' bugatti Business & laptop bags Slate grey polyester with a clamshell opening and a suspended 15-inch laptop compartment. Built for professionals who fly often, it lies flat at security and stands up on its own."
ay-000023,Messenger Bag 'KENT',"A classic flap-over messenger in dark navy with tonal branding, padded for a 14-inch machine. The adjustable strap and light frame suit a commuter who walks the last mile.",Tommy Hilfiger,men,Business & laptop bags,Accessories|Bags & backpacks|Bags|Business & laptop bags,navy,Recycled polyester,false,95.94,159.90,40,true,4.1,224,ONE SIZE,https://pub-2e4a163f7e1b4ee49c544ba33966ad8e.r2.dev/catalog/ay-000023-1.jpg,"Messenger Bag 'KENT' Tommy Hilfiger Business & laptop bags A classic flap-over messenger in dark navy with tonal branding, padded for a 14-inch machine. The adjustable strap and light frame suit a commuter who walks the last mile."
ay-000024,Laptop Bag 'ORLA',"Sand-coloured nappa with a zip top and a padded 14-inch sleeve inside. Slim enough for a crowded tram, smart enough for a client presentation straight afterwards. Gold-tone hardware and a hidden magnetic pocket finish it off.",Liebeskind Berlin,women,Business & laptop bags,Accessories|Bags & backpacks|Bags|Business & laptop bags,sand,Leather,true,179.00,,,true,4.4,73,ONE SIZE,https://pub-2e4a163f7e1b4ee49c544ba33966ad8e.r2.dev/catalog/ay-000024-1.jpg,"Laptop Bag 'ORLA' Liebeskind Berlin Business & laptop bags Sand-coloured nappa with a zip top and a padded 14-inch sleeve inside. Slim enough for a crowded tram, smart enough for a client presentation straight afterwards. Gold-tone hardware and a hidden magnetic pocket finish it off."
ay-000025,Briefcase 'ASCOT',"A hand-finished business case in dark brown calfskin with palladium fittings. Two document sections flank a padded laptop compartment, and the leather softens with years of daily use.",BOSS,men,Business & laptop bags,Accessories|Bags & backpacks|Bags|Business & laptop bags,dark brown,Leather,true,449.00,,,false,4.7,41,ONE SIZE,https://pub-2e4a163f7e1b4ee49c544ba33966ad8e.r2.dev/catalog/ay-000025-1.jpg,"Briefcase 'ASCOT' BOSS Business & laptop bags A hand-finished business case in dark brown calfskin with palladium fittings. Two document sections flank a padded laptop compartment, and the leather softens with years of daily use."
ay-000026,Business Backpack 'HALDEN',"Matte black with a rubberised logo and a padded 15-inch compartment that unzips fully. A luggage strap, a water-bottle pocket and a quilted back panel make the commute easier.",Tommy Hilfiger,men,Business & laptop bags,Accessories|Bags & backpacks|Bags|Business & laptop bags,black,Recycled polyester,false,119.92,149.90,20,true,4.2,168,ONE SIZE,https://pub-2e4a163f7e1b4ee49c544ba33966ad8e.r2.dev/catalog/ay-000026-1.jpg,"Business Backpack 'HALDEN' Tommy Hilfiger Business & laptop bags Matte black with a rubberised logo and a padded 15-inch compartment that unzips fully. A luggage strap, a water-bottle pocket and a quilted back panel make the commute easier."
ay-000027,Laptop Bag 'VIKTOR',"Smooth black leather with a magnetic flap and a whisper-quiet zip. The padded sleeve fits a 14-inch machine, and the interior is lined in a soft twill that will not scratch a screen.",HUGO,men,Business & laptop bags,Accessories|Bags & backpacks|Bags|Business & laptop bags,black,Leather,true,329.00,,,true,4.6,39,ONE SIZE,https://pub-2e4a163f7e1b4ee49c544ba33966ad8e.r2.dev/catalog/ay-000027-1.jpg,"Laptop Bag 'VIKTOR' HUGO Business & laptop bags Smooth black leather with a magnetic flap and a whisper-quiet zip. The padded sleeve fits a 14-inch machine, and the interior is lined in a soft twill that will not scratch a screen."
ay-000028,Work Tote 'BRISTOL',A large navy carryall with a magnetic top and a padded laptop pocket set against the back panel. Two open slots hold a notebook and a charger for a full day of meetings.,Calvin Klein,women,Business & laptop bags,Accessories|Bags & backpacks|Bags|Business & laptop bags,navy,Faux leather,false,119.90,,,true,4.0,129,ONE SIZE,https://pub-2e4a163f7e1b4ee49c544ba33966ad8e.r2.dev/catalog/ay-000028-1.jpg,Work Tote 'BRISTOL' Calvin Klein Business & laptop bags A large navy carryall with a magnetic top and a padded laptop pocket set against the back panel. Two open slots hold a notebook and a charger for a full day of meetings.
ay-000029,Commuter Backpack 'TEMPO',Olive canvas-look polyester with leather trims and a padded 15-inch laptop compartment. A side zip reaches the main section without taking the backpack off on a busy platform.,Camel Active,men,Business & laptop bags,Accessories|Bags & backpacks|Bags|Business & laptop bags,olive,Recycled polyester,false,89.90,,,true,4.3,214,ONE SIZE,https://pub-2e4a163f7e1b4ee49c544ba33966ad8e.r2.dev/catalog/ay-000029-1.jpg,Commuter Backpack 'TEMPO' Camel Active Business & laptop bags Olive canvas-look polyester with leather trims and a padded 15-inch laptop compartment. A side zip reaches the main section without taking the backpack off on a busy platform.
ay-000030,Messenger Bag 'LUCERNE',"A softly slouched cognac leather messenger with a buckled flap. Inside, a padded sleeve protects a 13-inch laptop while two open pockets take a notebook and a travel card.",bugatti,men,Business & laptop bags,Accessories|Bags & backpacks|Bags|Business & laptop bags,cognac,Leather,true,127.43,169.90,25,true,4.5,82,ONE SIZE,https://pub-2e4a163f7e1b4ee49c544ba33966ad8e.r2.dev/catalog/ay-000030-1.jpg,"Messenger Bag 'LUCERNE' bugatti Business & laptop bags A softly slouched cognac leather messenger with a buckled flap. Inside, a padded sleeve protects a 13-inch laptop while two open pockets take a notebook and a travel card."
ay-000031,Laptop Bag 'SOLENNE',Deep bordeaux leather with a wide top zip and a structured base. The padded 14-inch compartment sits behind a lined section that keeps documents flat and uncreased.,Liebeskind Berlin,women,Business & laptop bags,Accessories|Bags & backpacks|Bags|Business & laptop bags,bordeaux,Leather,true,199.00,,,true,4.5,61,ONE SIZE,https://pub-2e4a163f7e1b4ee49c544ba33966ad8e.r2.dev/catalog/ay-000031-1.jpg,Laptop Bag 'SOLENNE' Liebeskind Berlin Business & laptop bags Deep bordeaux leather with a wide top zip and a structured base. The padded 14-inch compartment sits behind a lined section that keeps documents flat and uncreased.
ay-000032,Briefcase 'MAYFAIR',"A formal black case with a polished frame and a short leather handle. Built for professionals who present for a living, it holds a slim laptop, a tablet and a stack of documents.",BOSS,men,Business & laptop bags,Accessories|Bags & backpacks|Bags|Business & laptop bags,black,Leather,true,322.15,379.00,15,true,4.8,34,ONE SIZE,https://pub-2e4a163f7e1b4ee49c544ba33966ad8e.r2.dev/catalog/ay-000032-1.jpg,"Briefcase 'MAYFAIR' BOSS Business & laptop bags A formal black case with a polished frame and a short leather handle. Built for professionals who present for a living, it holds a slim laptop, a tablet and a stack of documents."
ay-000033,Laptop Backpack 'FJORD',A tall navy backpack with signature striped webbing and a padded 16-inch compartment. Breathable shoulder straps and a firm back panel make it a comfortable daily commuter.,Tommy Hilfiger,men,Business & laptop bags,Accessories|Bags & backpacks|Bags|Business & laptop bags,navy,Recycled polyester,false,129.90,,,true,4.4,256,ONE SIZE,https://pub-2e4a163f7e1b4ee49c544ba33966ad8e.r2.dev/catalog/ay-000033-1.jpg,Laptop Backpack 'FJORD' Tommy Hilfiger Business & laptop bags A tall navy backpack with signature striped webbing and a padded 16-inch compartment. Breathable shoulder straps and a firm back panel make it a comfortable daily commuter.
ay-000034,Work Tote 'CAMILLA',A generous black leather shopper with a padded laptop sleeve and a removable pouch for small items. It has the presence of a designer piece and the capacity of a briefcase.,Liebeskind Berlin,women,Business & laptop bags,Accessories|Bags & backpacks|Bags|Business & laptop bags,black,Leather,true,209.00,,,false,4.6,48,ONE SIZE,https://pub-2e4a163f7e1b4ee49c544ba33966ad8e.r2.dev/catalog/ay-000034-1.jpg,Work Tote 'CAMILLA' Liebeskind Berlin Business & laptop bags A generous black leather shopper with a padded laptop sleeve and a removable pouch for small items. It has the presence of a designer piece and the capacity of a briefcase.
ay-000035,Bum Bag 'PALMA',"A glossy black belt bag with a wide adjustable strap that can be worn at the waist or across the chest. The bag holds a phone, keys and a card case and nothing more.",Guess,women,Bum bags,Accessories|Bags & backpacks|Bags|Bum bags,black,Faux leather,false,49.90,,,true,4.2,168,ONE SIZE,https://pub-2e4a163f7e1b4ee49c544ba33966ad8e.r2.dev/catalog/ay-000035-1.jpg,"Bum Bag 'PALMA' Guess Bum bags A glossy black belt bag with a wide adjustable strap that can be worn at the waist or across the chest. The bag holds a phone, keys and a card case and nothing more."
ay-000036,Bum Bag 'TRACK',A sporty grey nylon bag with two zipped pockets and reflective piping. Wear the bag high on the chest for cycling or low on the hip for a night out.,Diesel,men,Bum bags,Accessories|Bags & backpacks|Bags|Bum bags,grey,Nylon,false,44.93,59.90,25,true,4.0,91,ONE SIZE,https://pub-2e4a163f7e1b4ee49c544ba33966ad8e.r2.dev/catalog/ay-000036-1.jpg,Bum Bag 'TRACK' Diesel Bum bags A sporty grey nylon bag with two zipped pockets and reflective piping. Wear the bag high on the chest for cycling or low on the hip for a night out.
ay-000037,Bum Bag 'MINI TOMMY',"A small navy bag scaled for children, with a bright logo and a strap that grows with them. Big enough for a snack, a pocket-money purse and a favourite toy.",Tommy Hilfiger,kids,Bum bags,Accessories|Bags & backpacks|Bags|Bum bags,navy,Recycled polyester,false,34.90,,,true,4.3,77,ONE SIZE,https://pub-2e4a163f7e1b4ee49c544ba33966ad8e.r2.dev/catalog/ay-000037-1.jpg,"Bum Bag 'MINI TOMMY' Tommy Hilfiger Bum bags A small navy bag scaled for children, with a bright logo and a strap that grows with them. Big enough for a snack, a pocket-money purse and a favourite toy."
ay-000038,Bum Bag 'ASTORIA',"A cream-coloured bag with soft pleats and a gold buckle, worn as a belt bag over a knit dress. The lined interior has a slip pocket for cards and a hook for keys.",Kapten & Son,women,Bum bags,Accessories|Bags & backpacks|Bags|Bum bags,cream,Faux leather,false,44.90,,,true,,,ONE SIZE,https://pub-2e4a163f7e1b4ee49c544ba33966ad8e.r2.dev/catalog/ay-000038-1.jpg,"Bum Bag 'ASTORIA' Kapten & Son Bum bags A cream-coloured bag with soft pleats and a gold buckle, worn as a belt bag over a knit dress. The lined interior has a slip pocket for cards and a hook for keys."
ay-000039,Backpack 'VESTA',"A rounded beige backpack with leather straps and a fold-over flap. The bag suits lectures and weekend trips alike, with a padded back panel and a zipped valuables pocket.",Kapten & Son,women,Backpacks,Accessories|Bags & backpacks|Bags|Backpacks,beige,Recycled polyester,false,89.90,,,true,4.4,203,ONE SIZE,https://pub-2e4a163f7e1b4ee49c544ba33966ad8e.r2.dev/catalog/ay-000039-1.jpg,"Backpack 'VESTA' Kapten & Son Backpacks A rounded beige backpack with leather straps and a fold-over flap. The bag suits lectures and weekend trips alike, with a padded back panel and a zipped valuables pocket."
ay-000040,Backpack 'DOWNTOWN',"A tough black nylon bag with industrial zips and a boxy shape. Two mesh side pockets take bottles, and the roomy main section handles a gym kit or a full grocery run.",Diesel,men,Backpacks,Accessories|Bags & backpacks|Bags|Backpacks,black,Nylon,false,76.93,109.90,30,true,4.1,148,ONE SIZE,https://pub-2e4a163f7e1b4ee49c544ba33966ad8e.r2.dev/catalog/ay-000040-1.jpg,"Backpack 'DOWNTOWN' Diesel Backpacks A tough black nylon bag with industrial zips and a boxy shape. Two mesh side pockets take bottles, and the roomy main section handles a gym kit or a full grocery run."
ay-000041,Backpack 'ROVER',"Khaki canvas with leather pulls and a drawstring closure under the flap. This is a relaxed weekend bag for hikes, markets and long train journeys. Leather ages into the canvas over time, so the bag looks better in its third year than its first.",Camel Active,men,Backpacks,Accessories|Bags & backpacks|Bags|Backpacks,khaki,Cotton canvas,false,79.90,,,true,4.2,96,ONE SIZE,https://pub-2e4a163f7e1b4ee49c544ba33966ad8e.r2.dev/catalog/ay-000041-1.jpg,"Backpack 'ROVER' Camel Active Backpacks Khaki canvas with leather pulls and a drawstring closure under the flap. This is a relaxed weekend bag for hikes, markets and long train journeys. Leather ages into the canvas over time, so the bag looks better in its third year than its first."
ay-000042,Backpack 'BUBBLE',"A lightweight lilac bag with padded straps and a name tag inside. Made for nursery and primary school, the bag fits a lunch box, a drink and a change of clothes.",ABOUT YOU,kids,Backpacks,Accessories|Bags & backpacks|Bags|Backpacks,lilac,Recycled polyester,false,29.90,,,true,4.0,214,ONE SIZE,https://pub-2e4a163f7e1b4ee49c544ba33966ad8e.r2.dev/catalog/ay-000042-1.jpg,"Backpack 'BUBBLE' ABOUT YOU Backpacks A lightweight lilac bag with padded straps and a name tag inside. Made for nursery and primary school, the bag fits a lunch box, a drink and a change of clothes."
ay-000043,Backpack 'NORDIC',"A plain black backpack with a roomy main section and a front zip pocket. The bag is light, water-repellent and cheap enough to treat as an everyday workhorse.",ABOUT YOU,men,Backpacks,Accessories|Bags & backpacks|Bags|Backpacks,black,Recycled polyester,false,31.92,39.90,20,true,3.9,287,ONE SIZE,https://pub-2e4a163f7e1b4ee49c544ba33966ad8e.r2.dev/catalog/ay-000043-1.jpg,"Backpack 'NORDIC' ABOUT YOU Backpacks A plain black backpack with a roomy main section and a front zip pocket. The bag is light, water-repellent and cheap enough to treat as an everyday workhorse."
ay-000044,Backpack 'STELLAR',"A metallic silver bag with quilted panels and chain-trimmed straps. More of a going-out piece than a hiking bag, it still swallows a tablet and a small make-up pouch.",Guess,women,Backpacks,Accessories|Bags & backpacks|Bags|Backpacks,silver,Faux leather,false,99.90,,,false,4.3,68,ONE SIZE,https://pub-2e4a163f7e1b4ee49c544ba33966ad8e.r2.dev/catalog/ay-000044-1.jpg,"Backpack 'STELLAR' Guess Backpacks A metallic silver bag with quilted panels and chain-trimmed straps. More of a going-out piece than a hiking bag, it still swallows a tablet and a small make-up pouch."
ay-000045,Shoulder Bag 'ELINA',A softly draping taupe leather bag with a single wide strap and a hidden magnetic closure. The bag settles under the arm and pairs easily with tailoring or denim.,Coccinelle,women,Shoulder bags,Accessories|Bags & backpacks|Bags|Shoulder bags,taupe,Leather,true,279.00,,,true,4.7,52,ONE SIZE,https://pub-2e4a163f7e1b4ee49c544ba33966ad8e.r2.dev/catalog/ay-000045-1.jpg,Shoulder Bag 'ELINA' Coccinelle Shoulder bags A softly draping taupe leather bag with a single wide strap and a hidden magnetic closure. The bag settles under the arm and pairs easily with tailoring or denim.
ay-000046,Shoulder Bag 'BAGUETTE',"A slim black bag with a short strap and a logo-embossed flap, cut in the classic nineties baguette shape. Just deep enough for a phone, a compact and a card holder.",Guess,women,Shoulder bags,Accessories|Bags & backpacks|Bags|Shoulder bags,black,Faux leather,false,52.43,69.90,25,true,4.1,176,ONE SIZE,https://pub-2e4a163f7e1b4ee49c544ba33966ad8e.r2.dev/catalog/ay-000046-1.jpg,"Shoulder Bag 'BAGUETTE' Guess Shoulder bags A slim black bag with a short strap and a logo-embossed flap, cut in the classic nineties baguette shape. Just deep enough for a phone, a compact and a card holder."
ay-000047,Shoulder Bag 'HANNA',"Vegetable-tanned cognac leather that patinas beautifully, shaped into a soft hobo bag. One large section and a zipped inner pocket keep daily essentials easy to find. The strap is wide enough to carry a full load without cutting into the shoulder.",Liebeskind Berlin,women,Shoulder bags,Accessories|Bags & backpacks|Bags|Shoulder bags,cognac,Leather,false,139.90,,,true,4.5,121,ONE SIZE,https://pub-2e4a163f7e1b4ee49c544ba33966ad8e.r2.dev/catalog/ay-000047-1.jpg,"Shoulder Bag 'HANNA' Liebeskind Berlin Shoulder bags Vegetable-tanned cognac leather that patinas beautifully, shaped into a soft hobo bag. One large section and a zipped inner pocket keep daily essentials easy to find. The strap is wide enough to carry a full load without cutting into the shoulder."
ay-000048,Shoulder Bag 'MARTA',"A slouchy chocolate suede-look bag with a knotted strap and a magnetic clasp. The bag works for autumn days when a coat, a scarf and a paperback are all in play.",ABOUT YOU,women,Shoulder bags,Accessories|Bags & backpacks|Bags|Shoulder bags,chocolate,Faux suede,false,44.90,,,true,4.0,239,ONE SIZE,https://pub-2e4a163f7e1b4ee49c544ba33966ad8e.r2.dev/catalog/ay-000048-1.jpg,"Shoulder Bag 'MARTA' ABOUT YOU Shoulder bags A slouchy chocolate suede-look bag with a knotted strap and a magnetic clasp. The bag works for autumn days when a coat, a scarf and a paperback are all in play."
ay-000049,Handbag 'VICTORIA',"A structured black leather bag with polished gold feet and a detachable strap. The handbag holds its shape when set down, which makes it a reliable choice for formal occasions.",Lauren Ralph Lauren,women,Handbags,Accessories|Bags & backpacks|Bags|Handbags,black,Leather,true,329.00,,,true,4.7,88,ONE SIZE,https://pub-2e4a163f7e1b4ee49c544ba33966ad8e.r2.dev/catalog/ay-000049-1.jpg,"Handbag 'VICTORIA' Lauren Ralph Lauren Handbags A structured black leather bag with polished gold feet and a detachable strap. The handbag holds its shape when set down, which makes it a reliable choice for formal occasions."
ay-000050,Handbag 'CAMELLIA',"Powder pink calfskin with a rolled top handle and a suede-lined interior. A refined handbag for spring events, small enough to carry gracefully through a long evening.",Coccinelle,women,Handbags,Accessories|Bags & backpacks|Bags|Handbags,powder,Leather,true,207.20,259.00,20,true,4.6,44,ONE SIZE,https://pub-2e4a163f7e1b4ee49c544ba33966ad8e.r2.dev/catalog/ay-000050-1.jpg,"Handbag 'CAMELLIA' Coccinelle Handbags Powder pink calfskin with a rolled top handle and a suede-lined interior. A refined handbag for spring events, small enough to carry gracefully through a long evening."
ay-000051,Handbag 'ROSIE',"A mid-size cognac handbag with quilted panels and a logo charm on the handle. Three inner sections keep a purse, a phone and a set of keys neatly separated.",Guess,women,Handbags,Accessories|Bags & backpacks|Bags|Handbags,cognac,Faux leather,true,89.90,,,true,4.0,265,ONE SIZE,https://pub-2e4a163f7e1b4ee49c544ba33966ad8e.r2.dev/catalog/ay-000051-1.jpg,"Handbag 'ROSIE' Guess Handbags A mid-size cognac handbag with quilted panels and a logo charm on the handle. Three inner sections keep a purse, a phone and a set of keys neatly separated."
ay-000052,Handbag 'AUDREY',"A neat navy bag with short handles, a top zip and a discreet silver clasp. It carries a diary, a purse and a pair of reading glasses without ever looking bulky.",MORE & MORE,women,Handbags,Accessories|Bags & backpacks|Bags|Handbags,navy,Faux leather,false,55.93,79.90,30,true,4.2,113,ONE SIZE,https://pub-2e4a163f7e1b4ee49c544ba33966ad8e.r2.dev/catalog/ay-000052-1.jpg,"Handbag 'AUDREY' MORE & MORE Handbags A neat navy bag with short handles, a top zip and a discreet silver clasp. It carries a diary, a purse and a pair of reading glasses without ever looking bulky."
ay-000053,Tote Bag 'MARINA',A heavy ecru cotton bag with long handles and a small inner pocket. This is the tote bag you keep folded in a coat pocket for the market and the bakery run.,ABOUT YOU,men,Tote bags,Accessories|Bags & backpacks|Bags|Tote bags,ecru,Organic cotton,false,24.90,,,true,4.1,342,ONE SIZE,https://pub-2e4a163f7e1b4ee49c544ba33966ad8e.r2.dev/catalog/ay-000053-1.jpg,Tote Bag 'MARINA' ABOUT YOU Tote bags A heavy ecru cotton bag with long handles and a small inner pocket. This is the tote bag you keep folded in a coat pocket for the market and the bakery run.
ay-000054,Tote Bag 'SUNSET',"A woven straw beach bag with leather-look handles and a drawstring top. Roomy enough for a towel, a book and sun cream on a long afternoon by the water.",NA-KD,women,Tote bags,Accessories|Bags & backpacks|Bags|Tote bags,sand,Straw,false,39.92,49.90,20,true,4.3,97,ONE SIZE,https://pub-2e4a163f7e1b4ee49c544ba33966ad8e.r2.dev/catalog/ay-000054-1.jpg,"Tote Bag 'SUNSET' NA-KD Tote bags A woven straw beach bag with leather-look handles and a drawstring top. Roomy enough for a towel, a book and sun cream on a long afternoon by the water."
ay-000055,Tote Bag 'CARRIER',"A large black shopper bag with a debossed logo and a removable inner pouch. The soft sides collapse flat, which makes the bag easy to pack for a weekend away.",Calvin Klein,women,Tote bags,Accessories|Bags & backpacks|Bags|Tote bags,black,Faux leather,false,99.90,,,true,4.2,154,ONE SIZE,https://pub-2e4a163f7e1b4ee49c544ba33966ad8e.r2.dev/catalog/ay-000055-1.jpg,"Tote Bag 'CARRIER' Calvin Klein Tote bags A large black shopper bag with a debossed logo and a removable inner pouch. The soft sides collapse flat, which makes the bag easy to pack for a weekend away."
ay-000056,Dress 'AMALFI',A flowing cobalt viscose dress with a wrap front and a tie at the waist. The soft drape and midi length make it an easy choice for summer weddings and garden parties.,VERO MODA,women,Dresses,Clothing|Dresses,cobalt,Viscose,false,49.90,,,true,4.3,287,XS|S|M|L|XL,https://pub-2e4a163f7e1b4ee49c544ba33966ad8e.r2.dev/catalog/ay-000056-1.jpg,Dress 'AMALFI' VERO MODA Dresses A flowing cobalt viscose dress with a wrap front and a tie at the waist. The soft drape and midi length make it an easy choice for summer weddings and garden parties.
ay-000057,Dress 'HALDEN',A fitted black jersey dress with long sleeves and a subtle ruched side seam. Comfortable enough for a full day and smart enough to wear straight out to dinner.,ONLY,women,Dresses,Clothing|Dresses,black,Jersey,false,27.92,34.90,20,true,4.1,512,XS|S|M|L|XL,https://pub-2e4a163f7e1b4ee49c544ba33966ad8e.r2.dev/catalog/ay-000057-1.jpg,Dress 'HALDEN' ONLY Dresses A fitted black jersey dress with long sleeves and a subtle ruched side seam. Comfortable enough for a full day and smart enough to wear straight out to dinner.
ay-000058,Dress 'PRIMROSE',Layered sage chiffon with a smocked bodice and short puff sleeves. The lining stops just above the knee while the outer skirt falls softly to mid calf.,VILA,women,Dresses,Clothing|Dresses,sage,Chiffon,false,59.90,,,true,4.4,176,XS|S|M|L|XL,https://pub-2e4a163f7e1b4ee49c544ba33966ad8e.r2.dev/catalog/ay-000058-1.jpg,Dress 'PRIMROSE' VILA Dresses Layered sage chiffon with a smocked bodice and short puff sleeves. The lining stops just above the knee while the outer skirt falls softly to mid calf.
ay-000059,Dress 'LINEA',"A washed linen shirt dress in cream with a self-tie belt and dropped shoulders. Linen creases as it should, which gives the dress its relaxed holiday character.",millane,women,Dresses,Clothing|Dresses,cream,Linen,false,79.90,,,true,4.5,94,XS|S|M|L|XL,https://pub-2e4a163f7e1b4ee49c544ba33966ad8e.r2.dev/catalog/ay-000059-1.jpg,"Dress 'LINEA' millane Dresses A washed linen shirt dress in cream with a self-tie belt and dropped shoulders. Linen creases as it should, which gives the dress its relaxed holiday character."
ay-000060,Dress 'MARLOWE',"A navy matte jersey gown with a draped neckline and a slim column skirt. Tailored seams shape the waist, making it a dependable option for black-tie evenings.",Lauren Ralph Lauren,women,Dresses,Clothing|Dresses,navy,Jersey,true,199.00,,,true,4.6,63,XS|S|M|L|XL,https://pub-2e4a163f7e1b4ee49c544ba33966ad8e.r2.dev/catalog/ay-000060-1.jpg,"Dress 'MARLOWE' Lauren Ralph Lauren Dresses A navy matte jersey gown with a draped neckline and a slim column skirt. Tailored seams shape the waist, making it a dependable option for black-tie evenings."
ay-000061,Dress 'SIENNA',"A bias-cut satin slip dress in a soft leopard print, with fine adjustable straps. Layer it over a t-shirt in winter or wear it alone with sandals in July.",NA-KD,women,Dresses,Clothing|Dresses,leopard,Satin,false,48.93,69.90,30,true,4.0,148,XS|S|M|L|XL,https://pub-2e4a163f7e1b4ee49c544ba33966ad8e.r2.dev/catalog/ay-000061-1.jpg,"Dress 'SIENNA' NA-KD Dresses A bias-cut satin slip dress in a soft leopard print, with fine adjustable straps. Layer it over a t-shirt in winter or wear it alone with sandals in July."
ay-000062,Dress 'BIRK',"Crisp white poplin with broderie panels along the yoke and a gently gathered skirt. A light, breathable dress that survives a hot day and a long train journey.",PIECES,women,Dresses,Clothing|Dresses,white,Cotton poplin,false,44.90,,,true,4.2,205,XS|S|M|L|XL,https://pub-2e4a163f7e1b4ee49c544ba33966ad8e.r2.dev/catalog/ay-000062-1.jpg,"Dress 'BIRK' PIECES Dresses Crisp white poplin with broderie panels along the yoke and a gently gathered skirt. A light, breathable dress that survives a hot day and a long train journey."
ay-000063,Dress 'ELDORA',"Deep burgundy velvet with a square neckline and a fitted bodice. The dress catches the light beautifully and was made with December parties in mind. A concealed zip runs down the back seam, and the velvet is dense enough to hold its shape.",RÆRE by Lorena Rae,women,Dresses,Clothing|Dresses,burgundy,Velvet,false,89.90,,,false,4.4,71,XS|S|M|L|XL,https://pub-2e4a163f7e1b4ee49c544ba33966ad8e.r2.dev/catalog/ay-000063-1.jpg,"Dress 'ELDORA' RÆRE by Lorena Rae Dresses Deep burgundy velvet with a square neckline and a fitted bodice. The dress catches the light beautifully and was made with December parties in mind. A concealed zip runs down the back seam, and the velvet is dense enough to hold its shape."
ay-000064,Dress 'JUNI',A casual denim dress with a button placket and patch pockets at the hip. Cotton with a hint of stretch keeps it comfortable on days spent mostly on foot.,JDY,women,Dresses,Clothing|Dresses,denim blue,Cotton,false,29.93,39.90,25,true,3.9,233,XS|S|M|L|XL,https://pub-2e4a163f7e1b4ee49c544ba33966ad8e.r2.dev/catalog/ay-000064-1.jpg,Dress 'JUNI' JDY Dresses A casual denim dress with a button placket and patch pockets at the hip. Cotton with a hint of stretch keeps it comfortable on days spent mostly on foot.
ay-000065,Dress 'AURELIA',"An emerald crepe midi with a pleated skirt and a tie belt that defines the waist. The fabric hangs cleanly and resists creasing, which makes it good for travel.",MORE & MORE,women,Dresses,Clothing|Dresses,emerald,Crepe,false,99.90,,,true,4.3,88,XS|S|M|L|XL,https://pub-2e4a163f7e1b4ee49c544ba33966ad8e.r2.dev/catalog/ay-000065-1.jpg,"Dress 'AURELIA' MORE & MORE Dresses An emerald crepe midi with a pleated skirt and a tie belt that defines the waist. The fabric hangs cleanly and resists creasing, which makes it good for travel."
ay-000066,Dress 'TESSA',"A simple black viscose dress with a V-neck and elbow-length sleeves. An affordable staple that layers under cardigans and over long-sleeved tops in colder months. The seams sit flat, so nothing shows through a thin coat.",ABOUT YOU,women,Dresses,Clothing|Dresses,black,Viscose,false,29.90,,,true,4.0,476,XS|S|M|L|XL,https://pub-2e4a163f7e1b4ee49c544ba33966ad8e.r2.dev/catalog/ay-000066-1.jpg,"Dress 'TESSA' ABOUT YOU Dresses A simple black viscose dress with a V-neck and elbow-length sleeves. An affordable staple that layers under cardigans and over long-sleeved tops in colder months. The seams sit flat, so nothing shows through a thin coat."
ay-000067,Dress 'PIPPA',"A bright yellow cotton dress with a smocked chest and short ruffled sleeves. Machine washable and soft against the skin, it holds up to playground use. There is a small pocket on each side, which children seem to consider essential.",ABOUT YOU,kids,Dresses,Clothing|Dresses,yellow,Cotton,false,19.92,24.90,20,true,4.2,119,110|116|122|128,https://pub-2e4a163f7e1b4ee49c544ba33966ad8e.r2.dev/catalog/ay-000067-1.jpg,"Dress 'PIPPA' ABOUT YOU Dresses A bright yellow cotton dress with a smocked chest and short ruffled sleeves. Machine washable and soft against the skin, it holds up to playground use. There is a small pocket on each side, which children seem to consider essential."
ay-000068,Jeans 'ROXY',A high-waisted straight leg in a mid-blue wash with a touch of stretch. The rigid-feeling denim holds its shape through the day without digging in at the waistband.,Mavi,women,Jeans,Clothing|Jeans,mid blue,Denim,false,79.90,,,true,4.4,318,25|26|27|28|29|30|31,https://pub-2e4a163f7e1b4ee49c544ba33966ad8e.r2.dev/catalog/ay-000068-1.jpg,Jeans 'ROXY' Mavi Jeans A high-waisted straight leg in a mid-blue wash with a touch of stretch. The rigid-feeling denim holds its shape through the day without digging in at the waistband.
ay-000069,Jeans 'EMILY',"Light-wash skinny jeans with a mid rise and a soft, elastic denim. Whiskering at the hip gives the pair a worn-in look straight out of the packaging.",ONLY,women,Jeans,Clothing|Jeans,light blue,Denim,false,29.93,39.90,25,true,4.2,604,25|26|27|28|29|30|31,https://pub-2e4a163f7e1b4ee49c544ba33966ad8e.r2.dev/catalog/ay-000069-1.jpg,"Jeans 'EMILY' ONLY Jeans Light-wash skinny jeans with a mid rise and a soft, elastic denim. Whiskering at the hip gives the pair a worn-in look straight out of the packaging."
ay-000070,Jeans 'YVES',A dark indigo slim fit in rigid denim with a clean finish and no distressing. The straight thigh and slightly tapered leg sit well over both trainers and boots.,Mavi,men,Jeans,Clothing|Jeans,dark blue,Denim,false,89.90,,,true,4.5,241,29|30|31|32|33|34|36,https://pub-2e4a163f7e1b4ee49c544ba33966ad8e.r2.dev/catalog/ay-000070-1.jpg,Jeans 'YVES' Mavi Jeans A dark indigo slim fit in rigid denim with a clean finish and no distressing. The straight thigh and slightly tapered leg sit well over both trainers and boots.
ay-000071,Jeans 'BAGGY',Wide-leg ecru jeans with a long rise and a puddling hem. Made from stiff cotton denim that softens after a few washes and keeps its volume. The high waist sits at the narrowest point and stays there through the day.,NA-KD,women,Jeans,Clothing|Jeans,ecru,Denim,false,69.90,,,true,4.1,157,25|26|27|28|29|30|31,https://pub-2e4a163f7e1b4ee49c544ba33966ad8e.r2.dev/catalog/ay-000071-1.jpg,Jeans 'BAGGY' NA-KD Jeans Wide-leg ecru jeans with a long rise and a puddling hem. Made from stiff cotton denim that softens after a few washes and keeps its volume. The high waist sits at the narrowest point and stays there through the day.
ay-000072,Jeans 'DALLAS',"A tapered black jean with a coated finish that gives a subtle sheen. The narrow ankle suits chunky boots, and the deep pockets take a phone without gaping.",Diesel,men,Jeans,Clothing|Jeans,black,Denim,false,90.93,129.90,30,true,4.3,128,29|30|31|32|33|34|36,https://pub-2e4a163f7e1b4ee49c544ba33966ad8e.r2.dev/catalog/ay-000072-1.jpg,"Jeans 'DALLAS' Diesel Jeans A tapered black jean with a coated finish that gives a subtle sheen. The narrow ankle suits chunky boots, and the deep pockets take a phone without gaping."
ay-000073,Jeans 'CARGO',"Utility jeans in olive twill with flap pockets on the thigh and a drawstring hem. Roomier than a standard cut, they wear well with a fitted top.",PIECES,women,Jeans,Clothing|Jeans,olive,Cotton twill,false,49.90,,,true,3.9,186,25|26|27|28|29|30|31,https://pub-2e4a163f7e1b4ee49c544ba33966ad8e.r2.dev/catalog/ay-000073-1.jpg,"Jeans 'CARGO' PIECES Jeans Utility jeans in olive twill with flap pockets on the thigh and a drawstring hem. Roomier than a standard cut, they wear well with a fitted top."
ay-000074,Jeans 'TOM',"A regular fit in washed grey denim with a comfortable mid rise. Everyday jeans in an unfussy cut, cotton with two per cent elastane for a little give.",s.Oliver,men,Jeans,Clothing|Jeans,grey,Denim,false,59.90,,,true,4.2,209,29|30|31|32|33|34|36,https://pub-2e4a163f7e1b4ee49c544ba33966ad8e.r2.dev/catalog/ay-000074-1.jpg,"Jeans 'TOM' s.Oliver Jeans A regular fit in washed grey denim with a comfortable mid rise. Everyday jeans in an unfussy cut, cotton with two per cent elastane for a little give."
ay-000075,Jeans 'MINI ROXY',"Kids' straight-leg jeans with an adjustable elastic waistband inside. Reinforced knees and soft stretch denim make them practical for school and weekends. Five real pockets, a proper zip fly and a wash that hides most of what a school day involves.",Mavi,kids,Jeans,Clothing|Jeans,mid blue,Denim,false,39.90,,,true,4.3,96,110|116|122|128,https://pub-2e4a163f7e1b4ee49c544ba33966ad8e.r2.dev/catalog/ay-000075-1.jpg,"Jeans 'MINI ROXY' Mavi Jeans Kids' straight-leg jeans with an adjustable elastic waistband inside. Reinforced knees and soft stretch denim make them practical for school and weekends. Five real pockets, a proper zip fly and a wash that hides most of what a school day involves."
ay-000076,Jeans 'FLARE',"A seventies-leaning flare with a high waist and a long, clean leg line. The dark rinse dresses up easily with a heel and a fitted knit. A slim thigh keeps the silhouette clean before the leg opens out below the knee.",VERO MODA,women,Jeans,Clothing|Jeans,dark blue,Denim,false,43.92,54.90,20,true,4.0,272,25|26|27|28|29|30|31,https://pub-2e4a163f7e1b4ee49c544ba33966ad8e.r2.dev/catalog/ay-000076-1.jpg,"Jeans 'FLARE' VERO MODA Jeans A seventies-leaning flare with a high waist and a long, clean leg line. The dark rinse dresses up easily with a heel and a fitted knit. A slim thigh keeps the silhouette clean before the leg opens out below the knee."
ay-000077,Top 'BASIC',A plain white cotton t-shirt with a round neck and a slightly boxy cut. The kind of top bought three at a time and worn until it falls apart.,ONLY,women,Tops,Clothing|Tops,white,Organic cotton,false,14.90,,,true,4.3,891,XS|S|M|L|XL,https://pub-2e4a163f7e1b4ee49c544ba33966ad8e.r2.dev/catalog/ay-000077-1.jpg,Top 'BASIC' ONLY Tops A plain white cotton t-shirt with a round neck and a slightly boxy cut. The kind of top bought three at a time and worn until it falls apart.
ay-000078,Top 'RIBBED',A close-fitting ribbed top in black with narrow straps and a scoop neck. It layers under blazers and shirts without adding any bulk at the shoulder. The rib recovers its shape after washing rather than stretching out at the neck.,PIECES,women,Tops,Clothing|Tops,black,Cotton blend,false,15.92,19.90,20,true,4.1,447,XS|S|M|L|XL,https://pub-2e4a163f7e1b4ee49c544ba33966ad8e.r2.dev/catalog/ay-000078-1.jpg,Top 'RIBBED' PIECES Tops A close-fitting ribbed top in black with narrow straps and a scoop neck. It layers under blazers and shirts without adding any bulk at the shoulder. The rib recovers its shape after washing rather than stretching out at the neck.
ay-000079,Top 'LINEN TEE',"A soft, slightly sheer linen tee in pale sky blue with dropped shoulders. The relaxed shape and open weave make it a good choice for genuinely hot weather.",American Vintage,women,Tops,Clothing|Tops,sky,Linen,false,44.90,,,true,4.5,132,XS|S|M|L|XL,https://pub-2e4a163f7e1b4ee49c544ba33966ad8e.r2.dev/catalog/ay-000079-1.jpg,"Top 'LINEN TEE' American Vintage Tops A soft, slightly sheer linen tee in pale sky blue with dropped shoulders. The relaxed shape and open weave make it a good choice for genuinely hot weather."
ay-000080,Top 'STRIPE',A navy and white striped t-shirt in mid-weight cotton with a ribbed collar. A classic Breton cut that works with chinos as easily as with jeans. The cotton is heavy enough that the stripes stay crisp instead of bleeding.,s.Oliver,men,Tops,Clothing|Tops,navy,Cotton,false,24.90,,,true,4.2,263,XS|S|M|L|XL,https://pub-2e4a163f7e1b4ee49c544ba33966ad8e.r2.dev/catalog/ay-000080-1.jpg,Top 'STRIPE' s.Oliver Tops A navy and white striped t-shirt in mid-weight cotton with a ribbed collar. A classic Breton cut that works with chinos as easily as with jeans. The cotton is heavy enough that the stripes stay crisp instead of bleeding.
ay-000081,Top 'COMET',A petrol blue long-sleeved top with a glow-in-the-dark space print across the chest. The organic cotton is soft against the skin and the neckline is cut wide enough to pull on without a fight.,ABOUT YOU,kids,Tops,Clothing|Tops,petrol,Organic cotton,false,13.52,16.90,20,true,4.2,173,110|116|122|128,https://pub-2e4a163f7e1b4ee49c544ba33966ad8e.r2.dev/catalog/ay-000081-1.jpg,Top 'COMET' ABOUT YOU Tops A petrol blue long-sleeved top with a glow-in-the-dark space print across the chest. The organic cotton is soft against the skin and the neckline is cut wide enough to pull on without a fight.
ay-000082,Top 'OVERSIZE',"A heavy sand-coloured cotton tee with a dropped shoulder and a boxy body. Thick enough to hold its shape and survive a hot wash without warping. The neck ribbing is doubled, which stops it going slack after a season.",NU-IN,men,Tops,Clothing|Tops,sand,Organic cotton,false,34.90,,,true,4.4,176,XS|S|M|L|XL,https://pub-2e4a163f7e1b4ee49c544ba33966ad8e.r2.dev/catalog/ay-000082-1.jpg,"Top 'OVERSIZE' NU-IN Tops A heavy sand-coloured cotton tee with a dropped shoulder and a boxy body. Thick enough to hold its shape and survive a hot wash without warping. The neck ribbing is doubled, which stops it going slack after a season."
ay-000083,Top 'BLOSSOM',"A floaty rose top with tie shoulders and a gently gathered neckline. Light viscose that moves with you, cut short enough to sit above a high waistband.",VILA,women,Tops,Clothing|Tops,rose,Viscose,false,27.90,,,true,,,XS|S|M|L|XL,https://pub-2e4a163f7e1b4ee49c544ba33966ad8e.r2.dev/catalog/ay-000083-1.jpg,"Top 'BLOSSOM' VILA Tops A floaty rose top with tie shoulders and a gently gathered neckline. Light viscose that moves with you, cut short enough to sit above a high waistband."
ay-000084,Top 'DINO',"A green cotton t-shirt with a printed dinosaur across the chest. Soft, pre-shrunk and made to go through the washing machine several times a week. The print is screen-printed rather than applied as a transfer, so it does not crack.",ABOUT YOU,kids,Tops,Clothing|Tops,green,Organic cotton,false,10.32,12.90,20,true,4.4,288,110|116|122|128,https://pub-2e4a163f7e1b4ee49c544ba33966ad8e.r2.dev/catalog/ay-000084-1.jpg,"Top 'DINO' ABOUT YOU Tops A green cotton t-shirt with a printed dinosaur across the chest. Soft, pre-shrunk and made to go through the washing machine several times a week. The print is screen-printed rather than applied as a transfer, so it does not crack."
ay-000085,Top 'RACER',"A red sleeveless top with contrast piping at the arms and neck. Light cotton for summer holidays, cut generously so it lasts more than one season. Sold in a wide range of sizes, and the seams are covered to avoid rubbing.",ABOUT YOU,kids,Tops,Clothing|Tops,red,Cotton,false,11.90,,,true,4.1,154,110|116|122|128,https://pub-2e4a163f7e1b4ee49c544ba33966ad8e.r2.dev/catalog/ay-000085-1.jpg,"Top 'RACER' ABOUT YOU Tops A red sleeveless top with contrast piping at the arms and neck. Light cotton for summer holidays, cut generously so it lasts more than one season. Sold in a wide range of sizes, and the seams are covered to avoid rubbing."
ay-000086,Pants 'MILAN',"Tailored black trousers with a pressed crease and a straight leg. The crepe holds a sharp line all day, which makes them a dependable choice for formal settings.",MORE & MORE,women,Pants,Clothing|Pants,black,Crepe,false,69.90,,,true,4.3,164,25|26|27|28|29|30|31,https://pub-2e4a163f7e1b4ee49c544ba33966ad8e.r2.dev/catalog/ay-000086-1.jpg,"Pants 'MILAN' MORE & MORE Pants Tailored black trousers with a pressed crease and a straight leg. The crepe holds a sharp line all day, which makes them a dependable choice for formal settings."
ay-000087,Pants 'CARGO',"Loose khaki cargo trousers with bellowed thigh pockets and an elastic hem. Sturdy twill that softens with wear, cut wide through the leg. There are six pockets in total, and the waistband takes a belt without bunching.",NU-IN,men,Pants,Clothing|Pants,khaki,Cotton twill,false,41.93,59.90,30,true,4.1,197,29|30|31|32|33|34|36,https://pub-2e4a163f7e1b4ee49c544ba33966ad8e.r2.dev/catalog/ay-000087-1.jpg,"Pants 'CARGO' NU-IN Pants Loose khaki cargo trousers with bellowed thigh pockets and an elastic hem. Sturdy twill that softens with wear, cut wide through the leg. There are six pockets in total, and the waistband takes a belt without bunching."
ay-000088,Pants 'LINO',Wide linen trousers with a drawstring waist and deep side pockets. They crumple in the way linen does and look better for it after a day out.,American Vintage,women,Pants,Clothing|Pants,ecru,Linen,false,89.90,,,true,4.4,87,25|26|27|28|29|30|31,https://pub-2e4a163f7e1b4ee49c544ba33966ad8e.r2.dev/catalog/ay-000088-1.jpg,Pants 'LINO' American Vintage Pants Wide linen trousers with a drawstring waist and deep side pockets. They crumple in the way linen does and look better for it after a day out.
ay-000089,Pants 'CHINO',"A slim navy chino with a flat front and a clean hem. Cotton with a little stretch, cut to work under a blazer or with a knitted polo.",s.Oliver,men,Pants,Clothing|Pants,navy,Cotton,false,49.90,,,true,4.2,312,29|30|31|32|33|34|36,https://pub-2e4a163f7e1b4ee49c544ba33966ad8e.r2.dev/catalog/ay-000089-1.jpg,"Pants 'CHINO' s.Oliver Pants A slim navy chino with a flat front and a clean hem. Cotton with a little stretch, cut to work under a blazer or with a knitted polo."
ay-000090,Pants 'PALAZZO',"Fluid camel palazzo trousers with a high elastic waist and a long, sweeping leg. Comfortable as loungewear but smart enough for a lunch out. Fully opaque despite the light weight, with a short lining through the hip.",VILA,women,Pants,Clothing|Pants,camel,Viscose,false,33.68,44.90,25,true,4.0,143,25|26|27|28|29|30|31,https://pub-2e4a163f7e1b4ee49c544ba33966ad8e.r2.dev/catalog/ay-000090-1.jpg,"Pants 'PALAZZO' VILA Pants Fluid camel palazzo trousers with a high elastic waist and a long, sweeping leg. Comfortable as loungewear but smart enough for a lunch out. Fully opaque despite the light weight, with a short lining through the hip."
ay-000091,Pants 'JOGGER',"Brushed grey joggers with ribbed cuffs and a drawstring waist. Warm inside, plain outside, and the two zipped pockets keep keys where they should be. The cuffs sit close at the ankle so the leg does not ride up when seated.",NU-IN,men,Pants,Clothing|Pants,grey,Cotton blend,false,39.90,,,true,4.3,258,29|30|31|32|33|34|36,https://pub-2e4a163f7e1b4ee49c544ba33966ad8e.r2.dev/catalog/ay-000091-1.jpg,"Pants 'JOGGER' NU-IN Pants Brushed grey joggers with ribbed cuffs and a drawstring waist. Warm inside, plain outside, and the two zipped pockets keep keys where they should be. The cuffs sit close at the ankle so the leg does not ride up when seated."
ay-000092,Pants 'SATIN',High-waisted satin trousers in champagne with a fluid drape and a straight leg. They catch the light at every step and pair naturally with a simple knit.,NA-KD,women,Pants,Clothing|Pants,champagne,Satin,false,54.90,,,false,3.9,76,25|26|27|28|29|30|31,https://pub-2e4a163f7e1b4ee49c544ba33966ad8e.r2.dev/catalog/ay-000092-1.jpg,Pants 'SATIN' NA-KD Pants High-waisted satin trousers in champagne with a fluid drape and a straight leg. They catch the light at every step and pair naturally with a simple knit.
ay-000093,Jacket 'DENIM',"A cropped denim jacket in a light stonewash with a boxy fit and metal buttons. The classic layer for spring, worn open over a dress or buttoned over a tee.",ONLY,women,Jackets,Clothing|Jackets,light blue,Denim,false,59.90,,,true,4.3,341,XS|S|M|L|XL,https://pub-2e4a163f7e1b4ee49c544ba33966ad8e.r2.dev/catalog/ay-000093-1.jpg,"Jacket 'DENIM' ONLY Jackets A cropped denim jacket in a light stonewash with a boxy fit and metal buttons. The classic layer for spring, worn open over a dress or buttoned over a tee."
ay-000094,Jacket 'BOMBER',A navy nylon bomber with ribbed trims and a striped tape at the sleeve. Light insulation makes it right for those weeks that are neither warm nor cold.,Tommy Hilfiger,men,Jackets,Clothing|Jackets,navy,Nylon,false,112.43,149.90,25,true,4.4,168,XS|S|M|L|XL,https://pub-2e4a163f7e1b4ee49c544ba33966ad8e.r2.dev/catalog/ay-000094-1.jpg,Jacket 'BOMBER' Tommy Hilfiger Jackets A navy nylon bomber with ribbed trims and a striped tape at the sleeve. Light insulation makes it right for those weeks that are neither warm nor cold.
ay-000095,Jacket 'BIKER',"A black faux leather biker with asymmetric zips and a fitted waist. The lining is smooth enough to slip over a knit without dragging. Zipped cuffs let it close neatly over a sleeve, and the collar folds flat.",NA-KD,women,Jackets,Clothing|Jackets,black,Faux leather,false,79.90,,,true,4.1,224,XS|S|M|L|XL,https://pub-2e4a163f7e1b4ee49c544ba33966ad8e.r2.dev/catalog/ay-000095-1.jpg,"Jacket 'BIKER' NA-KD Jackets A black faux leather biker with asymmetric zips and a fitted waist. The lining is smooth enough to slip over a knit without dragging. Zipped cuffs let it close neatly over a sleeve, and the collar folds flat."
ay-000096,Jacket 'PUFFA',"A lightweight olive puffer with a quilted body and a packable hood. Warm for its weight, and the water-repellent shell handles drizzle without a coat. It packs into a stuff sack roughly the size of a water bottle for travelling.",s.Oliver,men,Jackets,Clothing|Jackets,olive,Recycled polyester,false,129.90,,,true,4.2,189,XS|S|M|L|XL,https://pub-2e4a163f7e1b4ee49c544ba33966ad8e.r2.dev/catalog/ay-000096-1.jpg,"Jacket 'PUFFA' s.Oliver Jackets A lightweight olive puffer with a quilted body and a packable hood. Warm for its weight, and the water-repellent shell handles drizzle without a coat. It packs into a stuff sack roughly the size of a water bottle for travelling."
ay-000097,Jacket 'HARRINGTON',"A beige cotton harrington with a checked lining and a stand collar. A neat, classic jacket that works over a shirt for most of spring and autumn.",Camel Active,men,Jackets,Clothing|Jackets,beige,Cotton,false,83.93,119.90,30,true,4.3,96,XS|S|M|L|XL,https://pub-2e4a163f7e1b4ee49c544ba33966ad8e.r2.dev/catalog/ay-000097-1.jpg,"Jacket 'HARRINGTON' Camel Active Jackets A beige cotton harrington with a checked lining and a stand collar. A neat, classic jacket that works over a shirt for most of spring and autumn."
ay-000098,Jacket 'TEDDY',"A cream teddy jacket with a soft pile and a short, boxy cut. Warmer than it looks, and it goes over almost everything in a winter wardrobe.",VERO MODA,women,Jackets,Clothing|Jackets,cream,Faux fur,false,69.90,,,true,4.0,273,XS|S|M|L|XL,https://pub-2e4a163f7e1b4ee49c544ba33966ad8e.r2.dev/catalog/ay-000098-1.jpg,"Jacket 'TEDDY' VERO MODA Jackets A cream teddy jacket with a soft pile and a short, boxy cut. Warmer than it looks, and it goes over almost everything in a winter wardrobe."
ay-000099,Jacket 'SPLASH',"A turquoise rain jacket with taped seams, a fold-away hood and reflective strips. Made for walking to school in weather that changes twice a day. The cuffs adjust with a strap, and the whole thing folds into a rucksack pocket.",ABOUT YOU,kids,Jackets,Clothing|Jackets,turquoise,Recycled polyester,false,44.90,,,true,4.4,131,110|116|122|128,https://pub-2e4a163f7e1b4ee49c544ba33966ad8e.r2.dev/catalog/ay-000099-1.jpg,"Jacket 'SPLASH' ABOUT YOU Jackets A turquoise rain jacket with taped seams, a fold-away hood and reflective strips. Made for walking to school in weather that changes twice a day. The cuffs adjust with a strap, and the whole thing folds into a rucksack pocket."
ay-000100,Sweater 'CABLE',"A cream cable-knit jumper with a round neck and a slightly cropped body. Substantial without being heavy, and the cotton blend does not itch. The neckline is finished with a rolled edge that will not stretch out.",VERO MODA,women,Sweaters & knitwear,Clothing|Sweaters & knitwear,cream,Cotton blend,false,49.90,,,true,4.3,297,XS|S|M|L|XL,https://pub-2e4a163f7e1b4ee49c544ba33966ad8e.r2.dev/catalog/ay-000100-1.jpg,"Sweater 'CABLE' VERO MODA Sweaters & knitwear A cream cable-knit jumper with a round neck and a slightly cropped body. Substantial without being heavy, and the cotton blend does not itch. The neckline is finished with a rolled edge that will not stretch out."
ay-000101,Cardigan 'ELLA',A long grey cardigan with patch pockets and a soft wool blend that drapes rather than stands. It works as an indoor layer or a light coat in September.,ONLY,women,Sweaters & knitwear,Clothing|Sweaters & knitwear,grey,Wool blend,false,47.92,59.90,20,true,4.1,214,XS|S|M|L|XL,https://pub-2e4a163f7e1b4ee49c544ba33966ad8e.r2.dev/catalog/ay-000101-1.jpg,Cardigan 'ELLA' ONLY Sweaters & knitwear A long grey cardigan with patch pockets and a soft wool blend that drapes rather than stands. It works as an indoor layer or a light coat in September.
ay-000102,Sweater 'MERINO',A fine-gauge navy merino knit with a clean crew neck and flat seams. Thin enough to wear under a blazer and warm enough to wear on its own.,BOSS,men,Sweaters & knitwear,Clothing|Sweaters & knitwear,navy,Merino wool,true,159.00,,,true,4.6,84,XS|S|M|L|XL,https://pub-2e4a163f7e1b4ee49c544ba33966ad8e.r2.dev/catalog/ay-000102-1.jpg,Sweater 'MERINO' BOSS Sweaters & knitwear A fine-gauge navy merino knit with a clean crew neck and flat seams. Thin enough to wear under a blazer and warm enough to wear on its own.
ay-000103,Sweater 'NORDKAPP',"A chunky charcoal knit with a half zip and a raised collar. Built for cold mornings, with ribbed cuffs that keep the wind out at the wrist.",Camel Active,men,Sweaters & knitwear,Clothing|Sweaters & knitwear,charcoal,Wool blend,false,89.90,,,true,4.2,118,XS|S|M|L|XL,https://pub-2e4a163f7e1b4ee49c544ba33966ad8e.r2.dev/catalog/ay-000103-1.jpg,"Sweater 'NORDKAPP' Camel Active Sweaters & knitwear A chunky charcoal knit with a half zip and a raised collar. Built for cold mornings, with ribbed cuffs that keep the wind out at the wrist."
ay-000104,Sweater 'ALPACA',"An oversized alpaca-blend jumper in dusty pink with dropped shoulders and a wide neck. Feather-light, extremely soft, and best hand washed. The colour is a muted, dusty tone rather than a bright pink, which makes it easier to wear with grey and camel.",American Vintage,women,Sweaters & knitwear,Clothing|Sweaters & knitwear,dusty pink,Alpaca blend,true,97.43,129.90,25,true,4.5,71,XS|S|M|L|XL,https://pub-2e4a163f7e1b4ee49c544ba33966ad8e.r2.dev/catalog/ay-000104-1.jpg,"Sweater 'ALPACA' American Vintage Sweaters & knitwear An oversized alpaca-blend jumper in dusty pink with dropped shoulders and a wide neck. Feather-light, extremely soft, and best hand washed. The colour is a muted, dusty tone rather than a bright pink, which makes it easier to wear with grey and camel."
ay-000105,Sweater 'BEAR',"An oatmeal knit with a small embroidered bear on the chest and ribbed cuffs that stay put. Warm without being scratchy, and the cotton blend survives the washing machine several times a week.",ABOUT YOU,kids,Sweaters & knitwear,Clothing|Sweaters & knitwear,oatmeal,Cotton blend,false,32.90,,,true,4.1,141,110|116|122|128,https://pub-2e4a163f7e1b4ee49c544ba33966ad8e.r2.dev/catalog/ay-000105-1.jpg,"Sweater 'BEAR' ABOUT YOU Sweaters & knitwear An oatmeal knit with a small embroidered bear on the chest and ribbed cuffs that stay put. Warm without being scratchy, and the cotton blend survives the washing machine several times a week."
ay-000106,Sweater 'FROST',"A mustard cotton knit with a chunky rib at the hem and cuffs. Warm for autumn without overheating a child who never sits still. The neck opening is generous, which avoids the daily argument about pulling it over a head.",ABOUT YOU,kids,Sweaters & knitwear,Clothing|Sweaters & knitwear,mustard,Cotton,false,27.90,,,true,4.0,108,110|116|122|128,https://pub-2e4a163f7e1b4ee49c544ba33966ad8e.r2.dev/catalog/ay-000106-1.jpg,"Sweater 'FROST' ABOUT YOU Sweaters & knitwear A mustard cotton knit with a chunky rib at the hem and cuffs. Warm for autumn without overheating a child who never sits still. The neck opening is generous, which avoids the daily argument about pulling it over a head."
ay-000107,Coat 'HELSINKI',"A double-breasted camel coat with notched lapels and a straight, knee-length cut. The wool blend is dense enough for real winter and holds a clean line. Two deep welt pockets sit at hip height and the sleeves are lined in satin for easy layering.",MORE & MORE,women,Coats,Clothing|Coats,camel,Wool blend,true,189.90,,,true,4.5,96,XS|S|M|L|XL,https://pub-2e4a163f7e1b4ee49c544ba33966ad8e.r2.dev/catalog/ay-000107-1.jpg,"Coat 'HELSINKI' MORE & MORE Coats A double-breasted camel coat with notched lapels and a straight, knee-length cut. The wool blend is dense enough for real winter and holds a clean line. Two deep welt pockets sit at hip height and the sleeves are lined in satin for easy layering."
ay-000108,Coat 'TRENCH',"A classic beige trench with a storm flap, a buckled belt and deep raglan sleeves. Water-repellent gabardine that has outlasted every trend since it was invented. The belt buckles properly rather than tying, and the length falls just below the knee.",Lauren Ralph Lauren,women,Coats,Clothing|Coats,beige,Cotton gabardine,true,279.20,349.00,20,true,4.7,58,XS|S|M|L|XL,https://pub-2e4a163f7e1b4ee49c544ba33966ad8e.r2.dev/catalog/ay-000108-1.jpg,"Coat 'TRENCH' Lauren Ralph Lauren Coats A classic beige trench with a storm flap, a buckled belt and deep raglan sleeves. Water-repellent gabardine that has outlasted every trend since it was invented. The belt buckles properly rather than tying, and the length falls just below the knee."
ay-000109,Coat 'PARKA',"An olive parka with a fur-trimmed hood, a drawcord waist and four front pockets. Insulated for cold, wet commutes and cut long enough to cover the hips.",s.Oliver,men,Coats,Clothing|Coats,olive,Recycled polyester,false,159.90,,,true,4.3,174,XS|S|M|L|XL,https://pub-2e4a163f7e1b4ee49c544ba33966ad8e.r2.dev/catalog/ay-000109-1.jpg,"Coat 'PARKA' s.Oliver Coats An olive parka with a fur-trimmed hood, a drawcord waist and four front pockets. Insulated for cold, wet commutes and cut long enough to cover the hips."
ay-000110,Coat 'PUFFER',"A long quilted black puffer with a high collar and elastic cuffs. It reaches mid calf, which makes an enormous difference on a windy platform. Two-way zips let it open from the bottom for sitting down or cycling.",ABOUT YOU,women,Coats,Clothing|Coats,black,Recycled polyester,false,69.93,99.90,30,true,4.1,312,XS|S|M|L|XL,https://pub-2e4a163f7e1b4ee49c544ba33966ad8e.r2.dev/catalog/ay-000110-1.jpg,"Coat 'PUFFER' ABOUT YOU Coats A long quilted black puffer with a high collar and elastic cuffs. It reaches mid calf, which makes an enormous difference on a windy platform. Two-way zips let it open from the bottom for sitting down or cycling."
ay-000111,Coat 'LODEN',A structured anthracite wool coat with a concealed placket and a half lining. Formal enough for a suit underneath and sober enough for every occasion that needs one.,Camel Active,men,Coats,Clothing|Coats,anthracite,Wool blend,true,229.00,,,true,4.4,67,XS|S|M|L|XL,https://pub-2e4a163f7e1b4ee49c544ba33966ad8e.r2.dev/catalog/ay-000111-1.jpg,Coat 'LODEN' Camel Active Coats A structured anthracite wool coat with a concealed placket and a half lining. Formal enough for a suit underneath and sober enough for every occasion that needs one.
ay-000112,Skirt 'PLISSE',A pleated metallic midi skirt with an elastic waist and a soft swing. The finely pressed pleats catch the light and move well with a flat shoe.,VILA,women,Skirts,Clothing|Skirts,silver,Polyester,false,44.90,,,true,4.2,187,XS|S|M|L|XL,https://pub-2e4a163f7e1b4ee49c544ba33966ad8e.r2.dev/catalog/ay-000112-1.jpg,Skirt 'PLISSE' VILA Skirts A pleated metallic midi skirt with an elastic waist and a soft swing. The finely pressed pleats catch the light and move well with a flat shoe.
ay-000113,Skirt 'DENIM MINI',"A short A-line denim skirt with a front slit and a raw hem. Rigid cotton denim that keeps its shape rather than clinging. The waistband sits high and flat, and the slit gives enough room to walk quickly.",PIECES,women,Skirts,Clothing|Skirts,mid blue,Denim,false,26.18,34.90,25,true,4.0,256,XS|S|M|L|XL,https://pub-2e4a163f7e1b4ee49c544ba33966ad8e.r2.dev/catalog/ay-000113-1.jpg,"Skirt 'DENIM MINI' PIECES Skirts A short A-line denim skirt with a front slit and a raw hem. Rigid cotton denim that keeps its shape rather than clinging. The waistband sits high and flat, and the slit gives enough room to walk quickly."
ay-000114,Skirt 'LEATHER',"A black faux leather pencil skirt cut just below the knee with a back vent. It looks sharper than the price suggests under a plain knit. Fully lined, so it moves over tights without sticking.",NA-KD,women,Skirts,Clothing|Skirts,black,Faux leather,false,59.90,,,true,4.1,143,XS|S|M|L|XL,https://pub-2e4a163f7e1b4ee49c544ba33966ad8e.r2.dev/catalog/ay-000114-1.jpg,"Skirt 'LEATHER' NA-KD Skirts A black faux leather pencil skirt cut just below the knee with a back vent. It looks sharper than the price suggests under a plain knit. Fully lined, so it moves over tights without sticking."
ay-000115,Skirt 'FLORAL',"A light viscose skirt printed with small flowers, gathered onto an elastic waistband. It packs into nothing and shakes out without creases. There is a short cotton lining at the top, and the length falls just below the knee.",JDY,women,Skirts,Clothing|Skirts,multicolour,Viscose,false,29.90,,,true,,,XS|S|M|L|XL,https://pub-2e4a163f7e1b4ee49c544ba33966ad8e.r2.dev/catalog/ay-000115-1.jpg,"Skirt 'FLORAL' JDY Skirts A light viscose skirt printed with small flowers, gathered onto an elastic waistband. It packs into nothing and shakes out without creases. There is a short cotton lining at the top, and the length falls just below the knee."
ay-000116,Skirt 'TWEED',"An ecru tweed mini with a frayed hem and gold-tone buttons down the front. Structured, slightly retro, and best worn with opaque tights. Lined through the body, with a hook and bar closure hidden behind the top button.",MORE & MORE,women,Skirts,Clothing|Skirts,ecru,Cotton blend,false,63.92,79.90,20,false,4.3,62,XS|S|M|L|XL,https://pub-2e4a163f7e1b4ee49c544ba33966ad8e.r2.dev/catalog/ay-000116-1.jpg,"Skirt 'TWEED' MORE & MORE Skirts An ecru tweed mini with a frayed hem and gold-tone buttons down the front. Structured, slightly retro, and best worn with opaque tights. Lined through the body, with a hook and bar closure hidden behind the top button."
ay-000117,Blouse 'SILK',"An ivory silk blouse with a concealed placket and a soft collar. The fabric is heavy enough to hang cleanly rather than cling, and it presses beautifully.",millane,women,Blouses & tunics,Clothing|Blouses & tunics,ivory,Silk,true,119.90,,,true,4.5,74,XS|S|M|L|XL,https://pub-2e4a163f7e1b4ee49c544ba33966ad8e.r2.dev/catalog/ay-000117-1.jpg,"Blouse 'SILK' millane Blouses & tunics An ivory silk blouse with a concealed placket and a soft collar. The fabric is heavy enough to hang cleanly rather than cling, and it presses beautifully."
ay-000118,Blouse 'POPLIN',A crisp white cotton shirt with a classic collar and a slightly relaxed body. It is cut long enough to stay tucked in through a full day.,s.Oliver,women,Blouses & tunics,Clothing|Blouses & tunics,white,Cotton,false,37.43,49.90,25,true,4.2,168,XS|S|M|L|XL,https://pub-2e4a163f7e1b4ee49c544ba33966ad8e.r2.dev/catalog/ay-000118-1.jpg,Blouse 'POPLIN' s.Oliver Blouses & tunics A crisp white cotton shirt with a classic collar and a slightly relaxed body. It is cut long enough to stay tucked in through a full day.
ay-000119,Tunic 'MARRAKESH',A long turquoise tunic with embroidered detailing at the neckline and side slits. Designed as a beach cover-up but easily worn over trousers in town. Light enough to dry within minutes of coming out of the sea.,LASCANA,women,Blouses & tunics,Clothing|Blouses & tunics,turquoise,Viscose,false,39.90,,,true,4.0,121,XS|S|M|L|XL,https://pub-2e4a163f7e1b4ee49c544ba33966ad8e.r2.dev/catalog/ay-000119-1.jpg,Tunic 'MARRAKESH' LASCANA Blouses & tunics A long turquoise tunic with embroidered detailing at the neckline and side slits. Designed as a beach cover-up but easily worn over trousers in town. Light enough to dry within minutes of coming out of the sea.
ay-000120,Blouse 'RUFFLE',"A sheer black chiffon blouse with ruffled cuffs and a keyhole back. Light and dressy, best over a simple camisole for an evening out. The keyhole fastens with a single covered button at the nape.",VILA,women,Blouses & tunics,Clothing|Blouses & tunics,black,Chiffon,false,44.90,,,true,4.1,139,XS|S|M|L|XL,https://pub-2e4a163f7e1b4ee49c544ba33966ad8e.r2.dev/catalog/ay-000120-1.jpg,"Blouse 'RUFFLE' VILA Blouses & tunics A sheer black chiffon blouse with ruffled cuffs and a keyhole back. Light and dressy, best over a simple camisole for an evening out. The keyhole fastens with a single covered button at the nape."
ay-000121,Blazer 'CATHY',"A single-breasted black blazer with a lightly padded shoulder and a nipped waist. The crepe resists creasing, which matters on days spent in and out of chairs.",MORE & MORE,women,Blazers,Clothing|Blazers,black,Crepe,false,99.90,,,true,4.4,152,XS|S|M|L|XL,https://pub-2e4a163f7e1b4ee49c544ba33966ad8e.r2.dev/catalog/ay-000121-1.jpg,"Blazer 'CATHY' MORE & MORE Blazers A single-breasted black blazer with a lightly padded shoulder and a nipped waist. The crepe resists creasing, which matters on days spent in and out of chairs."
ay-000122,Blazer 'OVERSIZE',"A relaxed sand-coloured blazer with dropped shoulders and a longline body. Worn open over a tee it reads casual, buttoned over trousers it reads sharp. Two flap pockets and a single vent at the back keep the line clean when it hangs open.",NA-KD,women,Blazers,Clothing|Blazers,sand,Polyester blend,false,55.93,79.90,30,true,4.1,197,XS|S|M|L|XL,https://pub-2e4a163f7e1b4ee49c544ba33966ad8e.r2.dev/catalog/ay-000122-1.jpg,"Blazer 'OVERSIZE' NA-KD Blazers A relaxed sand-coloured blazer with dropped shoulders and a longline body. Worn open over a tee it reads casual, buttoned over trousers it reads sharp. Two flap pockets and a single vent at the back keep the line clean when it hangs open."
ay-000123,Blazer 'HAYES',A slim navy wool blazer with a half canvas construction and horn-look buttons. Tailored cleanly through the chest and cut to sit properly over a shirt. It comes with a spare button and is cut to allow a light alteration at the waist.,BOSS,men,Blazers,Clothing|Blazers,navy,Wool blend,true,329.00,,,true,4.6,48,XS|S|M|L|XL,https://pub-2e4a163f7e1b4ee49c544ba33966ad8e.r2.dev/catalog/ay-000123-1.jpg,Blazer 'HAYES' BOSS Blazers A slim navy wool blazer with a half canvas construction and horn-look buttons. Tailored cleanly through the chest and cut to sit properly over a shirt. It comes with a spare button and is cut to allow a light alteration at the waist.
ay-000124,Hoodie 'CLASSIC',"A heavyweight grey hoodie in brushed organic cotton with a double-layer hood. Thick, warm and cut roomy enough to layer over a t-shirt and a shirt. The cotton is heavy enough that the hood stands up rather than collapsing at the neck.",NU-IN,men,Hoodies,Clothing|Hoodies,grey,Organic cotton,false,59.90,,,true,4.4,286,XS|S|M|L|XL,https://pub-2e4a163f7e1b4ee49c544ba33966ad8e.r2.dev/catalog/ay-000124-1.jpg,"Hoodie 'CLASSIC' NU-IN Hoodies A heavyweight grey hoodie in brushed organic cotton with a double-layer hood. Thick, warm and cut roomy enough to layer over a t-shirt and a shirt. The cotton is heavy enough that the hood stands up rather than collapsing at the neck."
ay-000125,Hoodie 'LOGO',"A navy hoodie with a flocked chest logo and a kangaroo pocket. Soft inside, sturdy outside, and it holds its colour through a lot of washing. The cuffs and hem are ribbed tightly, which keeps the shape after repeated washing.",Tommy Hilfiger,men,Hoodies,Clothing|Hoodies,navy,Cotton blend,false,74.93,99.90,25,true,4.3,214,XS|S|M|L|XL,https://pub-2e4a163f7e1b4ee49c544ba33966ad8e.r2.dev/catalog/ay-000125-1.jpg,"Hoodie 'LOGO' Tommy Hilfiger Hoodies A navy hoodie with a flocked chest logo and a kangaroo pocket. Soft inside, sturdy outside, and it holds its colour through a lot of washing. The cuffs and hem are ribbed tightly, which keeps the shape after repeated washing."
ay-000126,Hoodie 'CROP',A cropped lilac hoodie with a wide rib at the hem and a drawstring hood. It sits at the high waist and works over leggings or wide jeans.,ABOUT YOU,women,Hoodies,Clothing|Hoodies,lilac,Cotton blend,false,39.90,,,true,4.0,331,XS|S|M|L|XL,https://pub-2e4a163f7e1b4ee49c544ba33966ad8e.r2.dev/catalog/ay-000126-1.jpg,Hoodie 'CROP' ABOUT YOU Hoodies A cropped lilac hoodie with a wide rib at the hem and a drawstring hood. It sits at the high waist and works over leggings or wide jeans.
ay-000127,Hoodie 'ZIP',A full-zip black hoodie with a brushed interior and side pockets. Plain enough to wear anywhere and warm enough to replace a light jacket. The zip has a chin guard at the top so it does not catch on the way up.,s.Oliver,men,Hoodies,Clothing|Hoodies,black,Cotton,false,69.90,,,true,4.2,176,XS|S|M|L|XL,https://pub-2e4a163f7e1b4ee49c544ba33966ad8e.r2.dev/catalog/ay-000127-1.jpg,Hoodie 'ZIP' s.Oliver Hoodies A full-zip black hoodie with a brushed interior and side pockets. Plain enough to wear anywhere and warm enough to replace a light jacket. The zip has a chin guard at the top so it does not catch on the way up.
ay-000128,Hoodie 'ROCKET',"A blue hoodie printed with a rocket on the back, made from soft organic cotton. The hood has no drawstrings, which keeps it safe for younger children.",ABOUT YOU,kids,Hoodies,Clothing|Hoodies,blue,Organic cotton,false,23.92,29.90,20,true,4.3,167,110|116|122|128,https://pub-2e4a163f7e1b4ee49c544ba33966ad8e.r2.dev/catalog/ay-000128-1.jpg,"Hoodie 'ROCKET' ABOUT YOU Hoodies A blue hoodie printed with a rocket on the back, made from soft organic cotton. The hood has no drawstrings, which keeps it safe for younger children."
ay-000129,Sneakers 'AARHUS',"A low white leather trainer with perforated stripes and a gum sole. The shape is narrow and clean, which keeps it looking smart with chinos as well as jeans.",adidas Originals,men,Sneakers,Shoes|Sneakers,white,Leather,false,99.95,,,true,4.5,412,41|42|43|44|45,https://pub-2e4a163f7e1b4ee49c544ba33966ad8e.r2.dev/catalog/ay-000129-1.jpg,"Sneakers 'AARHUS' adidas Originals Sneakers A low white leather trainer with perforated stripes and a gum sole. The shape is narrow and clean, which keeps it looking smart with chinos as well as jeans."
ay-000130,Sneakers 'BERGEN',"Grey suede and mesh over a cushioned midsole, in the chunky retro shape that refuses to go away. Comfortable straight out of the box for long walking days.",New Balance,men,Sneakers,Shoes|Sneakers,grey,Suede,false,95.96,119.95,20,true,4.6,338,41|42|43|44|45,https://pub-2e4a163f7e1b4ee49c544ba33966ad8e.r2.dev/catalog/ay-000130-1.jpg,"Sneakers 'BERGEN' New Balance Sneakers Grey suede and mesh over a cushioned midsole, in the chunky retro shape that refuses to go away. Comfortable straight out of the box for long walking days."
ay-000131,Sneakers 'COURT',"A minimal white court shoe with a slim profile and a tonal swoosh. Easy to wipe clean, and the flat sole makes it a reliable everyday trainer.",Nike Sportswear,men,Sneakers,Shoes|Sneakers,white,Leather,false,89.99,,,true,4.4,526,41|42|43|44|45,https://pub-2e4a163f7e1b4ee49c544ba33966ad8e.r2.dev/catalog/ay-000131-1.jpg,"Sneakers 'COURT' Nike Sportswear Sneakers A minimal white court shoe with a slim profile and a tonal swoosh. Easy to wipe clean, and the flat sole makes it a reliable everyday trainer."
ay-000132,Sneakers 'SUEDE CLASSIC',"Navy suede with a contrast formstrip and a vulcanised rubber sole. A shoe that has looked the same for decades and still works with almost anything. The suede takes a brush well, which is the only maintenance it really needs.",Puma,men,Sneakers,Shoes|Sneakers,navy,Suede,false,74.95,,,true,4.3,297,41|42|43|44|45,https://pub-2e4a163f7e1b4ee49c544ba33966ad8e.r2.dev/catalog/ay-000132-1.jpg,"Sneakers 'SUEDE CLASSIC' Puma Sneakers Navy suede with a contrast formstrip and a vulcanised rubber sole. A shoe that has looked the same for decades and still works with almost anything. The suede takes a brush well, which is the only maintenance it really needs."
ay-000133,Sneakers 'CLUB C',"A cream leather tennis-style trainer with a soft foam footbed. The rounded toe and low collar suit narrower feet and long days on hard floors. The leather is soft from the first wear, so there is no real breaking-in period.",Reebok Classics,women,Sneakers,Shoes|Sneakers,cream,Leather,false,67.46,89.95,25,true,4.2,264,36|37|38|39|40|41,https://pub-2e4a163f7e1b4ee49c544ba33966ad8e.r2.dev/catalog/ay-000133-1.jpg,"Sneakers 'CLUB C' Reebok Classics Sneakers A cream leather tennis-style trainer with a soft foam footbed. The rounded toe and low collar suit narrower feet and long days on hard floors. The leather is soft from the first wear, so there is no real breaking-in period."
ay-000134,Sneakers 'RUNNER 2.0',"Black recycled mesh with a moulded heel counter and a lightweight EVA sole. A relaxed retro runner shape rather than a technical shoe. It runs slightly narrow, so anyone between sizes is better off going up.",adidas Originals,men,Sneakers,Shoes|Sneakers,black,Recycled mesh,false,109.95,,,true,4.4,351,41|42|43|44|45,https://pub-2e4a163f7e1b4ee49c544ba33966ad8e.r2.dev/catalog/ay-000134-1.jpg,"Sneakers 'RUNNER 2.0' adidas Originals Sneakers Black recycled mesh with a moulded heel counter and a lightweight EVA sole. A relaxed retro runner shape rather than a technical shoe. It runs slightly narrow, so anyone between sizes is better off going up."
ay-000135,Sneakers 'CHUNK',"A high-shine off-white leather sneaker on an exaggerated platform sole. Hand-finished in Europe, with a padded collar that stops the height from being punishing. The sole adds around five centimetres without feeling unstable on cobbles.",Copenhagen Studios,women,Sneakers,Shoes|Sneakers,off-white,Leather,true,229.00,,,true,4.7,82,36|37|38|39|40|41,https://pub-2e4a163f7e1b4ee49c544ba33966ad8e.r2.dev/catalog/ay-000135-1.jpg,"Sneakers 'CHUNK' Copenhagen Studios Sneakers A high-shine off-white leather sneaker on an exaggerated platform sole. Hand-finished in Europe, with a padded collar that stops the height from being punishing. The sole adds around five centimetres without feeling unstable on cobbles."
ay-000136,Sneakers 'MINI STAR',A scaled-down version of the classic shell-toe trainer with a hook-and-loop strap. Easy for small hands to fasten and hard-wearing on a playground. The rubber toe cap takes the punishment that children reliably inflict on it.,adidas Originals,kids,Sneakers,Shoes|Sneakers,white,Faux leather,false,43.96,54.95,20,true,4.5,188,30|31|32|33|34,https://pub-2e4a163f7e1b4ee49c544ba33966ad8e.r2.dev/catalog/ay-000136-1.jpg,Sneakers 'MINI STAR' adidas Originals Sneakers A scaled-down version of the classic shell-toe trainer with a hook-and-loop strap. Easy for small hands to fasten and hard-wearing on a playground. The rubber toe cap takes the punishment that children reliably inflict on it.
ay-000137,Sneakers 'JUNIOR RUN',A light blue mesh trainer with an elastic lace system and a flexible sole. Breathable enough for a full day of running around outside. Reflective panels on the heel help on dark walks home in winter.,Nike Sportswear,kids,Sneakers,Shoes|Sneakers,blue,Mesh,false,49.99,,,true,4.3,142,30|31|32|33|34,https://pub-2e4a163f7e1b4ee49c544ba33966ad8e.r2.dev/catalog/ay-000137-1.jpg,Sneakers 'JUNIOR RUN' Nike Sportswear Sneakers A light blue mesh trainer with an elastic lace system and a flexible sole. Breathable enough for a full day of running around outside. Reflective panels on the heel help on dark walks home in winter.
ay-000138,Ankle Boots 'CHELSEA',Black leather chelsea boots with elastic side panels and a low block heel. A soft footbed makes them wearable from morning until the end of a long evening.,Tamaris,women,Ankle boots,Shoes|Ankle boots,black,Leather,false,89.95,,,true,4.3,276,36|37|38|39|40|41,https://pub-2e4a163f7e1b4ee49c544ba33966ad8e.r2.dev/catalog/ay-000138-1.jpg,Ankle Boots 'CHELSEA' Tamaris Ankle boots Black leather chelsea boots with elastic side panels and a low block heel. A soft footbed makes them wearable from morning until the end of a long evening.
ay-000139,Ankle Boots 'CHUNKY',"Cognac ankle boots on a lugged rubber sole with a chunky silhouette. The grip is genuinely useful on wet pavement, and the shaft sits just above the ankle.",Marco Tozzi,women,Ankle boots,Shoes|Ankle boots,cognac,Faux leather,false,48.97,69.95,30,true,4.0,213,36|37|38|39|40|41,https://pub-2e4a163f7e1b4ee49c544ba33966ad8e.r2.dev/catalog/ay-000139-1.jpg,"Ankle Boots 'CHUNKY' Marco Tozzi Ankle boots Cognac ankle boots on a lugged rubber sole with a chunky silhouette. The grip is genuinely useful on wet pavement, and the shaft sits just above the ankle."
ay-000140,Ankle Boots 'HARPER',"Sleek black calf leather with a pointed toe and a slim stiletto heel. A dressy boot, made narrow through the foot and best sized up half a size.",Copenhagen Studios,women,Ankle boots,Shoes|Ankle boots,black,Leather,true,249.00,,,true,4.6,64,36|37|38|39|40|41,https://pub-2e4a163f7e1b4ee49c544ba33966ad8e.r2.dev/catalog/ay-000140-1.jpg,"Ankle Boots 'HARPER' Copenhagen Studios Ankle boots Sleek black calf leather with a pointed toe and a slim stiletto heel. A dressy boot, made narrow through the foot and best sized up half a size."
ay-000141,Ankle Boots 'DESERT',"Sand suede desert boots with a crepe sole and two-eyelet lacing. Light, unstructured and comfortable, though the crepe prefers dry weather. The suede darkens with wear, and a light spray before the first outing pays off later.",Camel Active,men,Ankle boots,Shoes|Ankle boots,sand,Suede,false,129.90,,,true,4.4,118,41|42|43|44|45,https://pub-2e4a163f7e1b4ee49c544ba33966ad8e.r2.dev/catalog/ay-000141-1.jpg,"Ankle Boots 'DESERT' Camel Active Ankle boots Sand suede desert boots with a crepe sole and two-eyelet lacing. Light, unstructured and comfortable, though the crepe prefers dry weather. The suede darkens with wear, and a light spray before the first outing pays off later."
ay-000142,Ankle Boots 'BIKER',"Black biker boots with buckle straps, a zip on the inside and a low heel. They look heavier than they are, which makes them practical for everyday wear.",Tamaris,women,Ankle boots,Shoes|Ankle boots,black,Faux leather,false,63.96,79.95,20,false,4.1,156,36|37|38|39|40|41,https://pub-2e4a163f7e1b4ee49c544ba33966ad8e.r2.dev/catalog/ay-000142-1.jpg,"Ankle Boots 'BIKER' Tamaris Ankle boots Black biker boots with buckle straps, a zip on the inside and a low heel. They look heavier than they are, which makes them practical for everyday wear."
ay-000143,Boots 'HIGHLAND',"Knee-high brown boots with a stretch panel at the calf and a stacked heel. Cut generously through the shaft, which helps if boots usually gape at the top.",Marco Tozzi,women,Boots,Shoes|Boots,brown,Faux leather,false,99.95,,,true,4.2,187,36|37|38|39|40|41,https://pub-2e4a163f7e1b4ee49c544ba33966ad8e.r2.dev/catalog/ay-000143-1.jpg,"Boots 'HIGHLAND' Marco Tozzi Boots Knee-high brown boots with a stretch panel at the calf and a stacked heel. Cut generously through the shaft, which helps if boots usually gape at the top."
ay-000144,Boots 'STOCKHOLM',"Tall black leather boots on a flat rubber sole with a full-length inner zip. Lined in warm textile and treated to cope with salted winter streets. The sole has a deep tread, so they hold on wet cobbles as well as on pavement.",Tamaris,women,Boots,Shoes|Boots,black,Leather,false,104.96,139.95,25,true,4.4,142,36|37|38|39|40|41,https://pub-2e4a163f7e1b4ee49c544ba33966ad8e.r2.dev/catalog/ay-000144-1.jpg,"Boots 'STOCKHOLM' Tamaris Boots Tall black leather boots on a flat rubber sole with a full-length inner zip. Lined in warm textile and treated to cope with salted winter streets. The sole has a deep tread, so they hold on wet cobbles as well as on pavement."
ay-000145,Boots 'RANGER',Sturdy dark brown lace-up boots with a padded collar and a grippy profile sole. Made for cold walks and rough ground rather than city pavements. The leather takes wax well and the sole can be resoled by a cobbler.,Camel Active,men,Boots,Shoes|Boots,dark brown,Leather,true,169.90,,,true,4.5,96,41|42|43|44|45,https://pub-2e4a163f7e1b4ee49c544ba33966ad8e.r2.dev/catalog/ay-000145-1.jpg,Boots 'RANGER' Camel Active Boots Sturdy dark brown lace-up boots with a padded collar and a grippy profile sole. Made for cold walks and rough ground rather than city pavements. The leather takes wax well and the sole can be resoled by a cobbler.
ay-000146,Boots 'RIDER',"Cognac riding boots with a decorative strap at the ankle and an almond toe. A flat heel and firm shaft give them a classic equestrian line. Fully lined in soft textile, with a low block heel that stays comfortable on foot all day.",Marco Tozzi,women,Boots,Shoes|Boots,cognac,Faux leather,false,109.95,,,false,4.0,108,36|37|38|39|40|41,https://pub-2e4a163f7e1b4ee49c544ba33966ad8e.r2.dev/catalog/ay-000146-1.jpg,"Boots 'RIDER' Marco Tozzi Boots Cognac riding boots with a decorative strap at the ankle and an almond toe. A flat heel and firm shaft give them a classic equestrian line. Fully lined in soft textile, with a low block heel that stays comfortable on foot all day."
ay-000147,Boots 'SNOW',Warm-lined navy snow boots with a hook-and-loop strap and reflective piping. Waterproof to the ankle and easy for a child to pull on alone. The sole stays flexible in the cold rather than turning hard and slippery.,ABOUT YOU,kids,Boots,Shoes|Boots,navy,Recycled polyester,false,39.92,49.90,20,true,4.3,174,30|31|32|33|34,https://pub-2e4a163f7e1b4ee49c544ba33966ad8e.r2.dev/catalog/ay-000147-1.jpg,Boots 'SNOW' ABOUT YOU Boots Warm-lined navy snow boots with a hook-and-loop strap and reflective piping. Waterproof to the ankle and easy for a child to pull on alone. The sole stays flexible in the cold rather than turning hard and slippery.
ay-000148,Sandals 'ARIZONA',"The two-strap sandal on a cork footbed that moulds to the foot over time. Taupe suede uppers with adjustable buckles for a precise fit. The footbed is replaceable, which extends the life of the sandal by years.",Birkenstock,women,Sandals,Shoes|Sandals,taupe,Suede,false,99.95,,,true,4.7,623,36|37|38|39|40|41,https://pub-2e4a163f7e1b4ee49c544ba33966ad8e.r2.dev/catalog/ay-000148-1.jpg,"Sandals 'ARIZONA' Birkenstock Sandals The two-strap sandal on a cork footbed that moulds to the foot over time. Taupe suede uppers with adjustable buckles for a precise fit. The footbed is replaceable, which extends the life of the sandal by years."
ay-000149,Sandals 'GIZEH',"A black leather toe-post sandal with a contoured cork sole. It takes a week to break in and then stays comfortable for years. The leather softens where the toe post sits, so any early rubbing settles down.",Birkenstock,men,Sandals,Shoes|Sandals,black,Leather,false,89.95,,,true,4.5,341,41|42|43|44|45,https://pub-2e4a163f7e1b4ee49c544ba33966ad8e.r2.dev/catalog/ay-000149-1.jpg,"Sandals 'GIZEH' Birkenstock Sandals A black leather toe-post sandal with a contoured cork sole. It takes a week to break in and then stays comfortable for years. The leather softens where the toe post sits, so any early rubbing settles down."
ay-000150,Sandals 'RIVIERA',"Strappy gold sandals with a low block heel and an ankle buckle. Dressy enough for a summer party without being difficult to walk in. The heel is set under the foot rather than behind it, which helps on soft ground.",Tamaris,women,Sandals,Shoes|Sandals,gold,Faux leather,false,44.96,59.95,25,true,4.1,196,36|37|38|39|40|41,https://pub-2e4a163f7e1b4ee49c544ba33966ad8e.r2.dev/catalog/ay-000150-1.jpg,"Sandals 'RIVIERA' Tamaris Sandals Strappy gold sandals with a low block heel and an ankle buckle. Dressy enough for a summer party without being difficult to walk in. The heel is set under the foot rather than behind it, which helps on soft ground."
ay-000151,Sandals 'DUNE',"Sand-coloured sandals with two hook-and-loop straps and a moulded footbed. Closed at the toe to protect small feet on gravel, and light enough that a child will actually keep them on.",ABOUT YOU,kids,Sandals,Shoes|Sandals,sand,Faux leather,false,27.90,,,true,4.0,132,30|31|32|33|34,https://pub-2e4a163f7e1b4ee49c544ba33966ad8e.r2.dev/catalog/ay-000151-1.jpg,"Sandals 'DUNE' ABOUT YOU Sandals Sand-coloured sandals with two hook-and-loop straps and a moulded footbed. Closed at the toe to protect small feet on gravel, and light enough that a child will actually keep them on."
ay-000152,Sandals 'SPLASH',"Coral rubber sandals with an adjustable heel strap, made for water. They dry in minutes and grip well on wet poolside tiles. The strap is adjustable at two points, which buys most of a growing season.",ABOUT YOU,kids,Sandals,Shoes|Sandals,coral,Rubber,false,24.90,,,true,4.2,118,30|31|32|33|34,https://pub-2e4a163f7e1b4ee49c544ba33966ad8e.r2.dev/catalog/ay-000152-1.jpg,"Sandals 'SPLASH' ABOUT YOU Sandals Coral rubber sandals with an adjustable heel strap, made for water. They dry in minutes and grip well on wet poolside tiles. The strap is adjustable at two points, which buys most of a growing season."
ay-000153,High Heels 'ROMA',"A pointed black leather court shoe with a slim seven-centimetre heel. Lightly padded at the ball of the foot, which makes a long evening bearable. The heel is set slightly forward, which shifts weight off the ball of the foot.",Tamaris,women,High heels,Shoes|High heels,black,Leather,false,99.95,,,true,4.2,168,36|37|38|39|40|41,https://pub-2e4a163f7e1b4ee49c544ba33966ad8e.r2.dev/catalog/ay-000153-1.jpg,"High Heels 'ROMA' Tamaris High heels A pointed black leather court shoe with a slim seven-centimetre heel. Lightly padded at the ball of the foot, which makes a long evening bearable. The heel is set slightly forward, which shifts weight off the ball of the foot."
ay-000154,High Heels 'CELESTE',"Silver metallic leather sandals with fine ankle straps and a sculpted heel. Hand-lasted and narrow, cut for occasions rather than for daily wear. The straps are lined in soft kid leather to reduce rubbing across the instep.",Copenhagen Studios,women,High heels,Shoes|High heels,silver,Metallic leather,true,223.20,279.00,20,true,4.6,47,36|37|38|39|40|41,https://pub-2e4a163f7e1b4ee49c544ba33966ad8e.r2.dev/catalog/ay-000154-1.jpg,"High Heels 'CELESTE' Copenhagen Studios High heels Silver metallic leather sandals with fine ankle straps and a sculpted heel. Hand-lasted and narrow, cut for occasions rather than for daily wear. The straps are lined in soft kid leather to reduce rubbing across the instep."
ay-000155,High Heels 'NUDE',A nude court shoe with a mid heel and a slightly rounded toe. The neutral tone lengthens the leg line under dresses and cropped trousers. A six-centimetre heel is high enough to change a posture and low enough to survive a wedding.,Marco Tozzi,women,High heels,Shoes|High heels,nude,Faux leather,false,64.95,,,true,4.0,214,36|37|38|39|40|41,https://pub-2e4a163f7e1b4ee49c544ba33966ad8e.r2.dev/catalog/ay-000155-1.jpg,High Heels 'NUDE' Marco Tozzi High heels A nude court shoe with a mid heel and a slightly rounded toe. The neutral tone lengthens the leg line under dresses and cropped trousers. A six-centimetre heel is high enough to change a posture and low enough to survive a wedding.
ay-000156,High Heels 'VELVET',"Burgundy velvet slingbacks with a crystal buckle and a tapered heel. A statement shoe for winter parties, best kept away from rain. The slingback strap has three adjustment holes, which helps with narrow heels.",Guess,women,High heels,Shoes|High heels,burgundy,Velvet,false,83.93,119.90,30,false,4.1,86,36|37|38|39|40|41,https://pub-2e4a163f7e1b4ee49c544ba33966ad8e.r2.dev/catalog/ay-000156-1.jpg,"High Heels 'VELVET' Guess High heels Burgundy velvet slingbacks with a crystal buckle and a tapered heel. A statement shoe for winter parties, best kept away from rain. The slingback strap has three adjustment holes, which helps with narrow heels."
ay-000157,Ballet Flats 'PARIS',"Classic black leather ballet flats with a small bow and a soft leather lining. Flexible enough to fold into a bag as a spare pair. The sole is thin but properly stitched, so they can be resoled rather than replaced.",Tamaris,women,Ballet flats,Shoes|Ballet flats,black,Leather,false,69.95,,,true,4.3,231,36|37|38|39|40|41,https://pub-2e4a163f7e1b4ee49c544ba33966ad8e.r2.dev/catalog/ay-000157-1.jpg,"Ballet Flats 'PARIS' Tamaris Ballet flats Classic black leather ballet flats with a small bow and a soft leather lining. Flexible enough to fold into a bag as a spare pair. The sole is thin but properly stitched, so they can be resoled rather than replaced."
ay-000158,Ballet Flats 'MARY JANE',"Cream flats with an instep strap and a low, squared heel. The strap keeps them on the foot, which solves the usual problem with ballerinas. The heel is a centimetre or two, just enough to lift the foot off a cold floor.",Marco Tozzi,women,Ballet flats,Shoes|Ballet flats,cream,Faux leather,false,37.46,49.95,25,true,4.0,176,36|37|38|39|40|41,https://pub-2e4a163f7e1b4ee49c544ba33966ad8e.r2.dev/catalog/ay-000158-1.jpg,"Ballet Flats 'MARY JANE' Marco Tozzi Ballet flats Cream flats with an instep strap and a low, squared heel. The strap keeps them on the foot, which solves the usual problem with ballerinas. The heel is a centimetre or two, just enough to lift the foot off a cold floor."
ay-000159,Ballet Flats 'MESH',"Fine black mesh over a leather sole, with a pointed toe and a soft ankle tie. Delicate in look and surprisingly durable in wear. The toe is reinforced inside, which stops the mesh collapsing after a few wears.",Copenhagen Studios,women,Ballet flats,Shoes|Ballet flats,black,Mesh,true,189.00,,,true,4.5,53,36|37|38|39|40|41,https://pub-2e4a163f7e1b4ee49c544ba33966ad8e.r2.dev/catalog/ay-000159-1.jpg,"Ballet Flats 'MESH' Copenhagen Studios Ballet flats Fine black mesh over a leather sole, with a pointed toe and a soft ankle tie. Delicate in look and surprisingly durable in wear. The toe is reinforced inside, which stops the mesh collapsing after a few wears."
ay-000160,Ballet Flats 'SOFT',"Simple cognac flats with an elastic topline and a padded insole. An inexpensive pair for commuting, kept under a desk or thrown in a tote. They fold nearly flat, which is why so many end up living in a handbag.",ABOUT YOU,women,Ballet flats,Shoes|Ballet flats,cognac,Faux leather,false,34.90,,,true,3.8,289,36|37|38|39|40|41,https://pub-2e4a163f7e1b4ee49c544ba33966ad8e.r2.dev/catalog/ay-000160-1.jpg,"Ballet Flats 'SOFT' ABOUT YOU Ballet flats Simple cognac flats with an elastic topline and a padded insole. An inexpensive pair for commuting, kept under a desk or thrown in a tote. They fold nearly flat, which is why so many end up living in a handbag."
ay-000161,Slip-Ons 'LOAFER',Black penny loafers on a chunky lug sole with a squared toe. They dress up a pair of wide jeans and survive a full day of walking.,Marco Tozzi,women,Slip-ons,Shoes|Slip-ons,black,Faux leather,false,59.95,,,true,4.1,197,36|37|38|39|40|41,https://pub-2e4a163f7e1b4ee49c544ba33966ad8e.r2.dev/catalog/ay-000161-1.jpg,Slip-Ons 'LOAFER' Marco Tozzi Slip-ons Black penny loafers on a chunky lug sole with a squared toe. They dress up a pair of wide jeans and survive a full day of walking.
ay-000162,Slip-Ons 'BREEZE',"Navy canvas slip-ons with an elastic panel across the instep and a flexible rubber sole. They go on in seconds at the door, which is the whole point, and they wash clean at thirty degrees.",ABOUT YOU,kids,Slip-ons,Shoes|Slip-ons,navy,Canvas,false,18.32,22.90,20,true,3.9,118,30|31|32|33|34,https://pub-2e4a163f7e1b4ee49c544ba33966ad8e.r2.dev/catalog/ay-000162-1.jpg,"Slip-Ons 'BREEZE' ABOUT YOU Slip-ons Navy canvas slip-ons with an elastic panel across the instep and a flexible rubber sole. They go on in seconds at the door, which is the whole point, and they wash clean at thirty degrees."
ay-000163,Slip-Ons 'MOCCASIN',"Brown suede driving moccasins with rubber studs on the sole and a leather lining. Soft and unstructured, made for warm weather and long drives. The stitching is hand-finished at the vamp and the leather moulds to the foot quickly.",Camel Active,men,Slip-ons,Shoes|Slip-ons,brown,Suede,false,99.90,,,true,4.3,106,41|42|43|44|45,https://pub-2e4a163f7e1b4ee49c544ba33966ad8e.r2.dev/catalog/ay-000163-1.jpg,"Slip-Ons 'MOCCASIN' Camel Active Slip-ons Brown suede driving moccasins with rubber studs on the sole and a leather lining. Soft and unstructured, made for warm weather and long drives. The stitching is hand-finished at the vamp and the leather moulds to the foot quickly."
ay-000164,Slip-Ons 'CANVAS',"Plain navy canvas slip-ons with elastic side panels and a vulcanised sole. Cheap, light and easy to throw in a washing machine. The sole is stitched as well as glued, which is unusual at this price.",Puma,men,Slip-ons,Shoes|Slip-ons,navy,Canvas,false,49.95,,,true,,,41|42|43|44|45,https://pub-2e4a163f7e1b4ee49c544ba33966ad8e.r2.dev/catalog/ay-000164-1.jpg,"Slip-Ons 'CANVAS' Puma Slip-ons Plain navy canvas slip-ons with elastic side panels and a vulcanised sole. Cheap, light and easy to throw in a washing machine. The sole is stitched as well as glued, which is unusual at this price."
ay-000165,Sports Shoes 'INDOOR',A low indoor court shoe with a gum outsole that grips a hall floor without marking it. Reinforced at the toe for players who slide into shots.,adidas Originals,men,Sports shoes,Shoes|Sports shoes,white,Synthetic,false,59.96,79.95,25,true,4.2,214,41|42|43|44|45,https://pub-2e4a163f7e1b4ee49c544ba33966ad8e.r2.dev/catalog/ay-000165-1.jpg,Sports Shoes 'INDOOR' adidas Originals Sports shoes A low indoor court shoe with a gum outsole that grips a hall floor without marking it. Reinforced at the toe for players who slide into shots.
ay-000166,Sports Shoes 'GYM',"A flat, stable training shoe in breathable black mesh with a wide base. Built for lifting and circuit work rather than distance running. The heel sits low to the ground, which helps with balance under load.",Puma,men,Sports shoes,Shoes|Sports shoes,black,Mesh,false,69.95,,,true,4.1,186,41|42|43|44|45,https://pub-2e4a163f7e1b4ee49c544ba33966ad8e.r2.dev/catalog/ay-000166-1.jpg,"Sports Shoes 'GYM' Puma Sports shoes A flat, stable training shoe in breathable black mesh with a wide base. Built for lifting and circuit work rather than distance running. The heel sits low to the ground, which helps with balance under load."
ay-000167,Sports Shoes 'TENNIS',A durable white tennis shoe with lateral support panels and a herringbone sole. Stiff through the midfoot to handle quick changes of direction. The outsole is guaranteed against wear-through for a full season of hard-court play.,New Balance,men,Sports shoes,Shoes|Sports shoes,white,Leather,false,109.95,,,true,4.4,97,41|42|43|44|45,https://pub-2e4a163f7e1b4ee49c544ba33966ad8e.r2.dev/catalog/ay-000167-1.jpg,Sports Shoes 'TENNIS' New Balance Sports shoes A durable white tennis shoe with lateral support panels and a herringbone sole. Stiff through the midfoot to handle quick changes of direction. The outsole is guaranteed against wear-through for a full season of hard-court play.
ay-000168,Sports Shoes 'TRAIN',"A light lilac training shoe with a cushioned collar and a flexible forefoot. Suitable for studio classes, treadmill intervals and the walk home. Light enough at around 250 grams that it can double as a travel shoe.",Reebok Classics,women,Sports shoes,Shoes|Sports shoes,lilac,Mesh,false,47.96,59.95,20,true,3.9,132,36|37|38|39|40|41,https://pub-2e4a163f7e1b4ee49c544ba33966ad8e.r2.dev/catalog/ay-000168-1.jpg,"Sports Shoes 'TRAIN' Reebok Classics Sports shoes A light lilac training shoe with a cushioned collar and a flexible forefoot. Suitable for studio classes, treadmill intervals and the walk home. Light enough at around 250 grams that it can double as a travel shoe."
ay-000169,Necklace 'AURORA',"A fine gold-plated chain with a small round pendant, made from stainless steel that will not tarnish. Short enough to layer under a longer necklace. It arrives in a small gift box, which makes it an easy present to buy.",Kapten & Son,women,Jewelry,Accessories|Jewelry,gold,Stainless steel,false,39.90,,,true,4.3,246,ONE SIZE,https://pub-2e4a163f7e1b4ee49c544ba33966ad8e.r2.dev/catalog/ay-000169-1.jpg,"Necklace 'AURORA' Kapten & Son Jewelry A fine gold-plated chain with a small round pendant, made from stainless steel that will not tarnish. Short enough to layer under a longer necklace. It arrives in a small gift box, which makes it an easy present to buy."
ay-000170,Earrings 'HOOPS',"Medium gold-tone hoops with a hinged closure and a lightly hammered surface. Light enough to wear all day without pulling at the earlobe. The posts are surgical steel, so they suit ears that react to cheaper metals.",ABOUT YOU,women,Jewelry,Accessories|Jewelry,gold,Brass,false,11.92,14.90,20,true,4.0,418,ONE SIZE,https://pub-2e4a163f7e1b4ee49c544ba33966ad8e.r2.dev/catalog/ay-000170-1.jpg,"Earrings 'HOOPS' ABOUT YOU Jewelry Medium gold-tone hoops with a hinged closure and a lightly hammered surface. Light enough to wear all day without pulling at the earlobe. The posts are surgical steel, so they suit ears that react to cheaper metals."
ay-000171,Bracelet 'CORDA',A braided steel bracelet with a magnetic clasp and an engraved logo plate. Water-resistant and heavy in the hand without being uncomfortable. Links can be removed at home with the small tool included in the box.,Tommy Hilfiger,men,Jewelry,Accessories|Jewelry,silver,,false,59.90,,,true,4.2,132,ONE SIZE,https://pub-2e4a163f7e1b4ee49c544ba33966ad8e.r2.dev/catalog/ay-000171-1.jpg,Bracelet 'CORDA' Tommy Hilfiger Jewelry A braided steel bracelet with a magnetic clasp and an engraved logo plate. Water-resistant and heavy in the hand without being uncomfortable. Links can be removed at home with the small tool included in the box.
ay-000172,Ring Set 'TRIO',"Three slim stacking rings, one plain, one twisted and one set with small stones. Wear them together on one finger or spread across a hand. The sizing runs true, and the stones are set flush so they do not catch on knitwear.",Guess,women,Jewelry,Accessories|Jewelry,silver,,false,29.90,,,true,3.9,167,ONE SIZE,https://pub-2e4a163f7e1b4ee49c544ba33966ad8e.r2.dev/catalog/ay-000172-1.jpg,"Ring Set 'TRIO' Guess Jewelry Three slim stacking rings, one plain, one twisted and one set with small stones. Wear them together on one finger or spread across a hand. The sizing runs true, and the stones are set flush so they do not catch on knitwear."
ay-000173,Necklace 'PEARL',"A single strand of small freshwater pearls with a gold-plated clasp. Traditional in the best sense, and short enough to sit at the base of the throat.",Lauren Ralph Lauren,women,Jewelry,Accessories|Jewelry,cream,Freshwater pearl,true,111.75,149.00,25,true,4.6,54,ONE SIZE,https://pub-2e4a163f7e1b4ee49c544ba33966ad8e.r2.dev/catalog/ay-000173-1.jpg,"Necklace 'PEARL' Lauren Ralph Lauren Jewelry A single strand of small freshwater pearls with a gold-plated clasp. Traditional in the best sense, and short enough to sit at the base of the throat."
ay-000174,Scarf 'CASHMERE',"A soft charcoal cashmere-blend scarf with fringed ends, long enough to loop twice. Warm without bulk, which matters under a fitted coat. It comes folded in a fabric pouch that doubles as storage over the summer.",BOSS,men,Scarves & wraps,Accessories|Scarves & wraps,charcoal,Cashmere blend,true,129.00,,,true,4.6,63,ONE SIZE,https://pub-2e4a163f7e1b4ee49c544ba33966ad8e.r2.dev/catalog/ay-000174-1.jpg,"Scarf 'CASHMERE' BOSS Scarves & wraps A soft charcoal cashmere-blend scarf with fringed ends, long enough to loop twice. Warm without bulk, which matters under a fitted coat. It comes folded in a fabric pouch that doubles as storage over the summer."
ay-000175,Scarf 'PLAID',"An oversized camel check scarf in a brushed wool blend. Big enough to work as a shoulder wrap on a cold train. The edges are fringed rather than hemmed, which keeps the weight down.",s.Oliver,women,Scarves & wraps,Accessories|Scarves & wraps,camel,Wool blend,false,27.92,34.90,20,true,4.1,189,ONE SIZE,https://pub-2e4a163f7e1b4ee49c544ba33966ad8e.r2.dev/catalog/ay-000175-1.jpg,"Scarf 'PLAID' s.Oliver Scarves & wraps An oversized camel check scarf in a brushed wool blend. Big enough to work as a shoulder wrap on a cold train. The edges are fringed rather than hemmed, which keeps the weight down."
ay-000176,Scarf 'SILK SQUARE',"A printed silk square with hand-rolled edges, in a botanical pattern. Tie it at the neck, around a handle or over the hair. The colours are printed on both sides, so it looks finished however it is knotted.",MORE & MORE,women,Scarves & wraps,Accessories|Scarves & wraps,multicolour,Silk,false,49.90,,,true,4.2,87,ONE SIZE,https://pub-2e4a163f7e1b4ee49c544ba33966ad8e.r2.dev/catalog/ay-000176-1.jpg,"Scarf 'SILK SQUARE' MORE & MORE Scarves & wraps A printed silk square with hand-rolled edges, in a botanical pattern. Tie it at the neck, around a handle or over the hair. The colours are printed on both sides, so it looks finished however it is knotted."
ay-000177,Cap 'FLAG',"A navy six-panel cap in cotton twill with an embroidered flag and a curved brim. The strap at the back adjusts with a metal buckle. The brim is pre-curved, so it does not need the usual week of shaping.",Tommy Hilfiger,men,Hats & caps,Accessories|Hats & caps,navy,Cotton,false,34.90,,,true,4.3,274,ONE SIZE,https://pub-2e4a163f7e1b4ee49c544ba33966ad8e.r2.dev/catalog/ay-000177-1.jpg,"Cap 'FLAG' Tommy Hilfiger Hats & caps A navy six-panel cap in cotton twill with an embroidered flag and a curved brim. The strap at the back adjusts with a metal buckle. The brim is pre-curved, so it does not need the usual week of shaping."
ay-000178,Beanie 'NORDIC',A ribbed grey beanie in a soft wool blend with a folded cuff. It sits close to the head and stays put in wind. Fine enough to fit under a hood without adding bulk around the ears.,Camel Active,men,Hats & caps,Accessories|Hats & caps,grey,Wool blend,false,22.43,29.90,25,true,4.1,143,ONE SIZE,https://pub-2e4a163f7e1b4ee49c544ba33966ad8e.r2.dev/catalog/ay-000178-1.jpg,Beanie 'NORDIC' Camel Active Hats & caps A ribbed grey beanie in a soft wool blend with a folded cuff. It sits close to the head and stays put in wind. Fine enough to fit under a hood without adding bulk around the ears.
ay-000179,Cap 'MINI',A small red cotton cap with a soft brim and a hook-and-loop strap. Made to shade a face at the beach and to survive being sat on.,ABOUT YOU,kids,Hats & caps,Accessories|Hats & caps,red,Cotton,false,14.90,,,true,4.0,96,ONE SIZE,https://pub-2e4a163f7e1b4ee49c544ba33966ad8e.r2.dev/catalog/ay-000179-1.jpg,Cap 'MINI' ABOUT YOU Hats & caps A small red cotton cap with a soft brim and a hook-and-loop strap. Made to shade a face at the beach and to survive being sat on.
ay-000180,Belt 'CLASSIC',"A brown full-grain leather belt with a brushed pin buckle and stitched edges. Thick enough for jeans and plain enough for trousers. Five holes give a reasonable range, and the leather softens across the first month.",Camel Active,men,Belts,Accessories|Belts,brown,Leather,false,49.90,,,true,4.4,187,85|90|95|100,https://pub-2e4a163f7e1b4ee49c544ba33966ad8e.r2.dev/catalog/ay-000180-1.jpg,"Belt 'CLASSIC' Camel Active Belts A brown full-grain leather belt with a brushed pin buckle and stitched edges. Thick enough for jeans and plain enough for trousers. Five holes give a reasonable range, and the leather softens across the first month."
ay-000181,Belt 'LOGO',"A narrow black leather belt with a polished logo buckle. It defines the waist over a dress without adding any visual weight. It runs true to size, with the middle hole matching the stated waist measurement.",Calvin Klein,women,Belts,Accessories|Belts,black,Leather,false,48.93,69.90,30,true,4.2,154,85|90|95|100,https://pub-2e4a163f7e1b4ee49c544ba33966ad8e.r2.dev/catalog/ay-000181-1.jpg,"Belt 'LOGO' Calvin Klein Belts A narrow black leather belt with a polished logo buckle. It defines the waist over a dress without adding any visual weight. It runs true to size, with the middle hole matching the stated waist measurement."
ay-000182,Belt 'WOVEN',"A stretch woven belt in navy with a leather tab and a matte buckle. It gives with movement, which makes it comfortable when seated for hours. The webbing can be cut to length at home and the buckle re-fitted without tools.",Diesel,men,Belts,Accessories|Belts,navy,,false,39.90,,,true,3.9,108,85|90|95|100,https://pub-2e4a163f7e1b4ee49c544ba33966ad8e.r2.dev/catalog/ay-000182-1.jpg,"Belt 'WOVEN' Diesel Belts A stretch woven belt in navy with a leather tab and a matte buckle. It gives with movement, which makes it comfortable when seated for hours. The webbing can be cut to length at home and the buckle re-fitted without tools."
ay-000183,Wallet 'BIFOLD',"A slim brown leather wallet with eight card slots, a note section and a coin pocket. It stays flat in a back pocket even when full. The coin pocket closes with a press stud rather than a zip, which lasts longer.",Camel Active,men,Wallets & cases,Accessories|Wallets & cases,brown,Leather,false,59.90,,,true,4.5,213,ONE SIZE,https://pub-2e4a163f7e1b4ee49c544ba33966ad8e.r2.dev/catalog/ay-000183-1.jpg,"Wallet 'BIFOLD' Camel Active Wallets & cases A slim brown leather wallet with eight card slots, a note section and a coin pocket. It stays flat in a back pocket even when full. The coin pocket closes with a press stud rather than a zip, which lasts longer."
ay-000184,Wallet 'ZIP',A zip-around black leather purse with twelve card slots and two note compartments. Large enough to hold a passport on the way to the airport. The zip runs on a metal track and the leather edges are painted rather than folded.,Liebeskind Berlin,women,Wallets & cases,Accessories|Wallets & cases,black,Leather,false,63.92,79.90,20,true,4.4,167,ONE SIZE,https://pub-2e4a163f7e1b4ee49c544ba33966ad8e.r2.dev/catalog/ay-000184-1.jpg,Wallet 'ZIP' Liebeskind Berlin Wallets & cases A zip-around black leather purse with twelve card slots and two note compartments. Large enough to hold a passport on the way to the airport. The zip runs on a metal track and the leather edges are painted rather than folded.
ay-000185,Card Holder 'MINI',A compact leather card holder with four slots and a central pocket for folded notes. Made for people who have given up carrying anything larger. One outer slot sits open for a travel card that gets tapped several times a day.,Calvin Klein,men,Wallets & cases,Accessories|Wallets & cases,black,Leather,false,39.90,,,true,4.1,231,ONE SIZE,https://pub-2e4a163f7e1b4ee49c544ba33966ad8e.r2.dev/catalog/ay-000185-1.jpg,Card Holder 'MINI' Calvin Klein Wallets & cases A compact leather card holder with four slots and a central pocket for folded notes. Made for people who have given up carrying anything larger. One outer slot sits open for a travel card that gets tapped several times a day.
ay-000186,Sunglasses 'MALIBU',"Oversized tortoiseshell acetate frames with gradient lenses and full UV protection. The wide arms sit comfortably against the temples. Lenses are category three, which is dark enough for a Mediterranean summer, and the hinges are sprung so the frame survives being pushed onto the head.",Kapten & Son,women,Sunglasses,Accessories|Sunglasses,tortoise,Acetate,false,79.90,,,true,4.3,176,ONE SIZE,https://pub-2e4a163f7e1b4ee49c544ba33966ad8e.r2.dev/catalog/ay-000186-1.jpg,"Sunglasses 'MALIBU' Kapten & Son Sunglasses Oversized tortoiseshell acetate frames with gradient lenses and full UV protection. The wide arms sit comfortably against the temples. Lenses are category three, which is dark enough for a Mediterranean summer, and the hinges are sprung so the frame survives being pushed onto the head."
ay-000187,Sunglasses 'PILOT',"A classic aviator in gunmetal with green mineral lenses and adjustable nose pads. Light on the face and reliably flattering. The lenses are mineral glass rather than plastic, so they resist scratching in a pocket, and a hard case is included.",Tommy Hilfiger,men,Sunglasses,Accessories|Sunglasses,gunmetal,Metal,false,74.93,99.90,25,true,4.2,138,ONE SIZE,https://pub-2e4a163f7e1b4ee49c544ba33966ad8e.r2.dev/catalog/ay-000187-1.jpg,"Sunglasses 'PILOT' Tommy Hilfiger Sunglasses A classic aviator in gunmetal with green mineral lenses and adjustable nose pads. Light on the face and reliably flattering. The lenses are mineral glass rather than plastic, so they resist scratching in a pocket, and a hard case is included."
ay-000188,Sunglasses 'RETRO',"Cream cat-eye frames with dark lenses, cut in a small seventies shape. An inexpensive pair for holidays where sunglasses tend to get lost. Lens category three with full UV filtering, despite the price, and a soft pouch is included.",ABOUT YOU,women,Sunglasses,Accessories|Sunglasses,cream,,false,24.90,,,true,3.8,264,ONE SIZE,https://pub-2e4a163f7e1b4ee49c544ba33966ad8e.r2.dev/catalog/ay-000188-1.jpg,"Sunglasses 'RETRO' ABOUT YOU Sunglasses Cream cat-eye frames with dark lenses, cut in a small seventies shape. An inexpensive pair for holidays where sunglasses tend to get lost. Lens category three with full UV filtering, despite the price, and a soft pouch is included."
ay-000189,Phone Case 'MONOGRAM',A beige monogrammed case with a detachable wrist strap and raised edges around the camera. It protects the screen when the phone is set down face first.,Guess,women,Smartphone cases,Accessories|Smartphone cases,beige,Faux leather,false,29.90,,,true,4.0,197,ONE SIZE,https://pub-2e4a163f7e1b4ee49c544ba33966ad8e.r2.dev/catalog/ay-000189-1.jpg,Phone Case 'MONOGRAM' Guess Smartphone cases A beige monogrammed case with a detachable wrist strap and raised edges around the camera. It protects the screen when the phone is set down face first.
ay-000190,Phone Case 'CLEAR',A clear silicone case with reinforced corners and a matte grip finish. Slim enough to slide into a pocket and cheap enough to replace when it yellows.,ABOUT YOU,men,Smartphone cases,Accessories|Smartphone cases,transparent,Silicone,false,10.32,12.90,20,true,,,ONE SIZE,https://pub-2e4a163f7e1b4ee49c544ba33966ad8e.r2.dev/catalog/ay-000190-1.jpg,Phone Case 'CLEAR' ABOUT YOU Smartphone cases A clear silicone case with reinforced corners and a matte grip finish. Slim enough to slide into a pocket and cheap enough to replace when it yellows.
ay-000191,Sports Top 'FLOW',A fitted black training top in quick-drying recycled fabric with flatlock seams. The racer back leaves the shoulders free for overhead movements. A small zipped pocket at the back holds a key without bouncing during a run.,LASCANA,women,Sports tops,Sportswear|Sports tops,black,Recycled polyester,false,29.90,,,true,4.2,218,XS|S|M|L|XL,https://pub-2e4a163f7e1b4ee49c544ba33966ad8e.r2.dev/catalog/ay-000191-1.jpg,Sports Top 'FLOW' LASCANA Sports tops A fitted black training top in quick-drying recycled fabric with flatlock seams. The racer back leaves the shoulders free for overhead movements. A small zipped pocket at the back holds a key without bouncing during a run.
ay-000192,Sports Top 'DRY',A loose grey training tee with mesh panels under the arms. It moves sweat away quickly and does not cling during longer sessions. The hem sits low enough at the back to stay covered through a hinge movement.,Puma,men,Sports tops,Sportswear|Sports tops,grey,Polyester,false,26.21,34.95,25,true,4.1,176,XS|S|M|L|XL,https://pub-2e4a163f7e1b4ee49c544ba33966ad8e.r2.dev/catalog/ay-000192-1.jpg,Sports Top 'DRY' Puma Sports tops A loose grey training tee with mesh panels under the arms. It moves sweat away quickly and does not cling during longer sessions. The hem sits low enough at the back to stay covered through a hinge movement.
ay-000193,Sports Top 'SEAMLESS',"A seamless sage crop top with a supportive underband, knitted in one piece. Soft enough for yoga and firm enough for a studio class. The knit is dense enough to stay opaque when stretched over a deep bend.",NU-IN,women,Sports tops,Sportswear|Sports tops,sage,Nylon blend,false,39.90,,,true,4.3,143,XS|S|M|L|XL,https://pub-2e4a163f7e1b4ee49c544ba33966ad8e.r2.dev/catalog/ay-000193-1.jpg,"Sports Top 'SEAMLESS' NU-IN Sports tops A seamless sage crop top with a supportive underband, knitted in one piece. Soft enough for yoga and firm enough for a studio class. The knit is dense enough to stay opaque when stretched over a deep bend."
ay-000194,Leggings 'CORE',"High-waisted black leggings in a thick compressive knit that stays opaque in a deep squat. Two side pockets take a phone and a key. The high waist stays up through burpees, which is the only test that matters.",LASCANA,women,Sports bottoms & leggings,Sportswear|Sports bottoms & leggings,black,Recycled polyester,false,39.90,,,true,4.4,387,25|26|27|28|29|30|31,https://pub-2e4a163f7e1b4ee49c544ba33966ad8e.r2.dev/catalog/ay-000194-1.jpg,"Leggings 'CORE' LASCANA Sports bottoms & leggings High-waisted black leggings in a thick compressive knit that stays opaque in a deep squat. Two side pockets take a phone and a key. The high waist stays up through burpees, which is the only test that matters."
ay-000195,Shorts 'SPRINT',Light navy running shorts with a built-in brief and a zipped back pocket. The split hem gives the stride room at speed. The waistband is drawcorded inside so it can be tightened without bunching.,Puma,men,Sports bottoms & leggings,Sportswear|Sports bottoms & leggings,navy,Polyester,false,23.96,29.95,20,true,4.0,164,29|30|31|32|33|34|36,https://pub-2e4a163f7e1b4ee49c544ba33966ad8e.r2.dev/catalog/ay-000195-1.jpg,Shorts 'SPRINT' Puma Sports bottoms & leggings Light navy running shorts with a built-in brief and a zipped back pocket. The split hem gives the stride room at speed. The waistband is drawcorded inside so it can be tightened without bunching.
ay-000196,Leggings 'JUMP',Purple training leggings with a soft elastic waistband and reflective strips down the calf. Stretchy enough for gymnastics and quick to dry after a session in the rain.,ABOUT YOU,kids,Sports bottoms & leggings,Sportswear|Sports bottoms & leggings,purple,Recycled polyester,false,24.90,,,true,4.3,96,110|116|122|128,https://pub-2e4a163f7e1b4ee49c544ba33966ad8e.r2.dev/catalog/ay-000196-1.jpg,Leggings 'JUMP' ABOUT YOU Sports bottoms & leggings Purple training leggings with a soft elastic waistband and reflective strips down the calf. Stretchy enough for gymnastics and quick to dry after a session in the rain.
ay-000197,Sports Jacket 'SHELL',A packable black running shell with taped seams and reflective detailing. It folds into its own pocket and weighs almost nothing in a rucksack. The hood is adjustable at the back and the cuffs are elasticated to keep rain out.,adidas Originals,men,Sports jackets,Sportswear|Sports jackets,black,Recycled polyester,false,89.95,,,true,4.3,152,XS|S|M|L|XL,https://pub-2e4a163f7e1b4ee49c544ba33966ad8e.r2.dev/catalog/ay-000197-1.jpg,Sports Jacket 'SHELL' adidas Originals Sports jackets A packable black running shell with taped seams and reflective detailing. It folds into its own pocket and weighs almost nothing in a rucksack. The hood is adjustable at the back and the cuffs are elasticated to keep rain out.
ay-000198,Sports Jacket 'TRACK',"A burgundy track jacket with contrast piping and a stand collar. A warm-up layer that has quietly become an everyday jacket. The polyester is brushed inside, which makes it warm enough to wear as a light layer in autumn.",Puma,women,Sports jackets,Sportswear|Sports jackets,burgundy,Polyester,false,48.97,69.95,30,true,4.1,118,XS|S|M|L|XL,https://pub-2e4a163f7e1b4ee49c544ba33966ad8e.r2.dev/catalog/ay-000198-1.jpg,"Sports Jacket 'TRACK' Puma Sports jackets A burgundy track jacket with contrast piping and a stand collar. A warm-up layer that has quietly become an everyday jacket. The polyester is brushed inside, which makes it warm enough to wear as a light layer in autumn."
ay-000199,Running Shoes 'PULSE',"A neutral cushioned road shoe with a soft foam midsole and a breathable coral mesh upper. Suited to daily mileage rather than race day. The drop is eight millimetres, which suits most heel strikers without forcing a change of form.",New Balance,women,Running shoes,Sportswear|Running shoes,coral,Recycled mesh,false,129.95,,,true,4.5,264,36|37|38|39|40|41,https://pub-2e4a163f7e1b4ee49c544ba33966ad8e.r2.dev/catalog/ay-000199-1.jpg,"Running Shoes 'PULSE' New Balance Running shoes A neutral cushioned road shoe with a soft foam midsole and a breathable coral mesh upper. Suited to daily mileage rather than race day. The drop is eight millimetres, which suits most heel strikers without forcing a change of form."
ay-000200,Running Shoes 'AERO',"A responsive trainer with a firm heel counter and a rocker sole that rolls the foot forward. Built for tempo runs on tarmac. The upper is thin and unlined, so it drains quickly and dries overnight.",Nike Sportswear,men,Running shoes,Sportswear|Running shoes,black,Mesh,false,111.99,139.99,20,true,4.4,197,41|42|43|44|45,https://pub-2e4a163f7e1b4ee49c544ba33966ad8e.r2.dev/catalog/ay-000200-1.jpg,"Running Shoes 'AERO' Nike Sportswear Running shoes A responsive trainer with a firm heel counter and a rocker sole that rolls the foot forward. Built for tempo runs on tarmac. The upper is thin and unlined, so it drains quickly and dries overnight."
ay-000201,Running Shoes 'JUNIOR',A light yellow running shoe for children with an elastic lace and a wide toe box. Flexible through the sole so young feet can move naturally. Reflective detail on the heel makes a difference on winter afternoons.,adidas Originals,kids,Running shoes,Sportswear|Running shoes,yellow,Mesh,false,54.95,,,true,4.2,108,30|31|32|33|34,https://pub-2e4a163f7e1b4ee49c544ba33966ad8e.r2.dev/catalog/ay-000201-1.jpg,Running Shoes 'JUNIOR' adidas Originals Running shoes A light yellow running shoe for children with an elastic lace and a wide toe box. Flexible through the sole so young feet can move naturally. Reflective detail on the heel makes a difference on winter afternoons.
ay-000202,Outdoor Shoes 'TRAIL',A low hiking shoe in olive suede and mesh with a grippy lugged sole. Water-repellent and stable enough for gravel paths and forest tracks. A gusseted tongue keeps grit out on long descents.,Camel Active,men,Outdoor shoes,Sportswear|Outdoor shoes,olive,Suede,false,149.90,,,true,4.4,96,41|42|43|44|45,https://pub-2e4a163f7e1b4ee49c544ba33966ad8e.r2.dev/catalog/ay-000202-1.jpg,Outdoor Shoes 'TRAIL' Camel Active Outdoor shoes A low hiking shoe in olive suede and mesh with a grippy lugged sole. Water-repellent and stable enough for gravel paths and forest tracks. A gusseted tongue keeps grit out on long descents.
ay-000203,Outdoor Shoes 'FJELL',A trail shoe with a rock plate underfoot and a protective toe bumper. The grey mesh drains quickly after a stream crossing. The lugs are deep enough for mud without feeling clumsy on hard-packed trail.,New Balance,men,Outdoor shoes,Sportswear|Outdoor shoes,grey,Recycled mesh,false,89.96,119.95,25,false,4.1,84,41|42|43|44|45,https://pub-2e4a163f7e1b4ee49c544ba33966ad8e.r2.dev/catalog/ay-000203-1.jpg,Outdoor Shoes 'FJELL' New Balance Outdoor shoes A trail shoe with a rock plate underfoot and a protective toe bumper. The grey mesh drains quickly after a stream crossing. The lugs are deep enough for mud without feeling clumsy on hard-packed trail.
ay-000204,Business Backpack 'SEGOVIA',"This navy Polyester backpack is built for the professional commuter, featuring a dedicated 15-inch padded sleeve and document compartments. It provides secure storage for a laptop and briefcase contents. Its durable, lightweight design is comparable to carrying a standard gym bag.",Camel Active,women,Business & laptop bags,Accessories|Bags & backpacks|Bags|Business & laptop bags,navy,Polyester,false,136.90,,,true,3.9,33,ONE SIZE,https://pub-2e4a163f7e1b4ee49c544ba33966ad8e.r2.dev/catalog/ay-000204-1.jpg,"Business Backpack 'SEGOVIA' Camel Active Business & laptop bags This navy Polyester backpack is built for the professional commuter, featuring a dedicated 15-inch padded sleeve and document compartments. It provides secure storage for a laptop and briefcase contents. Its durable, lightweight design is comparable to carrying a standard gym bag."
ay-000205,Belt Bag 'LEVEN',"This nylon bag features a practical sand colourway, ideal for everyday carry. It securely holds essentials while remaining lightweight and durable. Please note that the nylon material will require occasional spot cleaning to maintain its appearance.",Coccinelle,men,Bum bags,Accessories|Bags & backpacks|Bags|Bum bags,sand,Nylon,false,42.74,56.99,25,true,4.7,199,ONE SIZE,https://pub-2e4a163f7e1b4ee49c544ba33966ad8e.r2.dev/catalog/ay-000205-1.jpg,"Belt Bag 'LEVEN' Coccinelle Bum bags This nylon bag features a practical sand colourway, ideal for everyday carry. It securely holds essentials while remaining lightweight and durable. Please note that the nylon material will require occasional spot cleaning to maintain its appearance."
ay-000206,Dress 'WEXFORD',"Wool blend offers a warm and structured feel. This dress is designed in a deep burgundy shade, providing refined elegance. The composition is suitable for seasonal wear, ensuring comfort and a polished appearance.",Copenhagen Studios,women,Dresses,Clothing|Dresses,burgundy,Wool blend,true,199.14,331.90,40,true,,,XS|S|M|L|XL,https://pub-2e4a163f7e1b4ee49c544ba33966ad8e.r2.dev/catalog/ay-000206-1.jpg,"Dress 'WEXFORD' Copenhagen Studios Dresses Wool blend offers a warm and structured feel. This dress is designed in a deep burgundy shade, providing refined elegance. The composition is suitable for seasonal wear, ensuring comfort and a polished appearance."
ay-000207,Laptop Backpack 'GHENT',"This sand Polyester backpack accommodates a 15-inch laptop and documents in a structured design. It features a padded sleeve for professional use, making it suitable for the daily commuter. The bag is durable and remarkably light, weighing less than a standard paperback book.",Liebeskind Berlin,women,Business & laptop bags,Accessories|Bags & backpacks|Bags|Business & laptop bags,sand,Polyester,false,151.12,188.90,20,true,4.3,350,ONE SIZE,https://pub-2e4a163f7e1b4ee49c544ba33966ad8e.r2.dev/catalog/ay-000207-1.jpg,"Laptop Backpack 'GHENT' Liebeskind Berlin Business & laptop bags This sand Polyester backpack accommodates a 15-inch laptop and documents in a structured design. It features a padded sleeve for professional use, making it suitable for the daily commuter. The bag is durable and remarkably light, weighing less than a standard paperback book."
ay-000208,Jeans 'ANNECY',"These anthracite linen jeans feature a relaxed cut and are surprisingly lightweight, feeling less heavy than standard denim. The breathable linen blend offers reliable comfort and a smart appearance for casual use.",VERO MODA,men,Jeans,Clothing|Jeans,anthracite,Linen,false,55.00,,,true,4.3,119,29|30|31|32|33|34|36,https://pub-2e4a163f7e1b4ee49c544ba33966ad8e.r2.dev/catalog/ay-000208-1.jpg,"Jeans 'ANNECY' VERO MODA Jeans These anthracite linen jeans feature a relaxed cut and are surprisingly lightweight, feeling less heavy than standard denim. The breathable linen blend offers reliable comfort and a smart appearance for casual use."
ay-000209,Running Shoes 'JEREZ',"Lace fastening allows for a secure fit during runs. The suede upper is rendered in a pale cream shade, providing a breathable and durable construction. These running shoes feature a cushioned midsole designed for consistent athletic performance.",Puma,men,Running shoes,Sportswear|Running shoes,cream,Suede,false,36.99,73.99,50,true,4.6,506,41|42|43|44|45,https://pub-2e4a163f7e1b4ee49c544ba33966ad8e.r2.dev/catalog/ay-000209-1.jpg,"Running Shoes 'JEREZ' Puma Running shoes Lace fastening allows for a secure fit during runs. The suede upper is rendered in a pale cream shade, providing a breathable and durable construction. These running shoes feature a cushioned midsole designed for consistent athletic performance."
ay-000210,Dress 'TIVOLI',"Taupe pairs well with neutral accessories for a smart, adaptable look. Constructed from a wool blend, this dress provides comfortable warmth and a tailored drape throughout the day. It is an easy piece to integrate into a professional wardrobe.",MORE & MORE,women,Dresses,Clothing|Dresses,taupe,Wool blend,false,59.49,118.99,50,false,4.6,436,XS|S|M|L|XL,https://pub-2e4a163f7e1b4ee49c544ba33966ad8e.r2.dev/catalog/ay-000210-1.jpg,"Dress 'TIVOLI' MORE & MORE Dresses Taupe pairs well with neutral accessories for a smart, adaptable look. Constructed from a wool blend, this dress provides comfortable warmth and a tailored drape throughout the day. It is an easy piece to integrate into a professional wardrobe."
ay-000211,Belt 'RUGBY',Ecru complements light tones and neutral trousers. This suede belt offers a versatile finish suitable for smart casual wear. The soft material provides a refined look and comfortable daily wear.,Guess,women,Belts,Accessories|Belts,ecru,Suede,false,103.70,122.00,15,true,4.0,91,85|90|95|100,https://pub-2e4a163f7e1b4ee49c544ba33966ad8e.r2.dev/catalog/ay-000211-1.jpg,Belt 'RUGBY' Guess Belts Ecru complements light tones and neutral trousers. This suede belt offers a versatile finish suitable for smart casual wear. The soft material provides a refined look and comfortable daily wear.
ay-000212,Midi Dress 'TREVISO',"The midi dress features a delicate button fastening down the back. Constructed from smooth bordeaux satin, this piece offers a refined drape and comfortable fit. It is suitable for formal occasions or evening wear.",VERO MODA,women,Dresses,Clothing|Dresses,bordeaux,Satin,false,122.00,,,true,4.4,431,XS|S|M|L|XL,https://pub-2e4a163f7e1b4ee49c544ba33966ad8e.r2.dev/catalog/ay-000212-1.jpg,"Midi Dress 'TREVISO' VERO MODA Dresses The midi dress features a delicate button fastening down the back. Constructed from smooth bordeaux satin, this piece offers a refined drape and comfortable fit. It is suitable for formal occasions or evening wear."
ay-000213,Dress 'TERAMO',"The brown Cotton twill dress offers a classic, structured silhouette. The fabric is durable and weighs approximately as much as a paperback book. This piece provides simple, reliable coverage suitable for daytime wear.",American Vintage,women,Dresses,Clothing|Dresses,brown,Cotton twill,false,50.06,58.90,15,true,4.1,282,XS|S|M|L|XL,https://pub-2e4a163f7e1b4ee49c544ba33966ad8e.r2.dev/catalog/ay-000213-1.jpg,"Dress 'TERAMO' American Vintage Dresses The brown Cotton twill dress offers a classic, structured silhouette. The fabric is durable and weighs approximately as much as a paperback book. This piece provides simple, reliable coverage suitable for daytime wear."
ay-000214,Sports Top 'KOTOR',"The crew neckline provides a comfortable fit for active wear. Constructed from breathable Merino wool, this sports top offers temperature regulation suitable for varying conditions. The deep navy shade ensures reliable performance during any training session.",VERO MODA,women,Sports tops,Sportswear|Sports tops,navy,Merino wool,false,75.00,100.00,25,true,4.3,340,XS|S|M|L|XL,https://pub-2e4a163f7e1b4ee49c544ba33966ad8e.r2.dev/catalog/ay-000214-1.jpg,"Sports Top 'KOTOR' VERO MODA Sports tops The crew neckline provides a comfortable fit for active wear. Constructed from breathable Merino wool, this sports top offers temperature regulation suitable for varying conditions. The deep navy shade ensures reliable performance during any training session."
ay-000215,Shoulder Bag 'SELBY',"This shoulder bag features durable Saffiano leather in a subtle sage colour. Its structured design provides ample storage, and the manageable size is comparable to a standard notebook. This practical bag is designed for everyday use.",Copenhagen Studios,men,Shoulder bags,Accessories|Bags & backpacks|Bags|Shoulder bags,sage,Saffiano leather,true,187.76,220.90,15,true,4.1,361,ONE SIZE,https://pub-2e4a163f7e1b4ee49c544ba33966ad8e.r2.dev/catalog/ay-000215-1.jpg,"Shoulder Bag 'SELBY' Copenhagen Studios Shoulder bags This shoulder bag features durable Saffiano leather in a subtle sage colour. Its structured design provides ample storage, and the manageable size is comparable to a standard notebook. This practical bag is designed for everyday use."
ay-000216,Shoulder Bag 'SOLNA',This emerald leather shoulder bag offers a structured silhouette for everyday use. The durable material requires regular conditioning with leather cream to maintain its finish. It is a practical and classic accessory.,Calvin Klein,women,Shoulder bags,Accessories|Bags & backpacks|Bags|Shoulder bags,emerald,Leather,false,59.96,74.95,20,false,4.2,511,ONE SIZE,https://pub-2e4a163f7e1b4ee49c544ba33966ad8e.r2.dev/catalog/ay-000216-1.jpg,Shoulder Bag 'SOLNA' Calvin Klein Shoulder bags This emerald leather shoulder bag offers a structured silhouette for everyday use. The durable material requires regular conditioning with leather cream to maintain its finish. It is a practical and classic accessory.
ay-000217,Top 'URBINO',"This comfortable taupe cotton top is suitable for smart casual occasions. Its breathable fabric makes it an easy choice for all-day wear, whether at the office or during weekend errands. It pairs simply with various bottoms.",JDY,men,Tops,Clothing|Tops,taupe,Cotton,false,31.99,39.99,20,true,4.9,599,XS|S|M|L|XL,https://pub-2e4a163f7e1b4ee49c544ba33966ad8e.r2.dev/catalog/ay-000217-1.jpg,"Top 'URBINO' JDY Tops This comfortable taupe cotton top is suitable for smart casual occasions. Its breathable fabric makes it an easy choice for all-day wear, whether at the office or during weekend errands. It pairs simply with various bottoms."
ay-000218,Mini Bag 'TRALEE',"The adjustable strap allows for comfortable wear, making this a practical crossbody bag. Constructed from durable coated canvas, the mini bag features a secure fastening and ample internal storage. It arrives in a versatile sage colourway.",Camel Active,women,Crossbody bags,Accessories|Bags & backpacks|Bags|Crossbody bags,sage,Coated canvas,false,50.40,63.00,20,true,,,ONE SIZE,https://pub-2e4a163f7e1b4ee49c544ba33966ad8e.r2.dev/catalog/ay-000218-1.jpg,"Mini Bag 'TRALEE' Camel Active Crossbody bags The adjustable strap allows for comfortable wear, making this a practical crossbody bag. Constructed from durable coated canvas, the mini bag features a secure fastening and ample internal storage. It arrives in a versatile sage colourway."
ay-000219,Hoodie 'CORDOBA',"This cream hoodie offers exceptional warmth and comfort, made from soft Merino wool. It provides a classic, breathable layer suitable for cooler weather. Note that this garment requires careful hand washing to maintain its quality.",JDY,kids,Hoodies,Clothing|Hoodies,cream,Merino wool,false,41.99,,,false,4.3,622,110|116|122|128,https://pub-2e4a163f7e1b4ee49c544ba33966ad8e.r2.dev/catalog/ay-000219-1.jpg,"Hoodie 'CORDOBA' JDY Hoodies This cream hoodie offers exceptional warmth and comfort, made from soft Merino wool. It provides a classic, breathable layer suitable for cooler weather. Note that this garment requires careful hand washing to maintain its quality."
ay-000220,Laptop Sleeve 'MERANO',"The secure zip fastening allows for safe transport of documents and a 15-inch laptop. This commuter sleeve is constructed from durable lilac Saffiano leather, featuring a padded compartment ideal for professional use.",Camel Active,women,Business & laptop bags,Accessories|Bags & backpacks|Bags|Business & laptop bags,lilac,Saffiano leather,false,80.43,114.90,30,true,4.8,333,ONE SIZE,https://pub-2e4a163f7e1b4ee49c544ba33966ad8e.r2.dev/catalog/ay-000220-1.jpg,"Laptop Sleeve 'MERANO' Camel Active Business & laptop bags The secure zip fastening allows for safe transport of documents and a 15-inch laptop. This commuter sleeve is constructed from durable lilac Saffiano leather, featuring a padded compartment ideal for professional use."
ay-000221,Briefcase 'MOLDE',"This sage faux leather briefcase is designed for the modern commuter. It features a secure padded sleeve and a dedicated 15-inch laptop compartment, making it ideal for carrying documents and professional equipment. The durable construction supports demanding daily travel.",Camel Active,men,Business & laptop bags,Accessories|Bags & backpacks|Bags|Business & laptop bags,sage,Faux leather,false,77.18,102.90,25,true,4.8,354,ONE SIZE,https://pub-2e4a163f7e1b4ee49c544ba33966ad8e.r2.dev/catalog/ay-000221-1.jpg,"Briefcase 'MOLDE' Camel Active Business & laptop bags This sage faux leather briefcase is designed for the modern commuter. It features a secure padded sleeve and a dedicated 15-inch laptop compartment, making it ideal for carrying documents and professional equipment. The durable construction supports demanding daily travel."
ay-000222,Ankle Boots 'SPOLETO',"For everyday wear, these ankle boots offer comfort and style. Constructed from durable canvas material and presented in a versatile sage colour, they are designed for all-day wearability.",RÆRE by Lorena Rae,kids,Ankle boots,Shoes|Ankle boots,sage,Canvas,false,64.47,128.95,50,true,4.7,491,30|31|32|33|34,https://pub-2e4a163f7e1b4ee49c544ba33966ad8e.r2.dev/catalog/ay-000222-1.jpg,"Ankle Boots 'SPOLETO' RÆRE by Lorena Rae Ankle boots For everyday wear, these ankle boots offer comfort and style. Constructed from durable canvas material and presented in a versatile sage colour, they are designed for all-day wearability."
ay-000223,Crossbody Bag 'TURIN',"White complements any outfit, making this practical nylon crossbody bag a versatile choice for daily wear. The lightweight construction and adjustable strap ensure comfortable carrying. This functional bag is suitable for various occasions.",NU-IN,men,Crossbody bags,Accessories|Bags & backpacks|Bags|Crossbody bags,white,Nylon,false,70.70,101.00,30,true,3.9,187,ONE SIZE,https://pub-2e4a163f7e1b4ee49c544ba33966ad8e.r2.dev/catalog/ay-000223-1.jpg,"Crossbody Bag 'TURIN' NU-IN Crossbody bags White complements any outfit, making this practical nylon crossbody bag a versatile choice for daily wear. The lightweight construction and adjustable strap ensure comfortable carrying. This functional bag is suitable for various occasions."
ay-000224,Leggings 'SURREY',"These chocolate chiffon leggings offer light coverage suitable for athletic wear. The chiffon material is exceptionally breathable, feeling only as light as a sheet of standard wrapping paper. They provide reliable comfort for general gym and studio activities.",PIECES,women,Sports bottoms & leggings,Sportswear|Sports bottoms & leggings,chocolate,Chiffon,false,58.73,83.90,30,true,4.7,635,25|26|27|28|29|30|31,https://pub-2e4a163f7e1b4ee49c544ba33966ad8e.r2.dev/catalog/ay-000224-1.jpg,"Leggings 'SURREY' PIECES Sports bottoms & leggings These chocolate chiffon leggings offer light coverage suitable for athletic wear. The chiffon material is exceptionally breathable, feeling only as light as a sheet of standard wrapping paper. They provide reliable comfort for general gym and studio activities."
ay-000225,Sunglasses 'ZAMORA',"These sunglasses feature a classic design crafted entirely from wool felt in a cream shade. They provide a comfortable alternative to traditional frames. Due to the nature of the material, they require careful spot cleaning only.",Copenhagen Studios,women,Sunglasses,Accessories|Sunglasses,cream,Wool felt,true,119.66,170.95,30,true,4.5,86,ONE SIZE,https://pub-2e4a163f7e1b4ee49c544ba33966ad8e.r2.dev/catalog/ay-000225-1.jpg,"Sunglasses 'ZAMORA' Copenhagen Studios Sunglasses These sunglasses feature a classic design crafted entirely from wool felt in a cream shade. They provide a comfortable alternative to traditional frames. Due to the nature of the material, they require careful spot cleaning only."
ay-000226,Running Shoes 'EDEN',"For daily training runs, these black synthetic running shoes provide reliable support and comfort. The durable synthetic material ensures consistent performance across various terrains. They offer reliable cushioning for consistent mileage.",Puma,men,Running shoes,Sportswear|Running shoes,black,Synthetic,false,58.49,77.99,25,true,4.8,135,41|42|43|44|45,https://pub-2e4a163f7e1b4ee49c544ba33966ad8e.r2.dev/catalog/ay-000226-1.jpg,"Running Shoes 'EDEN' Puma Running shoes For daily training runs, these black synthetic running shoes provide reliable support and comfort. The durable synthetic material ensures consistent performance across various terrains. They offer reliable cushioning for consistent mileage."
ay-000227,Sandals 'LISMORE',These white mesh sandals provide breathable support for warm weather wear. The adjustable straps allow for a tailored fit across the foot. Please note that the Mesh material requires careful spot cleaning to prevent snagging.,Marco Tozzi,men,Sandals,Shoes|Sandals,white,Mesh,false,43.90,,,true,4.2,303,41|42|43|44|45,https://pub-2e4a163f7e1b4ee49c544ba33966ad8e.r2.dev/catalog/ay-000227-1.jpg,Sandals 'LISMORE' Marco Tozzi Sandals These white mesh sandals provide breathable support for warm weather wear. The adjustable straps allow for a tailored fit across the foot. Please note that the Mesh material requires careful spot cleaning to prevent snagging.
ay-000228,Sports Shoes 'DOVER',"Emerald sports shoes feature a lightweight Mesh upper for optimal airflow and breathability. Designed for athletic performance, these shoes provide reliable support and comfort during intense training sessions.",Marco Tozzi,men,Sports shoes,Shoes|Sports shoes,emerald,Mesh,false,31.36,36.90,15,false,4.1,225,41|42|43|44|45,https://pub-2e4a163f7e1b4ee49c544ba33966ad8e.r2.dev/catalog/ay-000228-1.jpg,"Sports Shoes 'DOVER' Marco Tozzi Sports shoes Emerald sports shoes feature a lightweight Mesh upper for optimal airflow and breathability. Designed for athletic performance, these shoes provide reliable support and comfort during intense training sessions."
ay-000229,Running Shoes 'TRURO',This pair of beige leather running shoes provides durable support suitable for long urban runs. The quality leather upper material offers a reliable fit and a classic appearance for regular training sessions.,NU-IN,men,Running shoes,Sportswear|Running shoes,beige,Leather,false,31.99,39.99,20,true,4.3,46,41|42|43|44|45,https://pub-2e4a163f7e1b4ee49c544ba33966ad8e.r2.dev/catalog/ay-000229-1.jpg,Running Shoes 'TRURO' NU-IN Running shoes This pair of beige leather running shoes provides durable support suitable for long urban runs. The quality leather upper material offers a reliable fit and a classic appearance for regular training sessions.
ay-000230,Bum Bag 'PRATO',"Burgundy pairs effectively with deep tones and neutrals. This practical bum bag is made from durable polyester. It offers reliable storage for everyday items, keeping your essentials secure and accessible.",Calvin Klein,kids,Bum bags,Accessories|Bags & backpacks|Bags|Bum bags,burgundy,Polyester,false,47.95,,,true,4.1,578,ONE SIZE,https://pub-2e4a163f7e1b4ee49c544ba33966ad8e.r2.dev/catalog/ay-000230-1.jpg,"Bum Bag 'PRATO' Calvin Klein Bum bags Burgundy pairs effectively with deep tones and neutrals. This practical bum bag is made from durable polyester. It offers reliable storage for everyday items, keeping your essentials secure and accessible."
ay-000231,Business Backpack 'FENNO',"For the daily commuter needing reliable storage, this emerald nylon backpack offers professional utility. It features a padded 15-inch laptop compartment and dedicated sections for important documents and a tablet. The durable build makes it suitable as a modern briefcase alternative.",Camel Active,women,Business & laptop bags,Accessories|Bags & backpacks|Bags|Business & laptop bags,emerald,Nylon,false,75.60,126.00,40,true,4.7,434,ONE SIZE,https://pub-2e4a163f7e1b4ee49c544ba33966ad8e.r2.dev/catalog/ay-000231-1.jpg,"Business Backpack 'FENNO' Camel Active Business & laptop bags For the daily commuter needing reliable storage, this emerald nylon backpack offers professional utility. It features a padded 15-inch laptop compartment and dedicated sections for important documents and a tablet. The durable build makes it suitable as a modern briefcase alternative."
ay-000232,Laptop Bag 'ZARAGOZA',This black faux leather bag is designed as a professional commuter briefcase. It includes a padded 15-inch laptop compartment and sleeves for important documents. The material is built to develop a usable patina with regular use.,Tommy Hilfiger,women,Business & laptop bags,Accessories|Bags & backpacks|Bags|Business & laptop bags,black,Faux leather,false,202.00,,,true,4.2,454,ONE SIZE,https://pub-2e4a163f7e1b4ee49c544ba33966ad8e.r2.dev/catalog/ay-000232-1.jpg,Laptop Bag 'ZARAGOZA' Tommy Hilfiger Business & laptop bags This black faux leather bag is designed as a professional commuter briefcase. It includes a padded 15-inch laptop compartment and sleeves for important documents. The material is built to develop a usable patina with regular use.
ay-000233,Mini Bag 'RONDA',A zip closure secures the main compartment of this mini bag. It features an adjustable strap and is constructed from durable chocolate nylon. This compact crossbody bag holds your essentials securely and discreetly.,Liebeskind Berlin,men,Crossbody bags,Accessories|Bags & backpacks|Bags|Crossbody bags,chocolate,Nylon,false,53.97,89.95,40,true,,,ONE SIZE,https://pub-2e4a163f7e1b4ee49c544ba33966ad8e.r2.dev/catalog/ay-000233-1.jpg,Mini Bag 'RONDA' Liebeskind Berlin Crossbody bags A zip closure secures the main compartment of this mini bag. It features an adjustable strap and is constructed from durable chocolate nylon. This compact crossbody bag holds your essentials securely and discreetly.
ay-000234,Knit 'GIRONA',"Soft and lightweight, this knit sweater offers comfortable wear throughout the season. The lovely lilac colour makes it an easy addition to your wardrobe. This piece provides breathable warmth for cooler days.",ONLY,kids,Sweaters & knitwear,Clothing|Sweaters & knitwear,lilac,,false,20.00,40.00,50,true,3.7,517,110|116|122|128,https://pub-2e4a163f7e1b4ee49c544ba33966ad8e.r2.dev/catalog/ay-000234-1.jpg,"Knit 'GIRONA' ONLY Sweaters & knitwear Soft and lightweight, this knit sweater offers comfortable wear throughout the season. The lovely lilac colour makes it an easy addition to your wardrobe. This piece provides breathable warmth for cooler days."
ay-000235,Jacket 'NOVARA',"This black denim jacket offers a durable, versatile fit. The deep black colour will naturally soften and develop a unique patina with regular wear. It is designed to become more comfortable over time.",VILA,women,Jackets,Clothing|Jackets,black,Denim,false,61.56,87.95,30,true,4.6,384,XS|S|M|L|XL,https://pub-2e4a163f7e1b4ee49c544ba33966ad8e.r2.dev/catalog/ay-000235-1.jpg,"Jacket 'NOVARA' VILA Jackets This black denim jacket offers a durable, versatile fit. The deep black colour will naturally soften and develop a unique patina with regular wear. It is designed to become more comfortable over time."
ay-000236,T-Shirt 'COMO',This t-shirt is constructed from Viscose and presented in a rich chocolate shade. It offers a comfortable feel for everyday use. Care instructions advise that the garment should be washed gently to maintain its shape.,NA-KD,kids,Tops,Clothing|Tops,chocolate,Viscose,false,11.96,14.95,20,true,4.1,508,110|116|122|128,https://pub-2e4a163f7e1b4ee49c544ba33966ad8e.r2.dev/catalog/ay-000236-1.jpg,T-Shirt 'COMO' NA-KD Tops This t-shirt is constructed from Viscose and presented in a rich chocolate shade. It offers a comfortable feel for everyday use. Care instructions advise that the garment should be washed gently to maintain its shape.
ay-000237,Pants 'VADSO',"These emerald denim pants provide a deep, rich colourway. The durable denim material is designed to maintain its structure while developing a comfortable patina with regular wear. They offer dependable comfort for general use.",VERO MODA,women,Pants,Clothing|Pants,emerald,Denim,false,16.72,20.90,20,true,4.0,183,25|26|27|28|29|30|31,https://pub-2e4a163f7e1b4ee49c544ba33966ad8e.r2.dev/catalog/ay-000237-1.jpg,"Pants 'VADSO' VERO MODA Pants These emerald denim pants provide a deep, rich colourway. The durable denim material is designed to maintain its structure while developing a comfortable patina with regular wear. They offer dependable comfort for general use."
ay-000238,Jeans 'YSTAD',"These jeans feature a satin material in a rich bordeaux colourway. They provide a smooth, comfortable fit for varied casual occasions. Due to the nature of the satin, dry cleaning is recommended to preserve the fabric integrity.",Copenhagen Studios,men,Jeans,Clothing|Jeans,bordeaux,Satin,true,274.00,,,true,3.9,558,29|30|31|32|33|34|36,https://pub-2e4a163f7e1b4ee49c544ba33966ad8e.r2.dev/catalog/ay-000238-1.jpg,"Jeans 'YSTAD' Copenhagen Studios Jeans These jeans feature a satin material in a rich bordeaux colourway. They provide a smooth, comfortable fit for varied casual occasions. Due to the nature of the satin, dry cleaning is recommended to preserve the fabric integrity."
ay-000239,Sports Shoes 'DORSET',Khaki shoes pair well with casual sportswear and practical attire. These durable synthetic sports shoes offer reliable support and comfort during varied training activities. They provide dependable performance for everyday use.,Reebok Classics,men,Sports shoes,Shoes|Sports shoes,khaki,Synthetic,false,43.90,,,true,4.0,419,41|42|43|44|45,https://pub-2e4a163f7e1b4ee49c544ba33966ad8e.r2.dev/catalog/ay-000239-1.jpg,Sports Shoes 'DORSET' Reebok Classics Sports shoes Khaki shoes pair well with casual sportswear and practical attire. These durable synthetic sports shoes offer reliable support and comfort during varied training activities. They provide dependable performance for everyday use.
ay-000240,Trousers 'OTRANTO',"These cotton twill trousers are presented in a versatile chocolate shade. They offer comfort and durability, developing a refined patina and a softened feel with regular wear. These are suitable for both casual and semi-formal occasions.",Polo Ralph Lauren,men,Pants,Clothing|Pants,chocolate,Cotton twill,true,191.03,272.90,30,true,3.9,45,29|30|31|32|33|34|36,https://pub-2e4a163f7e1b4ee49c544ba33966ad8e.r2.dev/catalog/ay-000240-1.jpg,"Trousers 'OTRANTO' Polo Ralph Lauren Pants These cotton twill trousers are presented in a versatile chocolate shade. They offer comfort and durability, developing a refined patina and a softened feel with regular wear. These are suitable for both casual and semi-formal occasions."
ay-000241,Blazer 'RAGUSA',Viscose offers a soft drape and comfortable feel for this structured blazer. The lilac shade provides a versatile option for smart casual or office wear. It is designed to offer tailored quality with all-day comfort.,s.Oliver,women,Blazers,Clothing|Blazers,lilac,Viscose,false,60.16,85.95,30,true,4.5,278,XS|S|M|L|XL,https://pub-2e4a163f7e1b4ee49c544ba33966ad8e.r2.dev/catalog/ay-000241-1.jpg,Blazer 'RAGUSA' s.Oliver Blazers Viscose offers a soft drape and comfortable feel for this structured blazer. The lilac shade provides a versatile option for smart casual or office wear. It is designed to offer tailored quality with all-day comfort.
ay-000242,Ankle Boots 'VIGO',"Constructed from canvas, these cream ankle boots provide a reliable and casual footwear option. The sturdy material will soften and develop a unique patina with continuous wearing, ensuring they complement your wardrobe over time.",adidas Originals,women,Ankle boots,Shoes|Ankle boots,cream,Canvas,false,107.90,,,true,4.9,575,36|37|38|39|40|41,https://pub-2e4a163f7e1b4ee49c544ba33966ad8e.r2.dev/catalog/ay-000242-1.jpg,"Ankle Boots 'VIGO' adidas Originals Ankle boots Constructed from canvas, these cream ankle boots provide a reliable and casual footwear option. The sturdy material will soften and develop a unique patina with continuous wearing, ensuring they complement your wardrobe over time."
ay-000243,Sneakers 'BARI',"Ecru works well with navy and muted tones. These synthetic sneakers offer a clean, versatile aesthetic for daily wear. The comfortable design provides a polished look with reliable, all-day support.",Reebok Classics,men,Sneakers,Shoes|Sneakers,ecru,Synthetic,false,62.34,103.90,40,false,,,41|42|43|44|45,https://pub-2e4a163f7e1b4ee49c544ba33966ad8e.r2.dev/catalog/ay-000243-1.jpg,"Sneakers 'BARI' Reebok Classics Sneakers Ecru works well with navy and muted tones. These synthetic sneakers offer a clean, versatile aesthetic for daily wear. The comfortable design provides a polished look with reliable, all-day support."
ay-000244,Jeans 'LUMEN',"These satin jeans feature a versatile camel hue and a smooth drape. The fabric weighs comparably to a standard paperback book, offering lightweight comfort. They provide a casual yet refined fit for everyday wear.",VILA,men,Jeans,Clothing|Jeans,camel,Satin,false,62.21,82.95,25,true,4.3,370,29|30|31|32|33|34|36,https://pub-2e4a163f7e1b4ee49c544ba33966ad8e.r2.dev/catalog/ay-000244-1.jpg,"Jeans 'LUMEN' VILA Jeans These satin jeans feature a versatile camel hue and a smooth drape. The fabric weighs comparably to a standard paperback book, offering lightweight comfort. They provide a casual yet refined fit for everyday wear."
ay-000245,Hobo Bag 'KIELCE',This chocolate leather hobo bag is a durable shoulder accessory. Its structured design makes it ideal for daily commuting or errands. The material ensures reliable storage and a classic look.,Kapten & Son,women,Shoulder bags,Accessories|Bags & backpacks|Bags|Shoulder bags,chocolate,Leather,false,65.90,,,true,3.8,602,ONE SIZE,https://pub-2e4a163f7e1b4ee49c544ba33966ad8e.r2.dev/catalog/ay-000245-1.jpg,Hobo Bag 'KIELCE' Kapten & Son Shoulder bags This chocolate leather hobo bag is a durable shoulder accessory. Its structured design makes it ideal for daily commuting or errands. The material ensures reliable storage and a classic look.
ay-000246,Cap 'TUDELA',This wool felt cap is available in a subtle sand colour. It provides modest protection from the elements and features an adjustable band. Please note that the soft felt requires careful handling and spot cleaning only.,Diesel,women,Hats & caps,Accessories|Hats & caps,sand,Wool felt,false,15.97,31.95,50,true,3.7,486,ONE SIZE,https://pub-2e4a163f7e1b4ee49c544ba33966ad8e.r2.dev/catalog/ay-000246-1.jpg,Cap 'TUDELA' Diesel Hats & caps This wool felt cap is available in a subtle sand colour. It provides modest protection from the elements and features an adjustable band. Please note that the soft felt requires careful handling and spot cleaning only.
ay-000247,Earrings 'BELMONT',"These black earrings are constructed from durable acetate, offering a sleek, contemporary finish. The material maintains its structural integrity, and the colour deepens slightly with regular wear. They are designed to be a comfortable addition to any daily ensemble.",Guess,men,Jewelry,Accessories|Jewelry,black,Acetate,false,74.90,,,true,3.9,54,ONE SIZE,https://pub-2e4a163f7e1b4ee49c544ba33966ad8e.r2.dev/catalog/ay-000247-1.jpg,"Earrings 'BELMONT' Guess Jewelry These black earrings are constructed from durable acetate, offering a sleek, contemporary finish. The material maintains its structural integrity, and the colour deepens slightly with regular wear. They are designed to be a comfortable addition to any daily ensemble."
ay-000248,Ankle Boots 'GOTHIA',"These beige canvas ankle boots are designed for everyday comfort and durability. The canvas material develops a unique, comfortable patina with consistent wear. They offer dependable support across seasons.",Reebok Classics,women,Ankle boots,Shoes|Ankle boots,beige,Canvas,false,22.00,,,true,4.6,428,36|37|38|39|40|41,https://pub-2e4a163f7e1b4ee49c544ba33966ad8e.r2.dev/catalog/ay-000248-1.jpg,"Ankle Boots 'GOTHIA' Reebok Classics Ankle boots These beige canvas ankle boots are designed for everyday comfort and durability. The canvas material develops a unique, comfortable patina with consistent wear. They offer dependable support across seasons."
ay-000249,Work Tote 'LUGANO',"This navy faux leather tote is designed for the professional commuter. It features a dedicated 15-inch laptop compartment and padded sleeve for important documents. Weighing approximately the same as a paperback novel, it is ideal for carrying a briefcase or daily work essentials.",Camel Active,men,Business & laptop bags,Accessories|Bags & backpacks|Bags|Business & laptop bags,navy,Faux leather,false,57.76,67.95,15,true,4.7,549,ONE SIZE,https://pub-2e4a163f7e1b4ee49c544ba33966ad8e.r2.dev/catalog/ay-000249-1.jpg,"Work Tote 'LUGANO' Camel Active Business & laptop bags This navy faux leather tote is designed for the professional commuter. It features a dedicated 15-inch laptop compartment and padded sleeve for important documents. Weighing approximately the same as a paperback novel, it is ideal for carrying a briefcase or daily work essentials."
ay-000250,Outdoor Shoes 'OVIEDO',These durable black leather outdoor shoes offer reliable support for varied terrain. They are suitable for brisk hiking or traversing uneven ground. The robust construction ensures dependable comfort during extended periods of wear.,NU-IN,women,Outdoor shoes,Sportswear|Outdoor shoes,black,Leather,false,66.57,110.95,40,true,4.6,123,36|37|38|39|40|41,https://pub-2e4a163f7e1b4ee49c544ba33966ad8e.r2.dev/catalog/ay-000250-1.jpg,Outdoor Shoes 'OVIEDO' NU-IN Outdoor shoes These durable black leather outdoor shoes offer reliable support for varied terrain. They are suitable for brisk hiking or traversing uneven ground. The robust construction ensures dependable comfort during extended periods of wear.
ay-000251,Blouse 'MELIDE',"Burgundy pairs well with various neutrals. This viscose blouse features a rich colour and soft drape, offering a comfortable fit for all-day wear. It is suitable for both smart office environments and relaxed casual outings.",ONLY,women,Blouses & tunics,Clothing|Blouses & tunics,burgundy,Viscose,false,135.95,,,true,3.6,399,XS|S|M|L|XL,https://pub-2e4a163f7e1b4ee49c544ba33966ad8e.r2.dev/catalog/ay-000251-1.jpg,"Blouse 'MELIDE' ONLY Blouses & tunics Burgundy pairs well with various neutrals. This viscose blouse features a rich colour and soft drape, offering a comfortable fit for all-day wear. It is suitable for both smart office environments and relaxed casual outings."
ay-000252,T-Shirt 'CALAIS',"For everyday use, this essential t-shirt provides a reliable, comfortable fit. Constructed entirely from breathable cotton, the simple white colour makes it a versatile foundational piece for any wardrobe.",NA-KD,men,Tops,Clothing|Tops,white,Cotton,false,13.95,27.90,50,true,3.6,203,XS|S|M|L|XL,https://pub-2e4a163f7e1b4ee49c544ba33966ad8e.r2.dev/catalog/ay-000252-1.jpg,"T-Shirt 'CALAIS' NA-KD Tops For everyday use, this essential t-shirt provides a reliable, comfortable fit. Constructed entirely from breathable cotton, the simple white colour makes it a versatile foundational piece for any wardrobe."
ay-000253,Beanie 'INGOLD',This brown wool felt beanie provides reliable warmth for cooler weather. Its robust construction makes it suitable for daily outings or short outdoor excursions. A practical addition to any winter wardrobe.,Tommy Hilfiger,men,Hats & caps,Accessories|Hats & caps,brown,Wool felt,false,18.45,36.90,50,true,4.8,420,ONE SIZE,https://pub-2e4a163f7e1b4ee49c544ba33966ad8e.r2.dev/catalog/ay-000253-1.jpg,Beanie 'INGOLD' Tommy Hilfiger Hats & caps This brown wool felt beanie provides reliable warmth for cooler weather. Its robust construction makes it suitable for daily outings or short outdoor excursions. A practical addition to any winter wardrobe.
ay-000254,Pants 'DALIA',"These bordeaux chiffon pants feature a lovely, airy drape. They are designed for comfortable wear, making them suitable for professional or casual settings. Note that chiffon is delicate and should be dry cleaned to prevent snags.",millane,men,Pants,Clothing|Pants,bordeaux,Chiffon,false,70.99,,,true,3.8,222,29|30|31|32|33|34|36,https://pub-2e4a163f7e1b4ee49c544ba33966ad8e.r2.dev/catalog/ay-000254-1.jpg,"Pants 'DALIA' millane Pants These bordeaux chiffon pants feature a lovely, airy drape. They are designed for comfortable wear, making them suitable for professional or casual settings. Note that chiffon is delicate and should be dry cleaned to prevent snags."
ay-000255,Business Backpack 'AARHUS',This cognac commuter backpack provides a dedicated 15-inch laptop compartment and space for professional documents. It functions as a reliable briefcase for daily transit and work requirements. Please note that the leather finish requires occasional gentle conditioning to maintain its appearance.,Camel Active,women,Business & laptop bags,Accessories|Bags & backpacks|Bags|Business & laptop bags,cognac,,false,64.50,86.00,25,true,4.7,422,ONE SIZE,https://pub-2e4a163f7e1b4ee49c544ba33966ad8e.r2.dev/catalog/ay-000255-1.jpg,Business Backpack 'AARHUS' Camel Active Business & laptop bags This cognac commuter backpack provides a dedicated 15-inch laptop compartment and space for professional documents. It functions as a reliable briefcase for daily transit and work requirements. Please note that the leather finish requires occasional gentle conditioning to maintain its appearance.
ay-000256,Sandals 'IBIZA',This mesh sandal is finished in a gentle rose hue. The lightweight construction means they feel considerably less heavy than a paperback book. They provide reliable support for comfortable daytime wear.,Nike Sportswear,women,Sandals,Shoes|Sandals,rose,Mesh,false,48.75,65.00,25,true,4.1,538,36|37|38|39|40|41,https://pub-2e4a163f7e1b4ee49c544ba33966ad8e.r2.dev/catalog/ay-000256-1.jpg,Sandals 'IBIZA' Nike Sportswear Sandals This mesh sandal is finished in a gentle rose hue. The lightweight construction means they feel considerably less heavy than a paperback book. They provide reliable support for comfortable daytime wear.
ay-000257,Hoodie 'PORTO',"When cool weather arrives, this hoodie provides warmth and comfort. It is constructed from a soft wool blend and dyed a deep chocolate colour. This practical piece offers reliable layering suitable for casual wear.",NA-KD,women,Hoodies,Clothing|Hoodies,chocolate,Wool blend,false,13.47,26.95,50,true,4.4,87,XS|S|M|L|XL,https://pub-2e4a163f7e1b4ee49c544ba33966ad8e.r2.dev/catalog/ay-000257-1.jpg,"Hoodie 'PORTO' NA-KD Hoodies When cool weather arrives, this hoodie provides warmth and comfort. It is constructed from a soft wool blend and dyed a deep chocolate colour. This practical piece offers reliable layering suitable for casual wear."
ay-000258,Jeans 'EPSOM',"Merino wool offers a soft feel and reliable comfort throughout the day. These jeans are finished in a deep burgundy shade and are designed for everyday durability. They provide a smart, understated alternative to traditional denim.",ONLY,women,Jeans,Clothing|Jeans,burgundy,Merino wool,false,40.59,57.99,30,true,4.5,519,25|26|27|28|29|30|31,https://pub-2e4a163f7e1b4ee49c544ba33966ad8e.r2.dev/catalog/ay-000258-1.jpg,"Jeans 'EPSOM' ONLY Jeans Merino wool offers a soft feel and reliable comfort throughout the day. These jeans are finished in a deep burgundy shade and are designed for everyday durability. They provide a smart, understated alternative to traditional denim."
ay-000259,Dress 'HANOI',"This emerald crepe dress offers a simple, structured silhouette. The fabric drapes easily, weighing less than a standard knit top. It provides a comfortable fit suitable for various occasions.",JDY,women,Dresses,Clothing|Dresses,emerald,Crepe,false,102.40,128.00,20,true,4.2,273,XS|S|M|L|XL,https://pub-2e4a163f7e1b4ee49c544ba33966ad8e.r2.dev/catalog/ay-000259-1.jpg,"Dress 'HANOI' JDY Dresses This emerald crepe dress offers a simple, structured silhouette. The fabric drapes easily, weighing less than a standard knit top. It provides a comfortable fit suitable for various occasions."
ay-000260,Jeans 'FLORA',"Brown jeans pair well with various seasonal garments. Constructed from a durable wool blend, these trousers offer a comfortable fit with excellent structure. They provide a versatile staple for smart casual wear.",VILA,women,Jeans,Clothing|Jeans,brown,Wool blend,false,47.00,,,true,4.0,406,25|26|27|28|29|30|31,https://pub-2e4a163f7e1b4ee49c544ba33966ad8e.r2.dev/catalog/ay-000260-1.jpg,"Jeans 'FLORA' VILA Jeans Brown jeans pair well with various seasonal garments. Constructed from a durable wool blend, these trousers offer a comfortable fit with excellent structure. They provide a versatile staple for smart casual wear."
ay-000261,Leggings 'SKAGEN',"Constructed from soft organic cotton, these leggings are available in a versatile camel colour. The fabric weight is comparable to a standard fleece pullover, offering reliable support for physical activity and comfort.",MORE & MORE,kids,Sports bottoms & leggings,Sportswear|Sports bottoms & leggings,camel,Organic cotton,false,54.90,,,true,3.9,142,110|116|122|128,https://pub-2e4a163f7e1b4ee49c544ba33966ad8e.r2.dev/catalog/ay-000261-1.jpg,"Leggings 'SKAGEN' MORE & MORE Sports bottoms & leggings Constructed from soft organic cotton, these leggings are available in a versatile camel colour. The fabric weight is comparable to a standard fleece pullover, offering reliable support for physical activity and comfort."
ay-000262,Shoulder Bag 'ITHACA',"This cream suede shoulder bag features a classic silhouette and structured design. The suede material will develop a unique patina over time, enhancing its character. It is a durable and practical accessory for daily wear.",Diesel,women,Shoulder bags,Accessories|Bags & backpacks|Bags|Shoulder bags,cream,Suede,false,83.26,97.95,15,true,4.3,388,ONE SIZE,https://pub-2e4a163f7e1b4ee49c544ba33966ad8e.r2.dev/catalog/ay-000262-1.jpg,"Shoulder Bag 'ITHACA' Diesel Shoulder bags This cream suede shoulder bag features a classic silhouette and structured design. The suede material will develop a unique patina over time, enhancing its character. It is a durable and practical accessory for daily wear."
ay-000263,Dress 'RIETI',"This camel satin dress offers a clean, sophisticated appearance. The fluid satin material provides a comfortable drape for evening wear. Care requires professional dry cleaning to prevent creasing.",NA-KD,women,Dresses,Clothing|Dresses,camel,Satin,false,17.98,35.95,50,true,4.0,126,XS|S|M|L|XL,https://pub-2e4a163f7e1b4ee49c544ba33966ad8e.r2.dev/catalog/ay-000263-1.jpg,"Dress 'RIETI' NA-KD Dresses This camel satin dress offers a clean, sophisticated appearance. The fluid satin material provides a comfortable drape for evening wear. Care requires professional dry cleaning to prevent creasing."
ay-000264,Trainers 'AVORA',"These trainers utilise recycled mesh and are presented in a deep bordeaux colour. They provide reliable everyday support, maintaining their overall structure and developing a comfortable patina through regular wear.",Marco Tozzi,men,Sneakers,Shoes|Sneakers,bordeaux,Recycled mesh,false,102.90,,,true,4.7,132,41|42|43|44|45,https://pub-2e4a163f7e1b4ee49c544ba33966ad8e.r2.dev/catalog/ay-000264-1.jpg,"Trainers 'AVORA' Marco Tozzi Sneakers These trainers utilise recycled mesh and are presented in a deep bordeaux colour. They provide reliable everyday support, maintaining their overall structure and developing a comfortable patina through regular wear."
ay-000265,Pants 'HELSTON',"For smart casual occasions, these trousers are constructed from breathable lilac cotton twill. They feature a comfortable fit and a practical waistline, making them suitable for general daytime use.",VERO MODA,kids,Pants,Clothing|Pants,lilac,Cotton twill,false,22.86,26.90,15,true,4.7,242,110|116|122|128,https://pub-2e4a163f7e1b4ee49c544ba33966ad8e.r2.dev/catalog/ay-000265-1.jpg,"Pants 'HELSTON' VERO MODA Pants For smart casual occasions, these trousers are constructed from breathable lilac cotton twill. They feature a comfortable fit and a practical waistline, making them suitable for general daytime use."
ay-000266,Hoodie 'MOSTAR',"Black pairs easily with any clothing item. This viscose hoodie offers a comfortable and versatile fit for casual wear. It is constructed from soft viscose material, providing a simple layering piece for cooler weather.",American Vintage,women,Hoodies,Clothing|Hoodies,black,Viscose,false,57.52,71.90,20,true,4.1,545,XS|S|M|L|XL,https://pub-2e4a163f7e1b4ee49c544ba33966ad8e.r2.dev/catalog/ay-000266-1.jpg,"Hoodie 'MOSTAR' American Vintage Hoodies Black pairs easily with any clothing item. This viscose hoodie offers a comfortable and versatile fit for casual wear. It is constructed from soft viscose material, providing a simple layering piece for cooler weather."
ay-000267,Sunglasses 'KIRUNA',"Soft silicone construction provides a lightweight and comfortable feel. These sunglasses feature a practical khaki colourway and durable, adjustable fit. They are suitable for daily wear and offer effective sun protection.",Calvin Klein,women,Sunglasses,Accessories|Sunglasses,khaki,Silicone,false,97.99,,,true,3.7,140,ONE SIZE,https://pub-2e4a163f7e1b4ee49c544ba33966ad8e.r2.dev/catalog/ay-000267-1.jpg,"Sunglasses 'KIRUNA' Calvin Klein Sunglasses Soft silicone construction provides a lightweight and comfortable feel. These sunglasses feature a practical khaki colourway and durable, adjustable fit. They are suitable for daily wear and offer effective sun protection."
ay-000268,Scarf 'PADUA',"Wool felt offers a soft, breathable texture suitable for cool weather. This cream scarf provides reliable warmth and a classic, understated finish. It is a versatile accessory designed for comfortable, year-round wear.",Camel Active,men,Scarves & wraps,Accessories|Scarves & wraps,cream,Wool felt,false,67.13,95.90,30,true,3.9,207,ONE SIZE,https://pub-2e4a163f7e1b4ee49c544ba33966ad8e.r2.dev/catalog/ay-000268-1.jpg,"Scarf 'PADUA' Camel Active Scarves & wraps Wool felt offers a soft, breathable texture suitable for cool weather. This cream scarf provides reliable warmth and a classic, understated finish. It is a versatile accessory designed for comfortable, year-round wear."
ay-000269,Midi Dress 'SORIA',"This midi dress is constructed from rose crepe fabric, offering a simple and flattering silhouette. The material requires steaming after washing to ensure a smooth drape. It features a straightforward, adaptable design suitable for various occasions.",VERO MODA,women,Dresses,Clothing|Dresses,rose,Crepe,false,79.99,99.99,20,true,3.9,404,XS|S|M|L|XL,https://pub-2e4a163f7e1b4ee49c544ba33966ad8e.r2.dev/catalog/ay-000269-1.jpg,"Midi Dress 'SORIA' VERO MODA Dresses This midi dress is constructed from rose crepe fabric, offering a simple and flattering silhouette. The material requires steaming after washing to ensure a smooth drape. It features a straightforward, adaptable design suitable for various occasions."
ay-000270,Shorts 'SIENA',Lilac pairs well with trainers and athleisure wear. These comfortable cotton blend shorts offer breathability and support for various workout types. They are designed for movement and easy styling.,American Vintage,men,Sports bottoms & leggings,Sportswear|Sports bottoms & leggings,lilac,Cotton blend,false,77.95,,,true,3.9,380,29|30|31|32|33|34|36,https://pub-2e4a163f7e1b4ee49c544ba33966ad8e.r2.dev/catalog/ay-000270-1.jpg,Shorts 'SIENA' American Vintage Sports bottoms & leggings Lilac pairs well with trainers and athleisure wear. These comfortable cotton blend shorts offer breathability and support for various workout types. They are designed for movement and easy styling.
ay-000271,Jacket 'HAVEN',This khaki jacket provides reliable warmth from the natural properties of Merino wool. Its durable construction makes it suitable for weekend excursions or cooler city days. The blend offers lightweight comfort without sacrificing resilience.,MORE & MORE,women,Jackets,Clothing|Jackets,khaki,Merino wool,false,50.40,84.00,40,true,4.4,38,XS|S|M|L|XL,https://pub-2e4a163f7e1b4ee49c544ba33966ad8e.r2.dev/catalog/ay-000271-1.jpg,Jacket 'HAVEN' MORE & MORE Jackets This khaki jacket provides reliable warmth from the natural properties of Merino wool. Its durable construction makes it suitable for weekend excursions or cooler city days. The blend offers lightweight comfort without sacrificing resilience.
ay-000272,Laptop Sleeve 'DIJON',This padded taupe suede sleeve accommodates a 15-inch laptop and essential documents for the commuter. The durable suede material offers protection while developing a unique patina with continued use. It provides a smart addition to any briefcase.,Camel Active,women,Business & laptop bags,Accessories|Bags & backpacks|Bags|Business & laptop bags,taupe,Suede,false,214.00,,,true,4.5,253,ONE SIZE,https://pub-2e4a163f7e1b4ee49c544ba33966ad8e.r2.dev/catalog/ay-000272-1.jpg,Laptop Sleeve 'DIJON' Camel Active Business & laptop bags This padded taupe suede sleeve accommodates a 15-inch laptop and essential documents for the commuter. The durable suede material offers protection while developing a unique patina with continued use. It provides a smart addition to any briefcase.
ay-000273,Earrings 'VIANA',These earrings feature an anthracite finish on substantial brass. The lightweight design offers a subtle contrast to your wardrobe. Polish occasionally with a soft cloth to maintain the metal's lustre and prevent tarnishing.,Kapten & Son,kids,Jewelry,Accessories|Jewelry,anthracite,Brass,false,15.95,,,true,4.0,278,ONE SIZE,https://pub-2e4a163f7e1b4ee49c544ba33966ad8e.r2.dev/catalog/ay-000273-1.jpg,Earrings 'VIANA' Kapten & Son Jewelry These earrings feature an anthracite finish on substantial brass. The lightweight design offers a subtle contrast to your wardrobe. Polish occasionally with a soft cloth to maintain the metal's lustre and prevent tarnishing.
ay-000274,Trainers 'UMEA',"These navy leather trainers provide a smart, casual finish suitable for daily wear. The durable leather develops a unique, rich patina over time, ensuring the pair improves with age.",Nike Sportswear,men,Sneakers,Shoes|Sneakers,navy,Leather,false,147.00,,,true,4.6,541,41|42|43|44|45,https://pub-2e4a163f7e1b4ee49c544ba33966ad8e.r2.dev/catalog/ay-000274-1.jpg,"Trainers 'UMEA' Nike Sportswear Sneakers These navy leather trainers provide a smart, casual finish suitable for daily wear. The durable leather develops a unique, rich patina over time, ensuring the pair improves with age."
ay-000275,Boots 'GENOA',"These mocha mesh boots offer a breathable and adaptable fit. The durable mesh material should maintain its structure, showing only minor creasing after prolonged wear. They provide stable support for daily use.",Puma,kids,Boots,Shoes|Boots,mocha,Mesh,false,35.70,42.00,15,true,3.9,530,30|31|32|33|34,https://pub-2e4a163f7e1b4ee49c544ba33966ad8e.r2.dev/catalog/ay-000275-1.jpg,"Boots 'GENOA' Puma Boots These mocha mesh boots offer a breathable and adaptable fit. The durable mesh material should maintain its structure, showing only minor creasing after prolonged wear. They provide stable support for daily use."
ay-000276,Ankle Boots 'FJORD',Synthetic material provides a lightweight and structured feel. These ankle boots are finished in a soft lilac shade. They are designed for daily wear and feature a durable synthetic construction.,Nike Sportswear,men,Ankle boots,Shoes|Ankle boots,lilac,Synthetic,false,104.93,139.90,25,true,4.1,168,41|42|43|44|45,https://pub-2e4a163f7e1b4ee49c544ba33966ad8e.r2.dev/catalog/ay-000276-1.jpg,Ankle Boots 'FJORD' Nike Sportswear Ankle boots Synthetic material provides a lightweight and structured feel. These ankle boots are finished in a soft lilac shade. They are designed for daily wear and feature a durable synthetic construction.
ay-000277,Sunglasses 'VILNA',"For occasions requiring a subtle pop of colour, these sunglasses are recommended. They feature a delicate lilac shade and are constructed from a smooth silk material. These provide effective sun protection with a comfortable, lightweight finish.",Polo Ralph Lauren,women,Sunglasses,Accessories|Sunglasses,lilac,Silk,true,148.95,,,true,4.5,523,ONE SIZE,https://pub-2e4a163f7e1b4ee49c544ba33966ad8e.r2.dev/catalog/ay-000277-1.jpg,"Sunglasses 'VILNA' Polo Ralph Lauren Sunglasses For occasions requiring a subtle pop of colour, these sunglasses are recommended. They feature a delicate lilac shade and are constructed from a smooth silk material. These provide effective sun protection with a comfortable, lightweight finish."
ay-000278,Briefcase 'KALMAR',The adjustable zip fastening secures its contents. This rose coated canvas briefcase features a padded 15-inch laptop compartment and document sleeves. It provides a professional solution for the daily commuter carrying essential work materials.,HUGO,women,Business & laptop bags,Accessories|Bags & backpacks|Bags|Business & laptop bags,rose,Coated canvas,false,93.95,187.90,50,true,4.2,438,ONE SIZE,https://pub-2e4a163f7e1b4ee49c544ba33966ad8e.r2.dev/catalog/ay-000278-1.jpg,Briefcase 'KALMAR' HUGO Business & laptop bags The adjustable zip fastening secures its contents. This rose coated canvas briefcase features a padded 15-inch laptop compartment and document sleeves. It provides a professional solution for the daily commuter carrying essential work materials.
ay-000279,Sports Jacket 'KENDAL',"This lilac sports jacket is constructed from breathable viscose, providing comfortable movement during sporting activities. Its design makes it suitable for both casual and athletic wear. Please note that viscose requires careful handling to prevent creasing.",American Vintage,women,Sports jackets,Sportswear|Sports jackets,lilac,Viscose,false,53.34,88.90,40,true,4.0,357,XS|S|M|L|XL,https://pub-2e4a163f7e1b4ee49c544ba33966ad8e.r2.dev/catalog/ay-000279-1.jpg,"Sports Jacket 'KENDAL' American Vintage Sports jackets This lilac sports jacket is constructed from breathable viscose, providing comfortable movement during sporting activities. Its design makes it suitable for both casual and athletic wear. Please note that viscose requires careful handling to prevent creasing."
ay-000280,Sandals 'NORDEN',"These sandals are constructed from durable grey leather, offering reliable support for daily wear. The natural material is robust but requires occasional conditioning to maintain its overall finish.",Birkenstock,men,Sandals,Shoes|Sandals,grey,Leather,false,90.90,,,true,,,41|42|43|44|45,https://pub-2e4a163f7e1b4ee49c544ba33966ad8e.r2.dev/catalog/ay-000280-1.jpg,"Sandals 'NORDEN' Birkenstock Sandals These sandals are constructed from durable grey leather, offering reliable support for daily wear. The natural material is robust but requires occasional conditioning to maintain its overall finish."
ay-000281,Sunglasses 'HUELVA',"These white sunglasses feature a durable silicone frame, designed for comfortable, reliable wear. The lightweight construction makes them suitable for outdoor sport or casual coastal use. They provide effective sun protection with a simple, practical style.",Copenhagen Studios,kids,Sunglasses,Accessories|Sunglasses,white,Silicone,true,92.94,154.90,40,true,4.1,190,ONE SIZE,https://pub-2e4a163f7e1b4ee49c544ba33966ad8e.r2.dev/catalog/ay-000281-1.jpg,"Sunglasses 'HUELVA' Copenhagen Studios Sunglasses These white sunglasses feature a durable silicone frame, designed for comfortable, reliable wear. The lightweight construction makes them suitable for outdoor sport or casual coastal use. They provide effective sun protection with a simple, practical style."
ay-000282,Ankle Boots 'ARLES',"A sturdy zip fastening secures these ankle boots, which are constructed from durable canvas. The deep emerald colour offers a distinctive alternative to standard footwear. They provide reliable support and are suitable for everyday use.",Reebok Classics,women,Ankle boots,Shoes|Ankle boots,emerald,Canvas,false,85.95,,,true,4.0,422,36|37|38|39|40|41,https://pub-2e4a163f7e1b4ee49c544ba33966ad8e.r2.dev/catalog/ay-000282-1.jpg,"Ankle Boots 'ARLES' Reebok Classics Ankle boots A sturdy zip fastening secures these ankle boots, which are constructed from durable canvas. The deep emerald colour offers a distinctive alternative to standard footwear. They provide reliable support and are suitable for everyday use."
ay-000283,Ballet Flats 'SALO',"These ballet flats are constructed from recycled mesh and feature a versatile sage hue. They offer lightweight comfort, making them suitable for extended wear during casual daytime outings or professional environments.",Tamaris,women,Ballet flats,Shoes|Ballet flats,sage,Recycled mesh,false,69.99,,,true,4.2,127,36|37|38|39|40|41,https://pub-2e4a163f7e1b4ee49c544ba33966ad8e.r2.dev/catalog/ay-000283-1.jpg,"Ballet Flats 'SALO' Tamaris Ballet flats These ballet flats are constructed from recycled mesh and feature a versatile sage hue. They offer lightweight comfort, making them suitable for extended wear during casual daytime outings or professional environments."
ay-000284,Ballet Flats 'CHESTER',Sand flats pair easily with trousers and dresses. These synthetic ballet shoes provide comfortable support for everyday wear. The simple design ensures they are suitable for general use and offer a classic silhouette.,Puma,women,Ballet flats,Shoes|Ballet flats,sand,Synthetic,false,29.99,39.99,25,true,3.6,181,36|37|38|39|40|41,https://pub-2e4a163f7e1b4ee49c544ba33966ad8e.r2.dev/catalog/ay-000284-1.jpg,Ballet Flats 'CHESTER' Puma Ballet flats Sand flats pair easily with trousers and dresses. These synthetic ballet shoes provide comfortable support for everyday wear. The simple design ensures they are suitable for general use and offer a classic silhouette.
ay-000285,Jeans 'VALENCA',"These sand-coloured jeans are constructed from durable cotton fabric. The material offers a relaxed fit and weighs approximately the same as a thick, folded towel. They provide dependable comfort for general wear.",s.Oliver,men,Jeans,Clothing|Jeans,sand,Cotton,false,83.97,119.95,30,false,4.1,356,29|30|31|32|33|34|36,https://pub-2e4a163f7e1b4ee49c544ba33966ad8e.r2.dev/catalog/ay-000285-1.jpg,"Jeans 'VALENCA' s.Oliver Jeans These sand-coloured jeans are constructed from durable cotton fabric. The material offers a relaxed fit and weighs approximately the same as a thick, folded towel. They provide dependable comfort for general wear."
ay-000286,Knit 'JAEN',This sand-coloured wool blend knit is designed for lasting comfort and wearability. It maintains its shape while developing a softer feel and unique patina over time. This durable piece offers reliable warmth for year-round use.,Polo Ralph Lauren,kids,Sweaters & knitwear,Clothing|Sweaters & knitwear,sand,Wool blend,true,203.16,253.95,20,true,4.7,392,110|116|122|128,https://pub-2e4a163f7e1b4ee49c544ba33966ad8e.r2.dev/catalog/ay-000286-1.jpg,Knit 'JAEN' Polo Ralph Lauren Sweaters & knitwear This sand-coloured wool blend knit is designed for lasting comfort and wearability. It maintains its shape while developing a softer feel and unique patina over time. This durable piece offers reliable warmth for year-round use.
ay-000287,Midi Dress 'LINZ',"Merino wool feels soft and breathable, making this midi dress a versatile wardrobe staple. Available in a classic camel shade, the wool offers comfortable warmth suitable for transitional weather. This simple design layers easily with boots or trainers.",LASCANA,women,Dresses,Clothing|Dresses,camel,Merino wool,false,123.95,,,true,3.6,296,XS|S|M|L|XL,https://pub-2e4a163f7e1b4ee49c544ba33966ad8e.r2.dev/catalog/ay-000287-1.jpg,"Midi Dress 'LINZ' LASCANA Dresses Merino wool feels soft and breathable, making this midi dress a versatile wardrobe staple. Available in a classic camel shade, the wool offers comfortable warmth suitable for transitional weather. This simple design layers easily with boots or trainers."
ay-000288,Midi Dress 'WALDEN',"For comfortable daytime wear, this dress offers a classic silhouette. Constructed from robust Denim, the midi length and rich camel colour make it highly versatile. This piece is suitable for seasonal outfits and casual occasions.",millane,women,Dresses,Clothing|Dresses,camel,Denim,false,40.71,47.90,15,true,3.9,233,XS|S|M|L|XL,https://pub-2e4a163f7e1b4ee49c544ba33966ad8e.r2.dev/catalog/ay-000288-1.jpg,"Midi Dress 'WALDEN' millane Dresses For comfortable daytime wear, this dress offers a classic silhouette. Constructed from robust Denim, the midi length and rich camel colour make it highly versatile. This piece is suitable for seasonal outfits and casual occasions."
ay-000289,Trousers 'CANNES',"Mocha pairs well with every wardrobe staple. These versatile trousers are made from breathable Organic cotton, providing comfort and ease. They offer a simple, adaptable fit for daily wear.",VILA,women,Pants,Clothing|Pants,mocha,Organic cotton,false,12.99,25.99,50,true,4.0,195,25|26|27|28|29|30|31,https://pub-2e4a163f7e1b4ee49c544ba33966ad8e.r2.dev/catalog/ay-000289-1.jpg,"Trousers 'CANNES' VILA Pants Mocha pairs well with every wardrobe staple. These versatile trousers are made from breathable Organic cotton, providing comfort and ease. They offer a simple, adaptable fit for daily wear."
ay-000290,Loafers 'ULSTER',"These anthracite Mesh loafers provide a smart, breathable alternative to traditional shoes. The lightweight build is barely noticeable, offering comfort throughout the day. They are designed for simple, effortless slip-on wear.",BOSS,men,Slip-ons,Shoes|Slip-ons,anthracite,Mesh,true,217.59,255.99,15,true,4.6,408,41|42|43|44|45,https://pub-2e4a163f7e1b4ee49c544ba33966ad8e.r2.dev/catalog/ay-000290-1.jpg,"Loafers 'ULSTER' BOSS Slip-ons These anthracite Mesh loafers provide a smart, breathable alternative to traditional shoes. The lightweight build is barely noticeable, offering comfort throughout the day. They are designed for simple, effortless slip-on wear."
ay-000291,Jeans 'OLTEN',"For a relaxed yet refined aesthetic, these jeans are suitable for various casual occasions. They are constructed from a flowing Chiffon material in a versatile camel shade. The design provides comfort and a flattering silhouette suitable for everyday wear.",ABOUT YOU,men,Jeans,Clothing|Jeans,camel,Chiffon,false,71.37,118.95,40,true,4.8,58,29|30|31|32|33|34|36,https://pub-2e4a163f7e1b4ee49c544ba33966ad8e.r2.dev/catalog/ay-000291-1.jpg,"Jeans 'OLTEN' ABOUT YOU Jeans For a relaxed yet refined aesthetic, these jeans are suitable for various casual occasions. They are constructed from a flowing Chiffon material in a versatile camel shade. The design provides comfort and a flattering silhouette suitable for everyday wear."
ay-000292,Pants 'TRENTO',"These navy cotton blend pants provide dependable comfort for everyday wear. The material is designed to soften and improve with repeated washing, enhancing the fit over time. They retain their structural integrity while offering durable, lasting wear.",s.Oliver,women,Pants,Clothing|Pants,navy,Cotton blend,false,57.98,115.95,50,true,4.0,28,25|26|27|28|29|30|31,https://pub-2e4a163f7e1b4ee49c544ba33966ad8e.r2.dev/catalog/ay-000292-1.jpg,"Pants 'TRENTO' s.Oliver Pants These navy cotton blend pants provide dependable comfort for everyday wear. The material is designed to soften and improve with repeated washing, enhancing the fit over time. They retain their structural integrity while offering durable, lasting wear."
ay-000293,Scarf 'ANDES',"This burgundy silicone scarf offers a lightweight, adaptable wrap for cooler weather. The material is smooth and durable, providing comfortable coverage when worn as an accessory. It is a practical item suitable for outdoor use.",Polo Ralph Lauren,women,Scarves & wraps,Accessories|Scarves & wraps,burgundy,Silicone,true,202.42,269.90,25,true,4.3,332,ONE SIZE,https://pub-2e4a163f7e1b4ee49c544ba33966ad8e.r2.dev/catalog/ay-000293-1.jpg,"Scarf 'ANDES' Polo Ralph Lauren Scarves & wraps This burgundy silicone scarf offers a lightweight, adaptable wrap for cooler weather. The material is smooth and durable, providing comfortable coverage when worn as an accessory. It is a practical item suitable for outdoor use."
ay-000294,Laptop Sleeve 'DUBLIN',"The magnetic fastening secures this practical suede sleeve. Its olive colour provides a professional appearance for the commuter. The design features a padded laptop compartment for a 15-inch device, alongside sections for documents and a briefcase.",HUGO,women,Business & laptop bags,Accessories|Bags & backpacks|Bags|Business & laptop bags,olive,Suede,false,47.48,94.95,50,true,4.4,318,ONE SIZE,https://pub-2e4a163f7e1b4ee49c544ba33966ad8e.r2.dev/catalog/ay-000294-1.jpg,"Laptop Sleeve 'DUBLIN' HUGO Business & laptop bags The magnetic fastening secures this practical suede sleeve. Its olive colour provides a professional appearance for the commuter. The design features a padded laptop compartment for a 15-inch device, alongside sections for documents and a briefcase."
ay-000295,Belt 'TOLEDO',"This grey belt, constructed from faux leather, provides a reliable and adaptable fit for trousers and chinos. It is ideal for completing business-casual attire or managing smart weekend outfits.",BOSS,women,Belts,Accessories|Belts,grey,Faux leather,true,331.99,,,true,4.4,208,85|90|95|100,https://pub-2e4a163f7e1b4ee49c544ba33966ad8e.r2.dev/catalog/ay-000295-1.jpg,"Belt 'TOLEDO' BOSS Belts This grey belt, constructed from faux leather, provides a reliable and adaptable fit for trousers and chinos. It is ideal for completing business-casual attire or managing smart weekend outfits."
ay-000296,Bum Bag 'ERFURT',This bordeaux suede bag provides practical storage for essential items. The adjustable waist belt allows it to fit most waistlines comfortably. Care requires occasional gentle brushing to maintain the suede texture.,Guess,women,Bum bags,Accessories|Bags & backpacks|Bags|Bum bags,bordeaux,Suede,false,30.00,60.00,50,true,4.0,444,ONE SIZE,https://pub-2e4a163f7e1b4ee49c544ba33966ad8e.r2.dev/catalog/ay-000296-1.jpg,Bum Bag 'ERFURT' Guess Bum bags This bordeaux suede bag provides practical storage for essential items. The adjustable waist belt allows it to fit most waistlines comfortably. Care requires occasional gentle brushing to maintain the suede texture.
ay-000297,Mini Bag 'ORVIETO',"A secure zip fastening secures this compact crossbody bag. Constructed from soft sage nubuck, it features a structured silhouette and internal pockets. This small, functional bag provides necessary capacity for daily essentials.",Polo Ralph Lauren,women,Crossbody bags,Accessories|Bags & backpacks|Bags|Crossbody bags,sage,Nubuck,true,124.20,207.00,40,true,4.8,197,ONE SIZE,https://pub-2e4a163f7e1b4ee49c544ba33966ad8e.r2.dev/catalog/ay-000297-1.jpg,"Mini Bag 'ORVIETO' Polo Ralph Lauren Crossbody bags A secure zip fastening secures this compact crossbody bag. Constructed from soft sage nubuck, it features a structured silhouette and internal pockets. This small, functional bag provides necessary capacity for daily essentials."
ay-000298,Mini Bag 'LAHTI',This lilac polyester crossbody bag is an excellent addition to your accessories selection. Its compact design and adjustable strap make it practical for daytime errands or trips out. It securely holds essentials while maintaining a streamlined profile.,Camel Active,women,Crossbody bags,Accessories|Bags & backpacks|Bags|Crossbody bags,lilac,Polyester,false,73.10,86.00,15,true,3.6,277,ONE SIZE,https://pub-2e4a163f7e1b4ee49c544ba33966ad8e.r2.dev/catalog/ay-000298-1.jpg,Mini Bag 'LAHTI' Camel Active Crossbody bags This lilac polyester crossbody bag is an excellent addition to your accessories selection. Its compact design and adjustable strap make it practical for daytime errands or trips out. It securely holds essentials while maintaining a streamlined profile.
ay-000299,Briefcase 'WINDSOR',"Navy, suitable for professional commuting, this briefcase is constructed from durable Recycled polyester. It features a padded sleeve and dedicated laptop compartment for up to a 15-inch device, alongside space for essential documents. This reliable bag accommodates daily professional use.",HUGO,men,Business & laptop bags,Accessories|Bags & backpacks|Bags|Business & laptop bags,navy,Recycled polyester,false,177.68,236.90,25,true,4.1,330,ONE SIZE,https://pub-2e4a163f7e1b4ee49c544ba33966ad8e.r2.dev/catalog/ay-000299-1.jpg,"Briefcase 'WINDSOR' HUGO Business & laptop bags Navy, suitable for professional commuting, this briefcase is constructed from durable Recycled polyester. It features a padded sleeve and dedicated laptop compartment for up to a 15-inch device, alongside space for essential documents. This reliable bag accommodates daily professional use."
ay-000300,Jacket 'DURHAM',"This rose linen jacket offers breathable comfort and a relaxed fit. Its light weight is comparable to a standard cotton sheet, making it ideal for warmer seasons. The natural linen fabric provides a breathable and structured finish.",PIECES,women,Jackets,Clothing|Jackets,rose,Linen,false,116.44,136.99,15,true,,,XS|S|M|L|XL,https://pub-2e4a163f7e1b4ee49c544ba33966ad8e.r2.dev/catalog/ay-000300-1.jpg,"Jacket 'DURHAM' PIECES Jackets This rose linen jacket offers breathable comfort and a relaxed fit. Its light weight is comparable to a standard cotton sheet, making it ideal for warmer seasons. The natural linen fabric provides a breathable and structured finish."
ay-000301,Mini Bag 'NIMES',"A secure zippered closure protects the contents of this mini bag. Constructed from rich mocha leather, the structured design and adjustable strap make it a practical crossbody bag. It is suitable for daily use.",Diesel,women,Crossbody bags,Accessories|Bags & backpacks|Bags|Crossbody bags,mocha,Leather,false,104.99,149.99,30,true,4.8,268,ONE SIZE,https://pub-2e4a163f7e1b4ee49c544ba33966ad8e.r2.dev/catalog/ay-000301-1.jpg,"Mini Bag 'NIMES' Diesel Crossbody bags A secure zippered closure protects the contents of this mini bag. Constructed from rich mocha leather, the structured design and adjustable strap make it a practical crossbody bag. It is suitable for daily use."
ay-000302,Trainers 'GRASSE',"These trainers feature a breathable khaki mesh upper combined with robust synthetic detailing. They offer comfortable daily support, but remember to spot-clean them regularly to maintain their appearance.",New Balance,women,Sneakers,Shoes|Sneakers,khaki,Mesh,false,86.66,101.95,15,true,3.7,210,36|37|38|39|40|41,https://pub-2e4a163f7e1b4ee49c544ba33966ad8e.r2.dev/catalog/ay-000302-1.jpg,"Trainers 'GRASSE' New Balance Sneakers These trainers feature a breathable khaki mesh upper combined with robust synthetic detailing. They offer comfortable daily support, but remember to spot-clean them regularly to maintain their appearance."
ay-000303,Sports Top 'CORTONA',"This cream sports top features comfortable Organic cotton. Its light weight is similar to a standard t-shirt, making it breathable for exercise. It provides basic coverage suitable for moderate sporting activities.",PIECES,men,Sports tops,Sportswear|Sports tops,cream,Organic cotton,false,28.99,,,true,4.2,128,XS|S|M|L|XL,https://pub-2e4a163f7e1b4ee49c544ba33966ad8e.r2.dev/catalog/ay-000303-1.jpg,"Sports Top 'CORTONA' PIECES Sports tops This cream sports top features comfortable Organic cotton. Its light weight is similar to a standard t-shirt, making it breathable for exercise. It provides basic coverage suitable for moderate sporting activities."
ay-000304,Sandals 'CAMDEN',"These synthetic sandals are presented in a deep anthracite colour. The durable construction ensures they maintain their shape and integrity, showing only minor signs of wear after regular use.",Puma,women,Sandals,Shoes|Sandals,anthracite,Synthetic,false,96.60,138.00,30,true,4.4,587,36|37|38|39|40|41,https://pub-2e4a163f7e1b4ee49c544ba33966ad8e.r2.dev/catalog/ay-000304-1.jpg,"Sandals 'CAMDEN' Puma Sandals These synthetic sandals are presented in a deep anthracite colour. The durable construction ensures they maintain their shape and integrity, showing only minor signs of wear after regular use."
ay-000305,Briefcase 'MARLOW',"Sand pairs well with professional attire. This faux leather briefcase is built for the commuter, featuring a padded 15-inch laptop compartment and ample space for essential documents. It offers a durable, sophisticated carry for daily use.",bugatti,men,Business & laptop bags,Accessories|Bags & backpacks|Bags|Business & laptop bags,sand,Faux leather,false,101.99,,,true,4.5,57,ONE SIZE,https://pub-2e4a163f7e1b4ee49c544ba33966ad8e.r2.dev/catalog/ay-000305-1.jpg,"Briefcase 'MARLOW' bugatti Business & laptop bags Sand pairs well with professional attire. This faux leather briefcase is built for the commuter, featuring a padded 15-inch laptop compartment and ample space for essential documents. It offers a durable, sophisticated carry for daily use."
ay-000306,Trainers 'LIMA',"Lace-up detailing provides adjustable support around the ankle. Constructed from durable synthetic material, these trainers feature a crisp white finish. They offer reliable everyday comfort suitable for casual wear.",New Balance,men,Sneakers,Shoes|Sneakers,white,Synthetic,false,76.99,109.99,30,false,4.8,164,41|42|43|44|45,https://pub-2e4a163f7e1b4ee49c544ba33966ad8e.r2.dev/catalog/ay-000306-1.jpg,"Trainers 'LIMA' New Balance Sneakers Lace-up detailing provides adjustable support around the ankle. Constructed from durable synthetic material, these trainers feature a crisp white finish. They offer reliable everyday comfort suitable for casual wear."
ay-000307,Trainers 'OSTUNI',"Ideal for everyday wear, these trainers feature a comfortable design and stylish khaki suede upper. The durable construction and neutral tone ensure they pair easily with various outfits. A reliable choice for casual footwear.",New Balance,women,Sneakers,Shoes|Sneakers,khaki,Suede,false,86.40,144.00,40,true,3.9,337,36|37|38|39|40|41,https://pub-2e4a163f7e1b4ee49c544ba33966ad8e.r2.dev/catalog/ay-000307-1.jpg,"Trainers 'OSTUNI' New Balance Sneakers Ideal for everyday wear, these trainers feature a comfortable design and stylish khaki suede upper. The durable construction and neutral tone ensure they pair easily with various outfits. A reliable choice for casual footwear."
ay-000308,Hobo Bag 'VITORIA',The adjustable shoulder strap allows for versatile carrying. This hobo bag is made from durable Saffiano leather in a soft rose hue. It features structured pockets and a secure zip closure for everyday use.,Camel Active,kids,Shoulder bags,Accessories|Bags & backpacks|Bags|Shoulder bags,rose,Saffiano leather,false,88.39,103.99,15,false,4.8,615,ONE SIZE,https://pub-2e4a163f7e1b4ee49c544ba33966ad8e.r2.dev/catalog/ay-000308-1.jpg,Hobo Bag 'VITORIA' Camel Active Shoulder bags The adjustable shoulder strap allows for versatile carrying. This hobo bag is made from durable Saffiano leather in a soft rose hue. It features structured pockets and a secure zip closure for everyday use.
ay-000309,Business Backpack 'PISA',"For the professional commuter, this khaki nubuck backpack provides a sophisticated alternative to a briefcase. It features dedicated padded sleeves for a 15-inch laptop and secure compartments for daily documents. This reliable bag is designed for demanding travel schedules.",Calvin Klein,women,Business & laptop bags,Accessories|Bags & backpacks|Bags|Business & laptop bags,khaki,Nubuck,false,92.76,115.95,20,true,4.2,573,ONE SIZE,https://pub-2e4a163f7e1b4ee49c544ba33966ad8e.r2.dev/catalog/ay-000309-1.jpg,"Business Backpack 'PISA' Calvin Klein Business & laptop bags For the professional commuter, this khaki nubuck backpack provides a sophisticated alternative to a briefcase. It features dedicated padded sleeves for a 15-inch laptop and secure compartments for daily documents. This reliable bag is designed for demanding travel schedules."
ay-000310,Cap 'VENLO',"This white cap is constructed from durable stainless steel. The material maintains a clean, professional appearance and is designed to develop a natural patina with regular wear. It offers a lightweight and robust option for daily use.",Calvin Klein,kids,Hats & caps,Accessories|Hats & caps,white,Stainless steel,false,68.99,,,true,3.9,304,ONE SIZE,https://pub-2e4a163f7e1b4ee49c544ba33966ad8e.r2.dev/catalog/ay-000310-1.jpg,"Cap 'VENLO' Calvin Klein Hats & caps This white cap is constructed from durable stainless steel. The material maintains a clean, professional appearance and is designed to develop a natural patina with regular wear. It offers a lightweight and robust option for daily use."
ay-000311,Slip-Ons 'BALTIC',"These burgundy slip-ons provide simple, comfortable daily wear. They feature a robust construction that encourages natural ageing. Over time, the material develops a desirable patina, maintaining a refined appearance.",NU-IN,women,Slip-ons,Shoes|Slip-ons,burgundy,,false,50.99,,,false,4.7,479,36|37|38|39|40|41,https://pub-2e4a163f7e1b4ee49c544ba33966ad8e.r2.dev/catalog/ay-000311-1.jpg,"Slip-Ons 'BALTIC' NU-IN Slip-ons These burgundy slip-ons provide simple, comfortable daily wear. They feature a robust construction that encourages natural ageing. Over time, the material develops a desirable patina, maintaining a refined appearance."
ay-000312,Loafers 'FARO',"For effortless daily wear, these slip-on loafers feature a comfortable, lightweight design. They are constructed from durable recycled mesh in a versatile olive colour, suitable for casual weekend outings.",Polo Ralph Lauren,women,Slip-ons,Shoes|Slip-ons,olive,Recycled mesh,true,290.00,,,true,,,36|37|38|39|40|41,https://pub-2e4a163f7e1b4ee49c544ba33966ad8e.r2.dev/catalog/ay-000312-1.jpg,"Loafers 'FARO' Polo Ralph Lauren Slip-ons For effortless daily wear, these slip-on loafers feature a comfortable, lightweight design. They are constructed from durable recycled mesh in a versatile olive colour, suitable for casual weekend outings."
ay-000313,Jacket 'YEOVIL',"The jacket features a neat button placket closure and deep patch pockets. Constructed from a durable emerald wool blend, this piece provides reliable warmth and a classic fit. It is suitable for everyday casual wear.",millane,women,Jackets,Clothing|Jackets,emerald,Wool blend,false,86.32,107.90,20,true,4.0,303,XS|S|M|L|XL,https://pub-2e4a163f7e1b4ee49c544ba33966ad8e.r2.dev/catalog/ay-000313-1.jpg,"Jacket 'YEOVIL' millane Jackets The jacket features a neat button placket closure and deep patch pockets. Constructed from a durable emerald wool blend, this piece provides reliable warmth and a classic fit. It is suitable for everyday casual wear."
ay-000314,Jeans 'ZERMATT',"Satin provides a smooth texture and comfortable drape. This pair of jeans is presented in a rich mocha shade, making it an adaptable and flattering piece for everyday casual wear.",JDY,men,Jeans,Clothing|Jeans,mocha,Satin,false,55.99,,,true,4.3,85,29|30|31|32|33|34|36,https://pub-2e4a163f7e1b4ee49c544ba33966ad8e.r2.dev/catalog/ay-000314-1.jpg,"Jeans 'ZERMATT' JDY Jeans Satin provides a smooth texture and comfortable drape. This pair of jeans is presented in a rich mocha shade, making it an adaptable and flattering piece for everyday casual wear."
ay-000315,Laptop Backpack 'HALDEN',This sand cotton canvas backpack provides secure storage for a 15-inch laptop and professional documents. Its padded sleeve and dedicated compartment make it suitable for the daily commuter. It handles demanding transport and business travel reliably.,Camel Active,men,Business & laptop bags,Accessories|Bags & backpacks|Bags|Business & laptop bags,sand,Cotton canvas,false,179.99,,,false,4.7,550,ONE SIZE,https://pub-2e4a163f7e1b4ee49c544ba33966ad8e.r2.dev/catalog/ay-000315-1.jpg,Laptop Backpack 'HALDEN' Camel Active Business & laptop bags This sand cotton canvas backpack provides secure storage for a 15-inch laptop and professional documents. Its padded sleeve and dedicated compartment make it suitable for the daily commuter. It handles demanding transport and business travel reliably.
ay-000316,Top 'TERNI',"This taupe alpaca blend top provides lightweight warmth and a soft feel for year-round layering. Its simple fit is designed for versatility. Please note that due to the material blend, careful handwashing is recommended.",VERO MODA,women,Tops,Clothing|Tops,taupe,Alpaca blend,false,27.67,36.90,25,true,4.3,389,XS|S|M|L|XL,https://pub-2e4a163f7e1b4ee49c544ba33966ad8e.r2.dev/catalog/ay-000316-1.jpg,"Top 'TERNI' VERO MODA Tops This taupe alpaca blend top provides lightweight warmth and a soft feel for year-round layering. Its simple fit is designed for versatility. Please note that due to the material blend, careful handwashing is recommended."
ay-000317,Running Shoes 'SINTRA',"For daily runs and light training, these running shoes provide reliable support. The khaki colourway features breathable recycled mesh uppers for comfort and durability. These shoes are designed for consistent performance on various surfaces.",New Balance,women,Running shoes,Sportswear|Running shoes,khaki,Recycled mesh,false,73.60,92.00,20,true,4.6,43,36|37|38|39|40|41,https://pub-2e4a163f7e1b4ee49c544ba33966ad8e.r2.dev/catalog/ay-000317-1.jpg,"Running Shoes 'SINTRA' New Balance Running shoes For daily runs and light training, these running shoes provide reliable support. The khaki colourway features breathable recycled mesh uppers for comfort and durability. These shoes are designed for consistent performance on various surfaces."
ay-000318,Sneakers 'MATERA',The adjustable lacing system ensures a secure fit. These sneakers feature a breathable mesh construction in an olive hue. The durable upper provides reliable comfort for general daily wear.,Nike Sportswear,men,Sneakers,Shoes|Sneakers,olive,Mesh,false,33.00,55.00,40,true,4.4,570,41|42|43|44|45,https://pub-2e4a163f7e1b4ee49c544ba33966ad8e.r2.dev/catalog/ay-000318-1.jpg,Sneakers 'MATERA' Nike Sportswear Sneakers The adjustable lacing system ensures a secure fit. These sneakers feature a breathable mesh construction in an olive hue. The durable upper provides reliable comfort for general daily wear.
ay-000319,Ring Set 'ILFORD',"This set provides a versatile ring option, constructed from durable silicone and rendered in a muted sage hue. The resilient material makes it suitable for daily wear, even when handling water or engaging in manual tasks.",Diesel,women,Jewelry,Accessories|Jewelry,sage,Silicone,false,19.42,25.90,25,true,4.2,70,ONE SIZE,https://pub-2e4a163f7e1b4ee49c544ba33966ad8e.r2.dev/catalog/ay-000319-1.jpg,"Ring Set 'ILFORD' Diesel Jewelry This set provides a versatile ring option, constructed from durable silicone and rendered in a muted sage hue. The resilient material makes it suitable for daily wear, even when handling water or engaging in manual tasks."
ay-000320,Belt Bag 'UTRERA',This anthracite belt bag is constructed from durable Saffiano leather. Its secure design makes it ideal for navigating busy city streets. It provides essential storage while maintaining a polished appearance.,Tommy Hilfiger,men,Bum bags,Accessories|Bags & backpacks|Bags|Bum bags,anthracite,Saffiano leather,false,50.95,,,true,4.3,228,ONE SIZE,https://pub-2e4a163f7e1b4ee49c544ba33966ad8e.r2.dev/catalog/ay-000320-1.jpg,Belt Bag 'UTRERA' Tommy Hilfiger Bum bags This anthracite belt bag is constructed from durable Saffiano leather. Its secure design makes it ideal for navigating busy city streets. It provides essential storage while maintaining a polished appearance.
ay-000321,Document Bag 'LUCCA',"This black Nylon briefcase features a dedicated laptop compartment and padded sleeve for transporting documents and a 15-inch device. Designed for the daily commuter, it offers structured storage ideal for professional use. Note that the nylon material requires careful handling to prevent surface scuffs.",BOSS,kids,Business & laptop bags,Accessories|Bags & backpacks|Bags|Business & laptop bags,black,Nylon,true,382.80,638.00,40,true,4.5,467,ONE SIZE,https://pub-2e4a163f7e1b4ee49c544ba33966ad8e.r2.dev/catalog/ay-000321-1.jpg,"Document Bag 'LUCCA' BOSS Business & laptop bags This black Nylon briefcase features a dedicated laptop compartment and padded sleeve for transporting documents and a 15-inch device. Designed for the daily commuter, it offers structured storage ideal for professional use. Note that the nylon material requires careful handling to prevent surface scuffs."
ay-000322,Briefcase 'LOFOTEN',"This rose coated canvas briefcase is designed for the commuter, featuring a 15-inch laptop compartment and padded sleeve for documents. It maintains a professional profile while developing a distinctive, refined patina with continued use.",HUGO,men,Business & laptop bags,Accessories|Bags & backpacks|Bags|Business & laptop bags,rose,Coated canvas,false,51.50,103.00,50,true,3.8,45,ONE SIZE,https://pub-2e4a163f7e1b4ee49c544ba33966ad8e.r2.dev/catalog/ay-000322-1.jpg,"Briefcase 'LOFOTEN' HUGO Business & laptop bags This rose coated canvas briefcase is designed for the commuter, featuring a 15-inch laptop compartment and padded sleeve for documents. It maintains a professional profile while developing a distinctive, refined patina with continued use."
ay-000323,Earrings 'TORINO',"Brass has a solid feel and a warm presence. These earrings present a rich cognac finish, providing a subtle earthy tone. They are constructed from brass and feature a simple, understated design.",Calvin Klein,kids,Jewelry,Accessories|Jewelry,cognac,Brass,false,20.99,,,true,4.4,528,ONE SIZE,https://pub-2e4a163f7e1b4ee49c544ba33966ad8e.r2.dev/catalog/ay-000323-1.jpg,"Earrings 'TORINO' Calvin Klein Jewelry Brass has a solid feel and a warm presence. These earrings present a rich cognac finish, providing a subtle earthy tone. They are constructed from brass and feature a simple, understated design."
ay-000324,Handbag 'LEIRIA',"This polyester bag features a soft lilac shade suitable for everyday use. It provides a functional carrying option and is lightweight. Please note that to maintain its appearance, the fabric requires gentle spot cleaning.",Lauren Ralph Lauren,women,Handbags,Accessories|Bags & backpacks|Bags|Handbags,lilac,Polyester,true,385.04,452.99,15,true,4.4,207,ONE SIZE,https://pub-2e4a163f7e1b4ee49c544ba33966ad8e.r2.dev/catalog/ay-000324-1.jpg,"Handbag 'LEIRIA' Lauren Ralph Lauren Handbags This polyester bag features a soft lilac shade suitable for everyday use. It provides a functional carrying option and is lightweight. Please note that to maintain its appearance, the fabric requires gentle spot cleaning."
ay-000325,Crossbody Bag 'AMALFI',This brown nubuck crossbody bag offers reliable storage for daily essentials. Its durable construction makes it ideal for use on a weekend outing or commute. The size allows carrying necessary items without unnecessary bulk.,Camel Active,women,Crossbody bags,Accessories|Bags & backpacks|Bags|Crossbody bags,brown,Nubuck,false,79.99,,,true,3.7,178,ONE SIZE,https://pub-2e4a163f7e1b4ee49c544ba33966ad8e.r2.dev/catalog/ay-000325-1.jpg,Crossbody Bag 'AMALFI' Camel Active Crossbody bags This brown nubuck crossbody bag offers reliable storage for daily essentials. Its durable construction makes it ideal for use on a weekend outing or commute. The size allows carrying necessary items without unnecessary bulk.
ay-000326,Outdoor Shoes 'REGGIO',These outdoor shoes feature a durable chocolate Mesh construction. The breathable design provides reliable support and excellent grip when navigating uneven terrain. They are suitable for general hiking and traversing varied outdoor paths.,adidas Originals,men,Outdoor shoes,Sportswear|Outdoor shoes,chocolate,Mesh,false,59.20,74.00,20,true,4.4,426,41|42|43|44|45,https://pub-2e4a163f7e1b4ee49c544ba33966ad8e.r2.dev/catalog/ay-000326-1.jpg,Outdoor Shoes 'REGGIO' adidas Originals Outdoor shoes These outdoor shoes feature a durable chocolate Mesh construction. The breathable design provides reliable support and excellent grip when navigating uneven terrain. They are suitable for general hiking and traversing varied outdoor paths.
ay-000327,Hoodie 'BERGEN',Rose pairs well with dark denim and tailored trousers. This fleece hoodie is constructed from breathable cotton blend material. It includes an adjustable hood and a functional kangaroo pocket for daily wear.,Copenhagen Studios,women,Hoodies,Clothing|Hoodies,rose,,true,176.50,352.99,50,true,4.5,398,XS|S|M|L|XL,https://pub-2e4a163f7e1b4ee49c544ba33966ad8e.r2.dev/catalog/ay-000327-1.jpg,Hoodie 'BERGEN' Copenhagen Studios Hoodies Rose pairs well with dark denim and tailored trousers. This fleece hoodie is constructed from breathable cotton blend material. It includes an adjustable hood and a functional kangaroo pocket for daily wear.
ay-000328,Crossbody Bag 'CADIZ',Recycled polyester provides a durable feel for this crossbody bag. The cream finish is suitable for everyday use and is made from sustainable material. It includes an adjustable strap and sufficient internal space for daily essentials.,Polo Ralph Lauren,men,Crossbody bags,Accessories|Bags & backpacks|Bags|Crossbody bags,cream,Recycled polyester,true,248.25,331.00,25,true,4.6,289,ONE SIZE,https://pub-2e4a163f7e1b4ee49c544ba33966ad8e.r2.dev/catalog/ay-000328-1.jpg,Crossbody Bag 'CADIZ' Polo Ralph Lauren Crossbody bags Recycled polyester provides a durable feel for this crossbody bag. The cream finish is suitable for everyday use and is made from sustainable material. It includes an adjustable strap and sufficient internal space for daily essentials.
ay-000329,Hobo Bag 'HOLM',"Saffiano leather provides a durable, structured finish. This hobo bag is constructed from anthracite Saffiano leather and designed for use as a shoulder bag. It offers ample capacity while maintaining a clean, practical profile for daily essentials.",Coccinelle,men,Shoulder bags,Accessories|Bags & backpacks|Bags|Shoulder bags,anthracite,Saffiano leather,false,117.00,,,true,3.9,230,ONE SIZE,https://pub-2e4a163f7e1b4ee49c544ba33966ad8e.r2.dev/catalog/ay-000329-1.jpg,"Hobo Bag 'HOLM' Coccinelle Shoulder bags Saffiano leather provides a durable, structured finish. This hobo bag is constructed from anthracite Saffiano leather and designed for use as a shoulder bag. It offers ample capacity while maintaining a clean, practical profile for daily essentials."
ay-000330,Belt Bag 'RIMINI',"The mocha nubuck material provides a durable finish for this waist bag. It is ideal for keeping essentials secure during busy city commutes. This bag offers reliable, hands-free storage for your day out.",Kapten & Son,women,Bum bags,Accessories|Bags & backpacks|Bags|Bum bags,mocha,Nubuck,false,24.00,48.00,50,true,4.1,491,ONE SIZE,https://pub-2e4a163f7e1b4ee49c544ba33966ad8e.r2.dev/catalog/ay-000330-1.jpg,"Belt Bag 'RIMINI' Kapten & Son Bum bags The mocha nubuck material provides a durable finish for this waist bag. It is ideal for keeping essentials secure during busy city commutes. This bag offers reliable, hands-free storage for your day out."
ay-000331,Tunic 'ROVIGO',"Organic cotton feels soft and breathable, providing comfort for daily wear. This beige tunic features a relaxed, flattering fit. It is designed for effortless pairing with jeans or trousers.",ONLY,women,Blouses & tunics,Clothing|Blouses & tunics,beige,Organic cotton,false,83.90,,,true,4.6,256,XS|S|M|L|XL,https://pub-2e4a163f7e1b4ee49c544ba33966ad8e.r2.dev/catalog/ay-000331-1.jpg,"Tunic 'ROVIGO' ONLY Blouses & tunics Organic cotton feels soft and breathable, providing comfort for daily wear. This beige tunic features a relaxed, flattering fit. It is designed for effortless pairing with jeans or trousers."
ay-000332,Dress 'BRIGHTON',Olive pairs well with brown accessories and autumnal tones. This wool blend dress offers comfortable coverage for cooler weather. It features a timeless design suitable for both day wear and smart occasions.,RÆRE by Lorena Rae,women,Dresses,Clothing|Dresses,olive,Wool blend,false,31.50,63.00,50,true,4.4,492,XS|S|M|L|XL,https://pub-2e4a163f7e1b4ee49c544ba33966ad8e.r2.dev/catalog/ay-000332-1.jpg,Dress 'BRIGHTON' RÆRE by Lorena Rae Dresses Olive pairs well with brown accessories and autumnal tones. This wool blend dress offers comfortable coverage for cooler weather. It features a timeless design suitable for both day wear and smart occasions.
ay-000333,Document Bag 'FOLKE',"This ecru Polyester bag functions effectively as a commuter briefcase, featuring a dedicated padded sleeve and internal laptop compartment. It accommodates up to 15-inch documents and daily essentials for professional use. Due to the Polyester material, minor scuffs may appear with regular handling.",Camel Active,men,Business & laptop bags,Accessories|Bags & backpacks|Bags|Business & laptop bags,ecru,Polyester,false,55.21,64.95,15,true,4.2,335,ONE SIZE,https://pub-2e4a163f7e1b4ee49c544ba33966ad8e.r2.dev/catalog/ay-000333-1.jpg,"Document Bag 'FOLKE' Camel Active Business & laptop bags This ecru Polyester bag functions effectively as a commuter briefcase, featuring a dedicated padded sleeve and internal laptop compartment. It accommodates up to 15-inch documents and daily essentials for professional use. Due to the Polyester material, minor scuffs may appear with regular handling."
ay-000334,Knit 'ISERE',"This cream wool blend knit offers comfortable warmth suitable for transitional autumn evenings. The substantial weave provides reliable coverage without excessive bulk. It is an excellent, versatile layer for casual wear.",VILA,men,Sweaters & knitwear,Clothing|Sweaters & knitwear,cream,Wool blend,false,84.75,113.00,25,true,4.2,140,XS|S|M|L|XL,https://pub-2e4a163f7e1b4ee49c544ba33966ad8e.r2.dev/catalog/ay-000334-1.jpg,"Knit 'ISERE' VILA Sweaters & knitwear This cream wool blend knit offers comfortable warmth suitable for transitional autumn evenings. The substantial weave provides reliable coverage without excessive bulk. It is an excellent, versatile layer for casual wear."
ay-000335,Laptop Backpack 'ELDER',"Durable, smooth material provides reliable protection for professional use. This sand backpack includes a padded sleeve for a 15-inch laptop, dedicated compartments for documents, and commuter essentials. It functions as a streamlined alternative to a conventional briefcase.",HUGO,men,Business & laptop bags,Accessories|Bags & backpacks|Bags|Business & laptop bags,sand,,false,52.46,74.95,30,true,4.1,581,ONE SIZE,https://pub-2e4a163f7e1b4ee49c544ba33966ad8e.r2.dev/catalog/ay-000335-1.jpg,"Laptop Backpack 'ELDER' HUGO Business & laptop bags Durable, smooth material provides reliable protection for professional use. This sand backpack includes a padded sleeve for a 15-inch laptop, dedicated compartments for documents, and commuter essentials. It functions as a streamlined alternative to a conventional briefcase."
ay-000336,High Heels 'UDINE',"The adjustable ankle strap fastening provides secure support for these high heels. Constructed from rich bordeaux leather, they offer a refined appearance. These shoes are designed for formal or sophisticated daytime wear.",Tamaris,women,High heels,Shoes|High heels,bordeaux,Leather,false,49.74,82.90,40,true,4.6,147,36|37|38|39|40|41,https://pub-2e4a163f7e1b4ee49c544ba33966ad8e.r2.dev/catalog/ay-000336-1.jpg,"High Heels 'UDINE' Tamaris High heels The adjustable ankle strap fastening provides secure support for these high heels. Constructed from rich bordeaux leather, they offer a refined appearance. These shoes are designed for formal or sophisticated daytime wear."
ay-000337,Dress 'GRANADA',Cotton twill offers a breathable and comfortable feel for all-day wear. This dress is presented in a versatile sand colour. Its simple design makes it an easy piece to incorporate into your existing wardrobe.,Mavi,women,Dresses,Clothing|Dresses,sand,Cotton twill,false,39.00,65.00,40,true,4.1,82,XS|S|M|L|XL,https://pub-2e4a163f7e1b4ee49c544ba33966ad8e.r2.dev/catalog/ay-000337-1.jpg,Dress 'GRANADA' Mavi Dresses Cotton twill offers a breathable and comfortable feel for all-day wear. This dress is presented in a versatile sand colour. Its simple design makes it an easy piece to incorporate into your existing wardrobe.
ay-000338,Boots 'HAMAR',"These boots are constructed from chocolate suede and offer a durable, comfortable fit. They feature a classic ankle design suitable for general wear. Please note that suede material requires careful cleaning and regular brushing to prevent staining.",Marco Tozzi,men,Boots,Shoes|Boots,chocolate,Suede,false,59.99,99.99,40,true,,,41|42|43|44|45,https://pub-2e4a163f7e1b4ee49c544ba33966ad8e.r2.dev/catalog/ay-000338-1.jpg,"Boots 'HAMAR' Marco Tozzi Boots These boots are constructed from chocolate suede and offer a durable, comfortable fit. They feature a classic ankle design suitable for general wear. Please note that suede material requires careful cleaning and regular brushing to prevent staining."
ay-000339,Crossbody Bag 'TAVIRA',This functional crossbody bag is constructed from durable chocolate Nylon. It provides sufficient space for carrying daily essentials. Please note that the Nylon material requires careful spot cleaning to maintain its condition.,Kapten & Son,women,Crossbody bags,Accessories|Bags & backpacks|Bags|Crossbody bags,chocolate,Nylon,false,41.56,51.95,20,true,4.9,358,ONE SIZE,https://pub-2e4a163f7e1b4ee49c544ba33966ad8e.r2.dev/catalog/ay-000339-1.jpg,Crossbody Bag 'TAVIRA' Kapten & Son Crossbody bags This functional crossbody bag is constructed from durable chocolate Nylon. It provides sufficient space for carrying daily essentials. Please note that the Nylon material requires careful spot cleaning to maintain its condition.
ay-000340,Trainers 'TARBES',"For casual daily wear, these trainers offer breathable comfort and light support. The upper uses a durable khaki mesh material, providing a breathable feel suitable for daily errands. These versatile sneakers are ideal for general activity and everyday use.",adidas Originals,men,Sneakers,Shoes|Sneakers,khaki,Mesh,false,60.79,75.99,20,true,4.4,147,41|42|43|44|45,https://pub-2e4a163f7e1b4ee49c544ba33966ad8e.r2.dev/catalog/ay-000340-1.jpg,"Trainers 'TARBES' adidas Originals Sneakers For casual daily wear, these trainers offer breathable comfort and light support. The upper uses a durable khaki mesh material, providing a breathable feel suitable for daily errands. These versatile sneakers are ideal for general activity and everyday use."
ay-000341,Necklace 'ESSEN',"Silicone offers a smooth, comfortable feel for this simple necklace. The deep navy colour provides a versatile pop of colour for any outfit. This lightweight piece is designed for everyday wear and secure style.",Coccinelle,women,Jewelry,Accessories|Jewelry,navy,Silicone,false,56.10,66.00,15,true,3.6,114,ONE SIZE,https://pub-2e4a163f7e1b4ee49c544ba33966ad8e.r2.dev/catalog/ay-000341-1.jpg,"Necklace 'ESSEN' Coccinelle Jewelry Silicone offers a smooth, comfortable feel for this simple necklace. The deep navy colour provides a versatile pop of colour for any outfit. This lightweight piece is designed for everyday wear and secure style."
ay-000342,Trainers 'MEDINA',"Navy trousers and chinos are complemented by these trainers. Constructed from durable leather, they provide a sophisticated look suitable for daily wear. They offer reliable comfort for smart casual occasions.",adidas Originals,women,Sneakers,Shoes|Sneakers,navy,Leather,false,58.00,,,true,4.1,461,36|37|38|39|40|41,https://pub-2e4a163f7e1b4ee49c544ba33966ad8e.r2.dev/catalog/ay-000342-1.jpg,"Trainers 'MEDINA' adidas Originals Sneakers Navy trousers and chinos are complemented by these trainers. Constructed from durable leather, they provide a sophisticated look suitable for daily wear. They offer reliable comfort for smart casual occasions."
ay-000343,Shoulder Bag 'BODEN',"This sand suede shoulder bag offers a simple, neutral accessory for daily use. The soft suede material is practical yet delicate, so routine damp cleaning is recommended to maintain its condition. This versatile bag is suitable for everyday carrying needs.",bugatti,men,Shoulder bags,Accessories|Bags & backpacks|Bags|Shoulder bags,sand,Suede,false,44.99,59.99,25,false,4.6,460,ONE SIZE,https://pub-2e4a163f7e1b4ee49c544ba33966ad8e.r2.dev/catalog/ay-000343-1.jpg,"Shoulder Bag 'BODEN' bugatti Shoulder bags This sand suede shoulder bag offers a simple, neutral accessory for daily use. The soft suede material is practical yet delicate, so routine damp cleaning is recommended to maintain its condition. This versatile bag is suitable for everyday carrying needs."
ay-000344,Commuter Bag 'PERUGIA',"This khaki commuter briefcase features a dedicated 15-inch padded sleeve and ample space for documents. It functions as a durable, professional carryall for daily travel. Note that the material may require occasional treatment with water repellent spray.",Liebeskind Berlin,women,Business & laptop bags,Accessories|Bags & backpacks|Bags|Business & laptop bags,khaki,,false,54.53,77.90,30,true,3.9,540,ONE SIZE,https://pub-2e4a163f7e1b4ee49c544ba33966ad8e.r2.dev/catalog/ay-000344-1.jpg,"Commuter Bag 'PERUGIA' Liebeskind Berlin Business & laptop bags This khaki commuter briefcase features a dedicated 15-inch padded sleeve and ample space for documents. It functions as a durable, professional carryall for daily travel. Note that the material may require occasional treatment with water repellent spray."
ay-000345,Work Tote 'SUNNE',"For commuters and professionals, this navy cotton canvas tote provides necessary storage. It includes a padded sleeve designed for a 15-inch laptop and dedicated sections for documents. This sturdy tote functions effectively as a practical, daily briefcase alternative.",BOSS,men,Business & laptop bags,Accessories|Bags & backpacks|Bags|Business & laptop bags,navy,Cotton canvas,true,510.36,637.95,20,true,4.2,154,ONE SIZE,https://pub-2e4a163f7e1b4ee49c544ba33966ad8e.r2.dev/catalog/ay-000345-1.jpg,"Work Tote 'SUNNE' BOSS Business & laptop bags For commuters and professionals, this navy cotton canvas tote provides necessary storage. It includes a padded sleeve designed for a 15-inch laptop and dedicated sections for documents. This sturdy tote functions effectively as a practical, daily briefcase alternative."
ay-000346,Messenger Bag 'PALMA',This taupe Suede messenger bag provides a sophisticated alternative for the professional commuter. It features a padded sleeve for a 15-inch laptop and ample space for documents. Ideal for day trips requiring reliable storage and a structured appearance.,Tommy Hilfiger,men,Business & laptop bags,Accessories|Bags & backpacks|Bags|Business & laptop bags,taupe,Suede,false,95.97,112.90,15,true,4.1,55,ONE SIZE,https://pub-2e4a163f7e1b4ee49c544ba33966ad8e.r2.dev/catalog/ay-000346-1.jpg,Messenger Bag 'PALMA' Tommy Hilfiger Business & laptop bags This taupe Suede messenger bag provides a sophisticated alternative for the professional commuter. It features a padded sleeve for a 15-inch laptop and ample space for documents. Ideal for day trips requiring reliable storage and a structured appearance.
ay-000347,Briefcase 'LERIDA',"This cognac coated canvas briefcase provides secure storage for a 15-inch laptop, padded sleeve, and essential documents. It is designed for the professional commuter, but the coated canvas material requires careful cleaning to prevent stains.",Tommy Hilfiger,men,Business & laptop bags,Accessories|Bags & backpacks|Bags|Business & laptop bags,cognac,Coated canvas,false,172.00,,,true,4.7,208,ONE SIZE,https://pub-2e4a163f7e1b4ee49c544ba33966ad8e.r2.dev/catalog/ay-000347-1.jpg,"Briefcase 'LERIDA' Tommy Hilfiger Business & laptop bags This cognac coated canvas briefcase provides secure storage for a 15-inch laptop, padded sleeve, and essential documents. It is designed for the professional commuter, but the coated canvas material requires careful cleaning to prevent stains."
ay-000348,Coat 'VELLA',"This coat features an ecru alpaca blend, providing substantial warmth and a refined drape. It is designed to soften and develop a unique patina with continued wear. This blend ensures excellent comfort for cool British weather.",Lauren Ralph Lauren,women,Coats,Clothing|Coats,ecru,Alpaca blend,true,253.47,506.95,50,true,3.8,256,XS|S|M|L|XL,https://pub-2e4a163f7e1b4ee49c544ba33966ad8e.r2.dev/catalog/ay-000348-1.jpg,"Coat 'VELLA' Lauren Ralph Lauren Coats This coat features an ecru alpaca blend, providing substantial warmth and a refined drape. It is designed to soften and develop a unique patina with continued wear. This blend ensures excellent comfort for cool British weather."
ay-000349,Jacket 'ASTRA',"This beige denim jacket features a versatile, classic fit. Constructed from durable denim, it develops a unique patina and wear over time. It provides a reliable and practical layer for casual daily wear.",BOSS,men,Jackets,Clothing|Jackets,beige,Denim,true,123.90,177.00,30,true,4.0,161,XS|S|M|L|XL,https://pub-2e4a163f7e1b4ee49c544ba33966ad8e.r2.dev/catalog/ay-000349-1.jpg,"Jacket 'ASTRA' BOSS Jackets This beige denim jacket features a versatile, classic fit. Constructed from durable denim, it develops a unique patina and wear over time. It provides a reliable and practical layer for casual daily wear."
ay-000350,Leggings 'JARVA',"Cognac complements various tones of clothing. These leggings are constructed from breathable cotton poplin, providing reliable comfort for physical activity. Their durable and simple design makes them suitable for gym wear or casual daily use.",Mavi,women,Sports bottoms & leggings,Sportswear|Sports bottoms & leggings,cognac,Cotton poplin,false,19.50,26.00,25,true,4.0,380,25|26|27|28|29|30|31,https://pub-2e4a163f7e1b4ee49c544ba33966ad8e.r2.dev/catalog/ay-000350-1.jpg,"Leggings 'JARVA' Mavi Sports bottoms & leggings Cognac complements various tones of clothing. These leggings are constructed from breathable cotton poplin, providing reliable comfort for physical activity. Their durable and simple design makes them suitable for gym wear or casual daily use."
ay-000351,Crossbody Bag 'MONZA',"For daily errands or weekend outings, this practical crossbody bag is ideal. Constructed from soft olive suede, it features an adjustable strap and ample internal space for essentials.",millane,women,Crossbody bags,Accessories|Bags & backpacks|Bags|Crossbody bags,olive,Suede,false,104.21,138.95,25,true,3.6,221,ONE SIZE,https://pub-2e4a163f7e1b4ee49c544ba33966ad8e.r2.dev/catalog/ay-000351-1.jpg,"Crossbody Bag 'MONZA' millane Crossbody bags For daily errands or weekend outings, this practical crossbody bag is ideal. Constructed from soft olive suede, it features an adjustable strap and ample internal space for essentials."
ay-000352,T-Shirt 'EIGER',"Cotton provides a comfortable feel, making this basic t-shirt suitable for everyday wear. Available in a versatile grey colour, this piece is designed to maintain its structure and shape even after repeated washing.",VILA,kids,Tops,Clothing|Tops,grey,Cotton,false,12.99,,,true,3.7,475,110|116|122|128,https://pub-2e4a163f7e1b4ee49c544ba33966ad8e.r2.dev/catalog/ay-000352-1.jpg,"T-Shirt 'EIGER' VILA Tops Cotton provides a comfortable feel, making this basic t-shirt suitable for everyday wear. Available in a versatile grey colour, this piece is designed to maintain its structure and shape even after repeated washing."
ay-000353,Ballet Flats 'BRUGES',"These synthetic ballet flats, presented in a versatile sand tone, provide daily comfort and support. The durable material is designed to maintain its shape and colour over time. They are suitable for general casual wear.",BOSS,women,Ballet flats,Shoes|Ballet flats,sand,Synthetic,true,119.97,199.95,40,true,4.5,289,36|37|38|39|40|41,https://pub-2e4a163f7e1b4ee49c544ba33966ad8e.r2.dev/catalog/ay-000353-1.jpg,"Ballet Flats 'BRUGES' BOSS Ballet flats These synthetic ballet flats, presented in a versatile sand tone, provide daily comfort and support. The durable material is designed to maintain its shape and colour over time. They are suitable for general casual wear."
ay-000354,Jeans 'BILBAO',"These jeans are constructed from breathable cotton poplin in a soft cream hue. The material is designed to soften significantly with wear, developing a comfortable patina over time. They offer a reliable and versatile staple for casual dressing.",American Vintage,kids,Jeans,Clothing|Jeans,cream,Cotton poplin,false,42.69,60.99,30,true,3.7,619,110|116|122|128,https://pub-2e4a163f7e1b4ee49c544ba33966ad8e.r2.dev/catalog/ay-000354-1.jpg,"Jeans 'BILBAO' American Vintage Jeans These jeans are constructed from breathable cotton poplin in a soft cream hue. The material is designed to soften significantly with wear, developing a comfortable patina over time. They offer a reliable and versatile staple for casual dressing."
ay-000355,Trainers 'BIARRITZ',"These sneakers feature rich chocolate suede uppers. They weigh approximately as much as a standard paperback book, offering comfortable support for all-day wear. A straightforward and adaptable choice for casual use.",Puma,kids,Sneakers,Shoes|Sneakers,chocolate,Suede,false,57.71,76.95,25,true,4.5,154,30|31|32|33|34,https://pub-2e4a163f7e1b4ee49c544ba33966ad8e.r2.dev/catalog/ay-000355-1.jpg,"Trainers 'BIARRITZ' Puma Sneakers These sneakers feature rich chocolate suede uppers. They weigh approximately as much as a standard paperback book, offering comfortable support for all-day wear. A straightforward and adaptable choice for casual use."
ay-000356,Sports Top 'ARDEN',"Bordeaux pairs well with neutral bottoms for a versatile look. This sports top is constructed from breathable Cotton, designed for comfort during exercise. Its simple fit ensures freedom of movement for various activities.",NA-KD,women,Sports tops,Sportswear|Sports tops,bordeaux,Cotton,false,73.99,,,true,4.8,167,XS|S|M|L|XL,https://pub-2e4a163f7e1b4ee49c544ba33966ad8e.r2.dev/catalog/ay-000356-1.jpg,"Sports Top 'ARDEN' NA-KD Sports tops Bordeaux pairs well with neutral bottoms for a versatile look. This sports top is constructed from breathable Cotton, designed for comfort during exercise. Its simple fit ensures freedom of movement for various activities."
ay-000357,Ballet Flats 'VARESE',"Featuring a simple rounded toe box, these ballet flats are constructed from breathable canvas. The ecru shade offers a neutral and versatile finish, making them suitable for everyday wear.",Birkenstock,women,Ballet flats,Shoes|Ballet flats,ecru,Canvas,false,19.53,27.90,30,true,4.9,121,36|37|38|39|40|41,https://pub-2e4a163f7e1b4ee49c544ba33966ad8e.r2.dev/catalog/ay-000357-1.jpg,"Ballet Flats 'VARESE' Birkenstock Ballet flats Featuring a simple rounded toe box, these ballet flats are constructed from breathable canvas. The ecru shade offers a neutral and versatile finish, making them suitable for everyday wear."
ay-000358,Outdoor Shoes 'CARLOW',"These white suede outdoor shoes offer durable support for varied terrain. They are suitable for brisk walking and light trail hiking, providing reliable stability. The suede construction ensures a classic, comfortable fit for demanding conditions.",ABOUT YOU,kids,Outdoor shoes,Sportswear|Outdoor shoes,white,Suede,false,42.36,52.95,20,true,,,30|31|32|33|34,https://pub-2e4a163f7e1b4ee49c544ba33966ad8e.r2.dev/catalog/ay-000358-1.jpg,"Outdoor Shoes 'CARLOW' ABOUT YOU Outdoor shoes These white suede outdoor shoes offer durable support for varied terrain. They are suitable for brisk walking and light trail hiking, providing reliable stability. The suede construction ensures a classic, comfortable fit for demanding conditions."
ay-000359,Briefcase 'DELFT',Nylon offers durability and a lightweight feel. This mocha briefcase features a padded 15-inch laptop compartment and space for essential documents. It is designed for the modern professional commuter's needs.,BOSS,women,Business & laptop bags,Accessories|Bags & backpacks|Bags|Business & laptop bags,mocha,Nylon,true,595.00,,,true,3.6,163,ONE SIZE,https://pub-2e4a163f7e1b4ee49c544ba33966ad8e.r2.dev/catalog/ay-000359-1.jpg,Briefcase 'DELFT' BOSS Business & laptop bags Nylon offers durability and a lightweight feel. This mocha briefcase features a padded 15-inch laptop compartment and space for essential documents. It is designed for the modern professional commuter's needs.
ay-000360,Skirt 'ASCONA',This black alpaca blend skirt provides comfortable warmth and a refined drape. Its sophisticated material makes it highly suitable for smart-casual office wear. It offers a classic silhouette for effortless styling.,millane,women,Skirts,Clothing|Skirts,black,Alpaca blend,false,86.90,,,true,4.9,129,XS|S|M|L|XL,https://pub-2e4a163f7e1b4ee49c544ba33966ad8e.r2.dev/catalog/ay-000360-1.jpg,Skirt 'ASCONA' millane Skirts This black alpaca blend skirt provides comfortable warmth and a refined drape. Its sophisticated material makes it highly suitable for smart-casual office wear. It offers a classic silhouette for effortless styling.
ay-000361,Hoodie 'VISBY',This navy Merino wool hoodie provides reliable warmth and comfort. Its substantial yet lightweight feel is comparable to a thick beach towel. This piece offers dependable comfort for daily wear.,American Vintage,men,Hoodies,Clothing|Hoodies,navy,Merino wool,false,29.66,34.90,15,true,,,XS|S|M|L|XL,https://pub-2e4a163f7e1b4ee49c544ba33966ad8e.r2.dev/catalog/ay-000361-1.jpg,Hoodie 'VISBY' American Vintage Hoodies This navy Merino wool hoodie provides reliable warmth and comfort. Its substantial yet lightweight feel is comparable to a thick beach towel. This piece offers dependable comfort for daily wear.
ay-000362,Sneakers 'THIRSK',"Constructed from durable bordeaux recycled mesh, these sneakers offer lightweight comfort for daily wear. The material is designed to age gracefully, developing a unique patina that reflects consistent use over time.",Reebok Classics,women,Sneakers,Shoes|Sneakers,bordeaux,Recycled mesh,false,144.00,,,true,3.9,375,36|37|38|39|40|41,https://pub-2e4a163f7e1b4ee49c544ba33966ad8e.r2.dev/catalog/ay-000362-1.jpg,"Sneakers 'THIRSK' Reebok Classics Sneakers Constructed from durable bordeaux recycled mesh, these sneakers offer lightweight comfort for daily wear. The material is designed to age gracefully, developing a unique patina that reflects consistent use over time."
ay-000363,Ring Set 'ATRANI',"This ring set, constructed from wool felt, features a rich cognac hue. The material develops a unique patina over time, achieving a softer, personalised character with continuous wear.",Guess,men,Jewelry,Accessories|Jewelry,cognac,Wool felt,false,19.99,,,true,4.1,596,ONE SIZE,https://pub-2e4a163f7e1b4ee49c544ba33966ad8e.r2.dev/catalog/ay-000363-1.jpg,"Ring Set 'ATRANI' Guess Jewelry This ring set, constructed from wool felt, features a rich cognac hue. The material develops a unique patina over time, achieving a softer, personalised character with continuous wear."
ay-000364,Trainers 'JARVA',These synthetic trainers feature a solid chocolate colourway. The material is designed for durability and general wear. The shoe will develop subtle scuffing and wear marks across the upper over time.,Birkenstock,men,Sneakers,Shoes|Sneakers,chocolate,Synthetic,false,157.95,,,true,4.8,70,41|42|43|44|45,https://pub-2e4a163f7e1b4ee49c544ba33966ad8e.r2.dev/catalog/ay-000364-1.jpg,Trainers 'JARVA' Birkenstock Sneakers These synthetic trainers feature a solid chocolate colourway. The material is designed for durability and general wear. The shoe will develop subtle scuffing and wear marks across the upper over time.
ay-000365,Hobo Bag 'STAVA',"Brown, it pairs well with navy and forest green. This hobo style shoulder bag offers ample storage capacity and a comfortable carry. It is constructed from durable material, making it suitable for daily use.",Copenhagen Studios,men,Shoulder bags,Accessories|Bags & backpacks|Bags|Shoulder bags,brown,,true,253.30,298.00,15,true,4.7,162,ONE SIZE,https://pub-2e4a163f7e1b4ee49c544ba33966ad8e.r2.dev/catalog/ay-000365-1.jpg,"Hobo Bag 'STAVA' Copenhagen Studios Shoulder bags Brown, it pairs well with navy and forest green. This hobo style shoulder bag offers ample storage capacity and a comfortable carry. It is constructed from durable material, making it suitable for daily use."
ay-000366,Dress 'MERANO',"Lilac pairs easily with neutral footwear or accessories. This dress is constructed from soft Merino wool, ensuring lightweight comfort and breathability. Its classic design makes it suitable for both professional and casual daily wear.",VILA,women,Dresses,Clothing|Dresses,lilac,Merino wool,false,25.50,30.00,15,true,3.8,220,XS|S|M|L|XL,https://pub-2e4a163f7e1b4ee49c544ba33966ad8e.r2.dev/catalog/ay-000366-1.jpg,"Dress 'MERANO' VILA Dresses Lilac pairs easily with neutral footwear or accessories. This dress is constructed from soft Merino wool, ensuring lightweight comfort and breathability. Its classic design makes it suitable for both professional and casual daily wear."
ay-000367,Mini Bag 'MELIDE',"For daily wear, this small bag is ideal. Constructed from durable recycled polyester, it features a classic chocolate hue. This eco-conscious crossbody bag provides a practical accessory for everyday use.",millane,women,Crossbody bags,Accessories|Bags & backpacks|Bags|Crossbody bags,chocolate,Recycled polyester,false,37.06,52.95,30,true,4.4,381,ONE SIZE,https://pub-2e4a163f7e1b4ee49c544ba33966ad8e.r2.dev/catalog/ay-000367-1.jpg,"Mini Bag 'MELIDE' millane Crossbody bags For daily wear, this small bag is ideal. Constructed from durable recycled polyester, it features a classic chocolate hue. This eco-conscious crossbody bag provides a practical accessory for everyday use."
ay-000368,Jacket 'TARBES',"This structured jacket is constructed from olive Crepe fabric, offering a sophisticated staple for smart casual wear. It features a tailored silhouette suitable for layering. Please note that due to the material, steaming is recommended for best crease maintenance.",VERO MODA,women,Jackets,Clothing|Jackets,olive,Crepe,false,52.45,104.90,50,true,4.8,562,XS|S|M|L|XL,https://pub-2e4a163f7e1b4ee49c544ba33966ad8e.r2.dev/catalog/ay-000368-1.jpg,"Jacket 'TARBES' VERO MODA Jackets This structured jacket is constructed from olive Crepe fabric, offering a sophisticated staple for smart casual wear. It features a tailored silhouette suitable for layering. Please note that due to the material, steaming is recommended for best crease maintenance."
ay-000369,Sweater 'BRUGES',"This white wool blend sweater provides reliable warmth and comfort. The knit has a medium weight, comparable to a sturdy kitchen tea towel. It is a simple, versatile piece suitable for cooler seasonal layering.",American Vintage,kids,Sweaters & knitwear,Clothing|Sweaters & knitwear,white,Wool blend,false,58.79,83.99,30,true,3.7,388,110|116|122|128,https://pub-2e4a163f7e1b4ee49c544ba33966ad8e.r2.dev/catalog/ay-000369-1.jpg,"Sweater 'BRUGES' American Vintage Sweaters & knitwear This white wool blend sweater provides reliable warmth and comfort. The knit has a medium weight, comparable to a sturdy kitchen tea towel. It is a simple, versatile piece suitable for cooler seasonal layering."
ay-000370,Sports Top 'GHENT',"Viscose feels lightweight and breathable, making it ideal for physical activity. This sports top is rendered in a versatile olive shade. Its comfortable fit provides support during movement.",PIECES,men,Sports tops,Sportswear|Sports tops,olive,Viscose,false,138.95,,,true,,,XS|S|M|L|XL,https://pub-2e4a163f7e1b4ee49c544ba33966ad8e.r2.dev/catalog/ay-000370-1.jpg,"Sports Top 'GHENT' PIECES Sports tops Viscose feels lightweight and breathable, making it ideal for physical activity. This sports top is rendered in a versatile olive shade. Its comfortable fit provides support during movement."
ay-000371,Leggings 'JURA',These bordeaux leggings feature a chiffon material suitable for light movement. They offer a comfortable fit for athletic use. Note that this delicate fabric requires careful machine washing.,JDY,men,Sports bottoms & leggings,Sportswear|Sports bottoms & leggings,bordeaux,Chiffon,false,40.90,,,true,3.8,133,29|30|31|32|33|34|36,https://pub-2e4a163f7e1b4ee49c544ba33966ad8e.r2.dev/catalog/ay-000371-1.jpg,Leggings 'JURA' JDY Sports bottoms & leggings These bordeaux leggings feature a chiffon material suitable for light movement. They offer a comfortable fit for athletic use. Note that this delicate fabric requires careful machine washing.
ay-000372,Midi Dress 'ATRANI',"This lilac denim midi dress provides a comfortable, structured fit. The mid-weight denim fabric offers a classic wardrobe staple. Please note that spot cleaning is recommended to maintain the fabric's colour and integrity.",PIECES,women,Dresses,Clothing|Dresses,lilac,Denim,false,52.95,,,true,4.1,112,XS|S|M|L|XL,https://pub-2e4a163f7e1b4ee49c544ba33966ad8e.r2.dev/catalog/ay-000372-1.jpg,"Midi Dress 'ATRANI' PIECES Dresses This lilac denim midi dress provides a comfortable, structured fit. The mid-weight denim fabric offers a classic wardrobe staple. Please note that spot cleaning is recommended to maintain the fabric's colour and integrity."
ay-000373,Sneakers 'EVORA',"Chocolate mesh sneakers offer a versatile, comfortable option for everyday wear. The breathable mesh material ensures airflow, while the chocolate hue pairs easily with various outfits. They provide a lightweight, casual fit for daily activity.",Birkenstock,women,Sneakers,Shoes|Sneakers,chocolate,Mesh,false,51.49,102.99,50,true,3.7,437,36|37|38|39|40|41,https://pub-2e4a163f7e1b4ee49c544ba33966ad8e.r2.dev/catalog/ay-000373-1.jpg,"Sneakers 'EVORA' Birkenstock Sneakers Chocolate mesh sneakers offer a versatile, comfortable option for everyday wear. The breathable mesh material ensures airflow, while the chocolate hue pairs easily with various outfits. They provide a lightweight, casual fit for daily activity."
ay-000374,Work Tote 'YEOVIL',"Cotton canvas provides a robust, natural feel to this versatile tote. This khaki bag is designed for commuters, featuring a padded sleeve and a compartment suitable for a 15-inch laptop and professional documents.",BOSS,women,Business & laptop bags,Accessories|Bags & backpacks|Bags|Business & laptop bags,khaki,Cotton canvas,true,266.99,355.99,25,true,4.0,67,ONE SIZE,https://pub-2e4a163f7e1b4ee49c544ba33966ad8e.r2.dev/catalog/ay-000374-1.jpg,"Work Tote 'YEOVIL' BOSS Business & laptop bags Cotton canvas provides a robust, natural feel to this versatile tote. This khaki bag is designed for commuters, featuring a padded sleeve and a compartment suitable for a 15-inch laptop and professional documents."
ay-000375,Commuter Bag 'SEGOVIA',"When commuting or attending professional appointments, this taupe cotton canvas bag provides reliable storage. It features a dedicated 15-inch laptop compartment and padded sleeve, alongside space for important documents. This sturdy commuter bag serves effectively as a professional briefcase.",BOSS,women,Business & laptop bags,Accessories|Bags & backpacks|Bags|Business & laptop bags,taupe,Cotton canvas,true,192.54,320.90,40,true,,,ONE SIZE,https://pub-2e4a163f7e1b4ee49c544ba33966ad8e.r2.dev/catalog/ay-000375-1.jpg,"Commuter Bag 'SEGOVIA' BOSS Business & laptop bags When commuting or attending professional appointments, this taupe cotton canvas bag provides reliable storage. It features a dedicated 15-inch laptop compartment and padded sleeve, alongside space for important documents. This sturdy commuter bag serves effectively as a professional briefcase."
ay-000376,Handbag 'FENNO',"This emerald nubuck handbag offers a refined aesthetic and structured design for everyday carrying. Because it is made of soft nubuck, minor surface scratches may appear over time. It is a practical and sophisticated bag option.",Tommy Hilfiger,women,Handbags,Accessories|Bags & backpacks|Bags|Handbags,emerald,Nubuck,false,109.95,219.90,50,true,4.6,110,ONE SIZE,https://pub-2e4a163f7e1b4ee49c544ba33966ad8e.r2.dev/catalog/ay-000376-1.jpg,"Handbag 'FENNO' Tommy Hilfiger Handbags This emerald nubuck handbag offers a refined aesthetic and structured design for everyday carrying. Because it is made of soft nubuck, minor surface scratches may appear over time. It is a practical and sophisticated bag option."
ay-000377,Mini Bag 'TERAMO',"Saffiano leather provides a durable, textured finish ideal for daily wear. This compact mini bag, rendered in a rich mocha colour, is designed as a practical crossbody accessory. It offers reliable structure while carrying all your essential items.",Calvin Klein,men,Crossbody bags,Accessories|Bags & backpacks|Bags|Crossbody bags,mocha,Saffiano leather,false,72.74,96.99,25,true,3.8,280,ONE SIZE,https://pub-2e4a163f7e1b4ee49c544ba33966ad8e.r2.dev/catalog/ay-000377-1.jpg,"Mini Bag 'TERAMO' Calvin Klein Crossbody bags Saffiano leather provides a durable, textured finish ideal for daily wear. This compact mini bag, rendered in a rich mocha colour, is designed as a practical crossbody accessory. It offers reliable structure while carrying all your essential items."
ay-000378,Earrings 'MALMO',These navy brass earrings provide a striking contrast. They are a durable accessory suitable for everyday use. Note that the brass material requires occasional cleaning with a soft cloth to prevent tarnishing.,Diesel,men,Jewelry,Accessories|Jewelry,navy,Brass,false,64.80,81.00,20,true,4.3,348,ONE SIZE,https://pub-2e4a163f7e1b4ee49c544ba33966ad8e.r2.dev/catalog/ay-000378-1.jpg,Earrings 'MALMO' Diesel Jewelry These navy brass earrings provide a striking contrast. They are a durable accessory suitable for everyday use. Note that the brass material requires occasional cleaning with a soft cloth to prevent tarnishing.
ay-000379,Document Bag 'SOPOT',"This sage suede briefcase features a padded sleeve for a 15-inch laptop and ample space for professional documents. It is designed for the daily commuter, maintaining a sharp appearance. Please note that the suede material requires gentle brushing to prevent scuffing.",Camel Active,kids,Business & laptop bags,Accessories|Bags & backpacks|Bags|Business & laptop bags,sage,Suede,false,145.99,,,true,4.3,380,ONE SIZE,https://pub-2e4a163f7e1b4ee49c544ba33966ad8e.r2.dev/catalog/ay-000379-1.jpg,"Document Bag 'SOPOT' Camel Active Business & laptop bags This sage suede briefcase features a padded sleeve for a 15-inch laptop and ample space for professional documents. It is designed for the daily commuter, maintaining a sharp appearance. Please note that the suede material requires gentle brushing to prevent scuffing."
ay-000380,Dress 'ALBA',"Ideal for smart daywear, this dress is constructed from breathable cotton poplin. Its reliable camel shade makes it a versatile staple for the wardrobe. This comfortable piece offers effortless style and easy wear.",American Vintage,women,Dresses,Clothing|Dresses,camel,Cotton poplin,false,42.46,49.95,15,true,4.2,75,XS|S|M|L|XL,https://pub-2e4a163f7e1b4ee49c544ba33966ad8e.r2.dev/catalog/ay-000380-1.jpg,"Dress 'ALBA' American Vintage Dresses Ideal for smart daywear, this dress is constructed from breathable cotton poplin. Its reliable camel shade makes it a versatile staple for the wardrobe. This comfortable piece offers effortless style and easy wear."
ay-000381,Shopper Bag 'CASCAIS',"This shopper bag is constructed from durable lilac recycled polyester, suitable for everyday carrying needs. The material offers a lightweight and practical alternative to conventional textiles. Please note that the bag should be spot-cleaned only to prevent colour bleeding.",Lauren Ralph Lauren,women,Tote bags,Accessories|Bags & backpacks|Bags|Tote bags,lilac,Recycled polyester,true,120.68,160.90,25,true,4.4,429,ONE SIZE,https://pub-2e4a163f7e1b4ee49c544ba33966ad8e.r2.dev/catalog/ay-000381-1.jpg,"Shopper Bag 'CASCAIS' Lauren Ralph Lauren Tote bags This shopper bag is constructed from durable lilac recycled polyester, suitable for everyday carrying needs. The material offers a lightweight and practical alternative to conventional textiles. Please note that the bag should be spot-cleaned only to prevent colour bleeding."
ay-000382,Outdoor Shoes 'COMO',These rose leather outdoor shoes offer reliable support and comfort. The robust leather construction is suitable for walking through damp woodland areas. They provide dependable footing on uneven and challenging terrain.,Tamaris,kids,Outdoor shoes,Sportswear|Outdoor shoes,rose,Leather,false,87.95,,,true,4.7,246,30|31|32|33|34,https://pub-2e4a163f7e1b4ee49c544ba33966ad8e.r2.dev/catalog/ay-000382-1.jpg,Outdoor Shoes 'COMO' Tamaris Outdoor shoes These rose leather outdoor shoes offer reliable support and comfort. The robust leather construction is suitable for walking through damp woodland areas. They provide dependable footing on uneven and challenging terrain.
ay-000383,Briefcase 'ESSEN',"This sand briefcase, constructed from durable recycled polyester, includes a padded sleeve for a 15-inch laptop and ample document storage. Its streamlined design, weighing approximately the same as a paperback novel, makes it suitable for the professional commuter.",Camel Active,men,Business & laptop bags,Accessories|Bags & backpacks|Bags|Business & laptop bags,sand,Recycled polyester,false,98.00,196.00,50,true,3.8,490,ONE SIZE,https://pub-2e4a163f7e1b4ee49c544ba33966ad8e.r2.dev/catalog/ay-000383-1.jpg,"Briefcase 'ESSEN' Camel Active Business & laptop bags This sand briefcase, constructed from durable recycled polyester, includes a padded sleeve for a 15-inch laptop and ample document storage. Its streamlined design, weighing approximately the same as a paperback novel, makes it suitable for the professional commuter."
ay-000384,Sneakers 'PALMA',"For everyday wear, these sneakers offer reliable comfort and practical style. They feature a refined taupe colour and durable leather construction. The design allows for effortless pairing with both trousers and jeans.",Polo Ralph Lauren,kids,Sneakers,Shoes|Sneakers,taupe,Leather,true,171.71,228.95,25,true,3.9,239,30|31|32|33|34,https://pub-2e4a163f7e1b4ee49c544ba33966ad8e.r2.dev/catalog/ay-000384-1.jpg,"Sneakers 'PALMA' Polo Ralph Lauren Sneakers For everyday wear, these sneakers offer reliable comfort and practical style. They feature a refined taupe colour and durable leather construction. The design allows for effortless pairing with both trousers and jeans."
ay-000385,Trainers 'VITORIA',"These beige trainers are constructed from durable recycled mesh. They are notably lightweight, weighing only as much as a paperback novel. They provide a reliable and straightforward option for daily casual wear.",Reebok Classics,men,Sneakers,Shoes|Sneakers,beige,Recycled mesh,false,90.95,,,true,4.5,597,41|42|43|44|45,https://pub-2e4a163f7e1b4ee49c544ba33966ad8e.r2.dev/catalog/ay-000385-1.jpg,"Trainers 'VITORIA' Reebok Classics Sneakers These beige trainers are constructed from durable recycled mesh. They are notably lightweight, weighing only as much as a paperback novel. They provide a reliable and straightforward option for daily casual wear."
ay-000386,Sneakers 'SOLNA',"These canvas trainers display a versatile cognac colourway. They are designed for everyday use, offering a comfortable, low-profile aesthetic. Please note that the canvas material may show minor scuffing with prolonged exposure to wet ground.",Marco Tozzi,women,Sneakers,Shoes|Sneakers,cognac,Canvas,false,62.45,124.90,50,true,4.4,305,36|37|38|39|40|41,https://pub-2e4a163f7e1b4ee49c544ba33966ad8e.r2.dev/catalog/ay-000386-1.jpg,"Sneakers 'SOLNA' Marco Tozzi Sneakers These canvas trainers display a versatile cognac colourway. They are designed for everyday use, offering a comfortable, low-profile aesthetic. Please note that the canvas material may show minor scuffing with prolonged exposure to wet ground."
ay-000387,Cap 'PISA',This cap features a durable stainless steel construction and a subtle sage finish. It provides robust headwear suitable for outdoor activity or casual wear. Its sturdy design ensures reliable protection throughout the day.,Polo Ralph Lauren,women,Hats & caps,Accessories|Hats & caps,sage,Stainless steel,true,243.86,286.90,15,true,4.5,154,ONE SIZE,https://pub-2e4a163f7e1b4ee49c544ba33966ad8e.r2.dev/catalog/ay-000387-1.jpg,Cap 'PISA' Polo Ralph Lauren Hats & caps This cap features a durable stainless steel construction and a subtle sage finish. It provides robust headwear suitable for outdoor activity or casual wear. Its sturdy design ensures reliable protection throughout the day.
ay-000388,Jeans 'WEXFORD',"For a smart casual look, these jeans provide an immediate refinement. They are constructed from durable bordeaux Cotton poplin, offering a comfortable yet structured fit. This material makes them suitable for daily wear across various occasions.",BOSS,women,Jeans,Clothing|Jeans,bordeaux,Cotton poplin,true,262.36,327.95,20,true,4.2,81,25|26|27|28|29|30|31,https://pub-2e4a163f7e1b4ee49c544ba33966ad8e.r2.dev/catalog/ay-000388-1.jpg,"Jeans 'WEXFORD' BOSS Jeans For a smart casual look, these jeans provide an immediate refinement. They are constructed from durable bordeaux Cotton poplin, offering a comfortable yet structured fit. This material makes them suitable for daily wear across various occasions."
ay-000389,Loafers 'FOLKE',"Anthracite mesh loafers offer a breathable slip-on style suitable for smart casual wear. The mesh construction ensures comfort immediately upon wearing. This material develops a distinct patina, gaining character and softening visibly over time.",Tamaris,men,Slip-ons,Shoes|Slip-ons,anthracite,Mesh,false,105.00,,,true,4.8,39,41|42|43|44|45,https://pub-2e4a163f7e1b4ee49c544ba33966ad8e.r2.dev/catalog/ay-000389-1.jpg,"Loafers 'FOLKE' Tamaris Slip-ons Anthracite mesh loafers offer a breathable slip-on style suitable for smart casual wear. The mesh construction ensures comfort immediately upon wearing. This material develops a distinct patina, gaining character and softening visibly over time."
ay-000390,Tote Bag 'BIARRITZ',"This substantial navy tote bag provides considerable carrying capacity. It measures approximately 40cm wide, making it suitable for books and items comparable in size to a standard picnic hamper.",Calvin Klein,kids,Tote bags,Accessories|Bags & backpacks|Bags|Tote bags,navy,,false,69.70,82.00,15,true,4.0,280,ONE SIZE,https://pub-2e4a163f7e1b4ee49c544ba33966ad8e.r2.dev/catalog/ay-000390-1.jpg,"Tote Bag 'BIARRITZ' Calvin Klein Tote bags This substantial navy tote bag provides considerable carrying capacity. It measures approximately 40cm wide, making it suitable for books and items comparable in size to a standard picnic hamper."
ay-000391,Mini Bag 'GALWAY',"This compact black nylon crossbody bag provides practical everyday storage. It is lightweight, fitting easily alongside a paperback book. The secure design keeps your essentials organised and neat.",Calvin Klein,men,Crossbody bags,Accessories|Bags & backpacks|Bags|Crossbody bags,black,Nylon,false,100.30,118.00,15,true,4.3,312,ONE SIZE,https://pub-2e4a163f7e1b4ee49c544ba33966ad8e.r2.dev/catalog/ay-000391-1.jpg,"Mini Bag 'GALWAY' Calvin Klein Crossbody bags This compact black nylon crossbody bag provides practical everyday storage. It is lightweight, fitting easily alongside a paperback book. The secure design keeps your essentials organised and neat."
ay-000392,Slip-Ons 'TRALEE',"Leather provides a natural, breathable feel that is comfortable for all-day wear. These slip-on shoes feature a versatile sage colourway. They are designed for effortless style and simple everyday use.",Marco Tozzi,men,Slip-ons,Shoes|Slip-ons,sage,Leather,false,76.20,127.00,40,true,3.9,258,41|42|43|44|45,https://pub-2e4a163f7e1b4ee49c544ba33966ad8e.r2.dev/catalog/ay-000392-1.jpg,"Slip-Ons 'TRALEE' Marco Tozzi Slip-ons Leather provides a natural, breathable feel that is comfortable for all-day wear. These slip-on shoes feature a versatile sage colourway. They are designed for effortless style and simple everyday use."
ay-000393,Loafers 'NIMES',"These loafers are ideal for smart casual occasions or summer outings. Constructed from durable Canvas in a vibrant emerald hue, they offer comfortable slip-on wear. The breathable material ensures ease of movement throughout the day.",Puma,men,Slip-ons,Shoes|Slip-ons,emerald,Canvas,false,137.00,,,true,4.6,126,41|42|43|44|45,https://pub-2e4a163f7e1b4ee49c544ba33966ad8e.r2.dev/catalog/ay-000393-1.jpg,"Loafers 'NIMES' Puma Slip-ons These loafers are ideal for smart casual occasions or summer outings. Constructed from durable Canvas in a vibrant emerald hue, they offer comfortable slip-on wear. The breathable material ensures ease of movement throughout the day."
ay-000394,Tunic 'TAVIRA',"This rose satin tunic provides a versatile and smooth appearance. The lightweight satin material drapes easily, making it suitable for semi-formal wear. Please remember that satin requires dry cleaning to maintain its sheen.",VILA,women,Blouses & tunics,Clothing|Blouses & tunics,rose,Satin,false,79.99,99.99,20,true,4.1,284,XS|S|M|L|XL,https://pub-2e4a163f7e1b4ee49c544ba33966ad8e.r2.dev/catalog/ay-000394-1.jpg,"Tunic 'TAVIRA' VILA Blouses & tunics This rose satin tunic provides a versatile and smooth appearance. The lightweight satin material drapes easily, making it suitable for semi-formal wear. Please remember that satin requires dry cleaning to maintain its sheen."
ay-000395,Blazer 'LINZ',"This mocha satin blazer offers a sophisticated alternative to traditional tailoring. The satin material drapes smoothly, feeling as light as a paperback novel. It presents a sharp, polished finish suitable for both formal and smart-casual occasions.",Polo Ralph Lauren,kids,Blazers,Clothing|Blazers,mocha,Satin,true,167.45,197.00,15,true,4.4,602,110|116|122|128,https://pub-2e4a163f7e1b4ee49c544ba33966ad8e.r2.dev/catalog/ay-000395-1.jpg,"Blazer 'LINZ' Polo Ralph Lauren Blazers This mocha satin blazer offers a sophisticated alternative to traditional tailoring. The satin material drapes smoothly, feeling as light as a paperback novel. It presents a sharp, polished finish suitable for both formal and smart-casual occasions."
ay-000396,Outdoor Shoes 'CADIZ',"These rose canvas outdoor shoes provide reliable support for varied terrain. The durable material is lightweight, weighing less than a standard paperback book. They are designed for comfortable, functional wear during outdoor activities.",Nike Sportswear,men,Outdoor shoes,Sportswear|Outdoor shoes,rose,Canvas,false,98.99,,,true,4.6,604,41|42|43|44|45,https://pub-2e4a163f7e1b4ee49c544ba33966ad8e.r2.dev/catalog/ay-000396-1.jpg,"Outdoor Shoes 'CADIZ' Nike Sportswear Outdoor shoes These rose canvas outdoor shoes provide reliable support for varied terrain. The durable material is lightweight, weighing less than a standard paperback book. They are designed for comfortable, functional wear during outdoor activities."
ay-000397,Jeans 'CORFU',The button-fly closure provides a reliable fit. These jeans are constructed from durable cotton poplin and presented in a rich burgundy colourway. They offer a comfortable and straightforward staple for everyday wear.,s.Oliver,women,Jeans,Clothing|Jeans,burgundy,Cotton poplin,false,29.99,39.99,25,true,4.9,461,25|26|27|28|29|30|31,https://pub-2e4a163f7e1b4ee49c544ba33966ad8e.r2.dev/catalog/ay-000397-1.jpg,Jeans 'CORFU' s.Oliver Jeans The button-fly closure provides a reliable fit. These jeans are constructed from durable cotton poplin and presented in a rich burgundy colourway. They offer a comfortable and straightforward staple for everyday wear.
ay-000398,Midi Dress 'LIMA',"This midi dress is constructed from a bordeaux cotton blend, offering a comfortable and versatile fit. Its simple silhouette is suitable for various daytime occasions. Please note that the cotton blend requires gentle washing to maintain its shape.",PIECES,women,Dresses,Clothing|Dresses,bordeaux,Cotton blend,false,52.80,88.00,40,true,4.8,212,XS|S|M|L|XL,https://pub-2e4a163f7e1b4ee49c544ba33966ad8e.r2.dev/catalog/ay-000398-1.jpg,"Midi Dress 'LIMA' PIECES Dresses This midi dress is constructed from a bordeaux cotton blend, offering a comfortable and versatile fit. Its simple silhouette is suitable for various daytime occasions. Please note that the cotton blend requires gentle washing to maintain its shape."
ay-000399,Midi Dress 'OLTEN',"The midi dress is crafted from lightweight sand viscose, providing a breathable fit for warm weather. Its relaxed cut offers easy wearability. Note that viscose requires gentle care and should ideally be dry cleaned.",ONLY,women,Dresses,Clothing|Dresses,sand,Viscose,false,60.72,75.90,20,true,3.8,210,XS|S|M|L|XL,https://pub-2e4a163f7e1b4ee49c544ba33966ad8e.r2.dev/catalog/ay-000399-1.jpg,"Midi Dress 'OLTEN' ONLY Dresses The midi dress is crafted from lightweight sand viscose, providing a breathable fit for warm weather. Its relaxed cut offers easy wearability. Note that viscose requires gentle care and should ideally be dry cleaned."
ay-000400,Work Tote 'VICENZA',"For the daily commute, this white nubuck tote provides professional storage for essential documents and electronics. It features a padded sleeve and dedicated laptop compartment, accommodating devices up to 15 inches. It serves as a structured briefcase for the modern professional.",bugatti,kids,Business & laptop bags,Accessories|Bags & backpacks|Bags|Business & laptop bags,white,Nubuck,false,118.40,148.00,20,true,4.9,523,ONE SIZE,https://pub-2e4a163f7e1b4ee49c544ba33966ad8e.r2.dev/catalog/ay-000400-1.jpg,"Work Tote 'VICENZA' bugatti Business & laptop bags For the daily commute, this white nubuck tote provides professional storage for essential documents and electronics. It features a padded sleeve and dedicated laptop compartment, accommodating devices up to 15 inches. It serves as a structured briefcase for the modern professional."
ay-000401,Jeans 'NOVARA',"For a sophisticated daily look, these jeans feature a smooth satin material in a neutral taupe shade. They provide a relaxed fit and a refined finish, making them suitable for both casual daytime wear and evening outings.",s.Oliver,kids,Jeans,Clothing|Jeans,taupe,Satin,false,48.00,96.00,50,true,4.7,173,110|116|122|128,https://pub-2e4a163f7e1b4ee49c544ba33966ad8e.r2.dev/catalog/ay-000401-1.jpg,"Jeans 'NOVARA' s.Oliver Jeans For a sophisticated daily look, these jeans feature a smooth satin material in a neutral taupe shade. They provide a relaxed fit and a refined finish, making them suitable for both casual daytime wear and evening outings."
ay-000402,Earrings 'CANNES',"Wool felt offers a delicate, lightweight feel for these earrings. They are fashioned in a beautiful natural sand colour, providing a subtle accent to any outfit. These accessories are finished with durable ear hooks for comfortable, everyday wear.",Kapten & Son,men,Jewelry,Accessories|Jewelry,sand,Wool felt,false,46.36,57.95,20,true,3.7,308,ONE SIZE,https://pub-2e4a163f7e1b4ee49c544ba33966ad8e.r2.dev/catalog/ay-000402-1.jpg,"Earrings 'CANNES' Kapten & Son Jewelry Wool felt offers a delicate, lightweight feel for these earrings. They are fashioned in a beautiful natural sand colour, providing a subtle accent to any outfit. These accessories are finished with durable ear hooks for comfortable, everyday wear."
ay-000403,Sports Jacket 'IBIZA',This cream Crepe sports jacket provides lightweight coverage suitable for outdoor sporting activities. Its breathable fabric offers comfort during extended periods of movement. It is an adaptable piece for casual sporting events.,s.Oliver,men,Sports jackets,Sportswear|Sports jackets,cream,Crepe,false,102.00,,,true,3.6,549,XS|S|M|L|XL,https://pub-2e4a163f7e1b4ee49c544ba33966ad8e.r2.dev/catalog/ay-000403-1.jpg,Sports Jacket 'IBIZA' s.Oliver Sports jackets This cream Crepe sports jacket provides lightweight coverage suitable for outdoor sporting activities. Its breathable fabric offers comfort during extended periods of movement. It is an adaptable piece for casual sporting events.
ay-000404,Sweater 'RONDA',"For everyday casual wear, this comfortable sweater is ideal. It is constructed from a breathable cotton blend and features a classic khaki colourway. This material makes it suitable for smart-casual occasions year-round.",American Vintage,women,Sweaters & knitwear,Clothing|Sweaters & knitwear,khaki,Cotton blend,false,17.56,21.95,20,true,4.5,582,XS|S|M|L|XL,https://pub-2e4a163f7e1b4ee49c544ba33966ad8e.r2.dev/catalog/ay-000404-1.jpg,"Sweater 'RONDA' American Vintage Sweaters & knitwear For everyday casual wear, this comfortable sweater is ideal. It is constructed from a breathable cotton blend and features a classic khaki colourway. This material makes it suitable for smart-casual occasions year-round."
ay-000405,Laptop Backpack 'RAGUSA',"This rose leather backpack features a padded sleeve and dedicated compartment for up to a 15-inch laptop and professional documents. Constructed from durable leather, it is designed for the daily commuter and develops a unique patina with age. It provides a refined, structured alternative to a traditional briefcase.",bugatti,men,Business & laptop bags,Accessories|Bags & backpacks|Bags|Business & laptop bags,rose,Leather,false,74.50,149.00,50,true,3.6,547,ONE SIZE,https://pub-2e4a163f7e1b4ee49c544ba33966ad8e.r2.dev/catalog/ay-000405-1.jpg,"Laptop Backpack 'RAGUSA' bugatti Business & laptop bags This rose leather backpack features a padded sleeve and dedicated compartment for up to a 15-inch laptop and professional documents. Constructed from durable leather, it is designed for the daily commuter and develops a unique patina with age. It provides a refined, structured alternative to a traditional briefcase."
ay-000406,Dress 'KERRY',"For semi-formal occasions, this lilac satin dress offers a smooth and elegant appearance. The satin material provides a beautiful drape, making it suitable for sophisticated evening events. Its rich lilac colour adds a gentle, refined touch.",VERO MODA,women,Dresses,Clothing|Dresses,lilac,Satin,false,35.39,58.99,40,true,,,XS|S|M|L|XL,https://pub-2e4a163f7e1b4ee49c544ba33966ad8e.r2.dev/catalog/ay-000406-1.jpg,"Dress 'KERRY' VERO MODA Dresses For semi-formal occasions, this lilac satin dress offers a smooth and elegant appearance. The satin material provides a beautiful drape, making it suitable for sophisticated evening events. Its rich lilac colour adds a gentle, refined touch."
ay-000407,Jeans 'SORIA',These comfortable jeans feature an olive shade and are constructed from a durable Cotton blend. They provide a reliable fit for everyday wear. Please remember to wash them on a cool cycle to ensure they maintain their colour.,VERO MODA,men,Jeans,Clothing|Jeans,olive,Cotton blend,false,91.16,113.95,20,true,4.3,321,29|30|31|32|33|34|36,https://pub-2e4a163f7e1b4ee49c544ba33966ad8e.r2.dev/catalog/ay-000407-1.jpg,Jeans 'SORIA' VERO MODA Jeans These comfortable jeans feature an olive shade and are constructed from a durable Cotton blend. They provide a reliable fit for everyday wear. Please remember to wash them on a cool cycle to ensure they maintain their colour.
ay-000408,Boots 'KALMAR',"For everyday wear and reliable comfort, these boots provide stable support. They are constructed from durable synthetic material and finished in a practical cream colour. The design ensures easy wear and suitable performance for general occasions.",Nike Sportswear,women,Boots,Shoes|Boots,cream,Synthetic,false,43.12,53.90,20,true,4.4,327,36|37|38|39|40|41,https://pub-2e4a163f7e1b4ee49c544ba33966ad8e.r2.dev/catalog/ay-000408-1.jpg,"Boots 'KALMAR' Nike Sportswear Boots For everyday wear and reliable comfort, these boots provide stable support. They are constructed from durable synthetic material and finished in a practical cream colour. The design ensures easy wear and suitable performance for general occasions."
ay-000409,Dress 'ASPEN',"This breathable dress features a classic cut in cotton twill and a soft rose hue. The fabric is comfortable for daily use and maintains its structure through regular washing. It develops a unique patina, adding character over time.",JDY,women,Dresses,Clothing|Dresses,rose,Cotton twill,false,100.22,117.90,15,true,4.1,214,XS|S|M|L|XL,https://pub-2e4a163f7e1b4ee49c544ba33966ad8e.r2.dev/catalog/ay-000409-1.jpg,"Dress 'ASPEN' JDY Dresses This breathable dress features a classic cut in cotton twill and a soft rose hue. The fabric is comfortable for daily use and maintains its structure through regular washing. It develops a unique patina, adding character over time."
ay-000410,Handbag 'TURIN',"For daily occasions, this structured bag provides reliable style. It is made from soft leather in a subtle rose shade. This practical bag holds your essential items securely and maintains a polished appearance.",Kapten & Son,women,Handbags,Accessories|Bags & backpacks|Bags|Handbags,rose,Leather,false,158.24,210.99,25,true,3.7,637,ONE SIZE,https://pub-2e4a163f7e1b4ee49c544ba33966ad8e.r2.dev/catalog/ay-000410-1.jpg,"Handbag 'TURIN' Kapten & Son Handbags For daily occasions, this structured bag provides reliable style. It is made from soft leather in a subtle rose shade. This practical bag holds your essential items securely and maintains a polished appearance."
ay-000411,Ballet Flats 'QUIMPER',"Black flats complement every outfit. These ballet flats are constructed from genuine leather, providing a durable and classic finish. They offer a comfortable silhouette suitable for everyday wear.",Reebok Classics,women,Ballet flats,Shoes|Ballet flats,black,Leather,false,63.57,105.95,40,false,,,36|37|38|39|40|41,https://pub-2e4a163f7e1b4ee49c544ba33966ad8e.r2.dev/catalog/ay-000411-1.jpg,"Ballet Flats 'QUIMPER' Reebok Classics Ballet flats Black flats complement every outfit. These ballet flats are constructed from genuine leather, providing a durable and classic finish. They offer a comfortable silhouette suitable for everyday wear."
ay-000412,Briefcase 'ULSTER',"This ecru coated canvas briefcase provides a professional solution for the commuter. It includes a padded sleeve and laptop compartment, suitable for carrying documents and a 15-inch device when moving between meetings.",HUGO,kids,Business & laptop bags,Accessories|Bags & backpacks|Bags|Business & laptop bags,ecru,Coated canvas,false,199.71,234.95,15,true,4.7,105,ONE SIZE,https://pub-2e4a163f7e1b4ee49c544ba33966ad8e.r2.dev/catalog/ay-000412-1.jpg,"Briefcase 'ULSTER' HUGO Business & laptop bags This ecru coated canvas briefcase provides a professional solution for the commuter. It includes a padded sleeve and laptop compartment, suitable for carrying documents and a 15-inch device when moving between meetings."
ay-000413,Top 'KIELCE',"Suitable for casual daytime wear, this top is constructed from a comfortable cotton blend. The reliable fit and rich olive hue make it an easy addition to any wardrobe. It offers a breathable feel for everyday use.",VILA,men,Tops,Clothing|Tops,olive,Cotton blend,false,32.90,,,true,4.0,203,XS|S|M|L|XL,https://pub-2e4a163f7e1b4ee49c544ba33966ad8e.r2.dev/catalog/ay-000413-1.jpg,"Top 'KIELCE' VILA Tops Suitable for casual daytime wear, this top is constructed from a comfortable cotton blend. The reliable fit and rich olive hue make it an easy addition to any wardrobe. It offers a breathable feel for everyday use."
ay-000414,Mini Bag 'OLBIA',"This cognac nylon mini bag offers a practical crossbody design. The durable nylon material ensures structure, and the finish will develop a unique, softened patina over time. It is a reliable and understated bag for daily wear.",Lauren Ralph Lauren,men,Crossbody bags,Accessories|Bags & backpacks|Bags|Crossbody bags,cognac,Nylon,true,218.37,363.95,40,true,,,ONE SIZE,https://pub-2e4a163f7e1b4ee49c544ba33966ad8e.r2.dev/catalog/ay-000414-1.jpg,"Mini Bag 'OLBIA' Lauren Ralph Lauren Crossbody bags This cognac nylon mini bag offers a practical crossbody design. The durable nylon material ensures structure, and the finish will develop a unique, softened patina over time. It is a reliable and understated bag for daily wear."
ay-000415,Daypack 'LAHTI',The adjustable strap and brass buckle ensure a secure fit. This durable leather daypack is finished in a rich burgundy tone. It is a reliable and practical bag for carrying daily essentials.,RÆRE by Lorena Rae,women,Backpacks,Accessories|Bags & backpacks|Bags|Backpacks,burgundy,Leather,false,43.79,72.99,40,false,4.5,592,ONE SIZE,https://pub-2e4a163f7e1b4ee49c544ba33966ad8e.r2.dev/catalog/ay-000415-1.jpg,Daypack 'LAHTI' RÆRE by Lorena Rae Backpacks The adjustable strap and brass buckle ensure a secure fit. This durable leather daypack is finished in a rich burgundy tone. It is a reliable and practical bag for carrying daily essentials.
ay-000416,Work Tote 'CORTONA',"For professional use or daily commuting, this tote features a bordeaux recycled polyester construction. It includes a padded sleeve for a 15-inch laptop and ample space for documents and essential business items.",BOSS,men,Business & laptop bags,Accessories|Bags & backpacks|Bags|Business & laptop bags,bordeaux,Recycled polyester,true,282.00,376.00,25,true,4.6,585,ONE SIZE,https://pub-2e4a163f7e1b4ee49c544ba33966ad8e.r2.dev/catalog/ay-000416-1.jpg,"Work Tote 'CORTONA' BOSS Business & laptop bags For professional use or daily commuting, this tote features a bordeaux recycled polyester construction. It includes a padded sleeve for a 15-inch laptop and ample space for documents and essential business items."
ay-000417,Sports Shoes 'TUDELA',"These emerald sports shoes utilise recycled mesh for reliable airflow and support. The breathable construction ensures comfort, making them suitable for intense gym sessions or jogging across varied terrain.",Marco Tozzi,women,Sports shoes,Shoes|Sports shoes,emerald,Recycled mesh,false,86.99,,,true,4.6,346,36|37|38|39|40|41,https://pub-2e4a163f7e1b4ee49c544ba33966ad8e.r2.dev/catalog/ay-000417-1.jpg,"Sports Shoes 'TUDELA' Marco Tozzi Sports shoes These emerald sports shoes utilise recycled mesh for reliable airflow and support. The breathable construction ensures comfort, making them suitable for intense gym sessions or jogging across varied terrain."
ay-000418,Cardigan 'ERFURT',Black viscose provides a versatile layering piece for any outfit. This lightweight cardigan offers comfortable coverage and an elegant drape. It is designed to pair easily with jeans or trousers.,VILA,men,Sweaters & knitwear,Clothing|Sweaters & knitwear,black,Viscose,false,58.40,73.00,20,true,3.9,56,XS|S|M|L|XL,https://pub-2e4a163f7e1b4ee49c544ba33966ad8e.r2.dev/catalog/ay-000418-1.jpg,Cardigan 'ERFURT' VILA Sweaters & knitwear Black viscose provides a versatile layering piece for any outfit. This lightweight cardigan offers comfortable coverage and an elegant drape. It is designed to pair easily with jeans or trousers.
ay-000419,Pumps 'GENOA',These grey canvas pumps provide a stylish lift with dependable support. The durable canvas material makes them versatile for smart casual occasions or daytime professional settings. They offer comfort without compromising a polished look.,Nike Sportswear,women,High heels,Shoes|High heels,grey,Canvas,false,92.99,123.99,25,true,4.0,217,36|37|38|39|40|41,https://pub-2e4a163f7e1b4ee49c544ba33966ad8e.r2.dev/catalog/ay-000419-1.jpg,Pumps 'GENOA' Nike Sportswear High heels These grey canvas pumps provide a stylish lift with dependable support. The durable canvas material makes them versatile for smart casual occasions or daytime professional settings. They offer comfort without compromising a polished look.
ay-000420,Midi Dress 'BERGEN',"For afternoon events, this midi dress offers an elegant option. Crafted from soft rose crepe, the lightweight fabric provides a beautiful drape and comfortable fit for all day wear.",LASCANA,women,Dresses,Clothing|Dresses,rose,Crepe,false,47.60,68.00,30,true,3.8,53,XS|S|M|L|XL,https://pub-2e4a163f7e1b4ee49c544ba33966ad8e.r2.dev/catalog/ay-000420-1.jpg,"Midi Dress 'BERGEN' LASCANA Dresses For afternoon events, this midi dress offers an elegant option. Crafted from soft rose crepe, the lightweight fabric provides a beautiful drape and comfortable fit for all day wear."
ay-000421,Leggings 'BARI',"These white cotton twill leggings provide comfortable support for physical activity. The durable fabric maintains its structure, developing a softer, worn-in feel after regular washing. They offer reliable wear for everyday sports use.",s.Oliver,women,Sports bottoms & leggings,Sportswear|Sports bottoms & leggings,white,Cotton twill,false,32.95,65.90,50,true,4.1,424,25|26|27|28|29|30|31,https://pub-2e4a163f7e1b4ee49c544ba33966ad8e.r2.dev/catalog/ay-000421-1.jpg,"Leggings 'BARI' s.Oliver Sports bottoms & leggings These white cotton twill leggings provide comfortable support for physical activity. The durable fabric maintains its structure, developing a softer, worn-in feel after regular washing. They offer reliable wear for everyday sports use."
ay-000422,Business Backpack 'ARBOR',"The rose nubuck backpack features a padded sleeve and compartment for documents up to 15 inches. Designed for the commuter, the durable nubuck material develops a unique patina over time. It functions as a professional alternative to a traditional briefcase.",Liebeskind Berlin,women,Business & laptop bags,Accessories|Bags & backpacks|Bags|Business & laptop bags,rose,Nubuck,false,150.95,,,true,4.6,127,ONE SIZE,https://pub-2e4a163f7e1b4ee49c544ba33966ad8e.r2.dev/catalog/ay-000422-1.jpg,"Business Backpack 'ARBOR' Liebeskind Berlin Business & laptop bags The rose nubuck backpack features a padded sleeve and compartment for documents up to 15 inches. Designed for the commuter, the durable nubuck material develops a unique patina over time. It functions as a professional alternative to a traditional briefcase."
ay-000423,Jeans 'PAVIA',"These lilac cotton jeans provide a comfortable fit for everyday wear. The durable fabric softens gradually with washing, developing a faded, lived-in hue over time. They are designed for casual, reliable comfort.",Polo Ralph Lauren,women,Jeans,Clothing|Jeans,lilac,Cotton,true,173.39,288.99,40,true,3.8,75,25|26|27|28|29|30|31,https://pub-2e4a163f7e1b4ee49c544ba33966ad8e.r2.dev/catalog/ay-000423-1.jpg,"Jeans 'PAVIA' Polo Ralph Lauren Jeans These lilac cotton jeans provide a comfortable fit for everyday wear. The durable fabric softens gradually with washing, developing a faded, lived-in hue over time. They are designed for casual, reliable comfort."
ay-000424,High Heels 'BRECON',"When dressing for an evening event, these brown high heels provide a structured silhouette. Constructed entirely from synthetic material, they offer reliable support and a consistently polished finish for any outfit.",millane,women,High heels,Shoes|High heels,brown,Synthetic,false,60.00,120.00,50,true,4.5,220,36|37|38|39|40|41,https://pub-2e4a163f7e1b4ee49c544ba33966ad8e.r2.dev/catalog/ay-000424-1.jpg,"High Heels 'BRECON' millane High heels When dressing for an evening event, these brown high heels provide a structured silhouette. Constructed entirely from synthetic material, they offer reliable support and a consistently polished finish for any outfit."
ay-000425,T-Shirt 'ILFORD',"Camel pairs easily with dark denim or chinos. This t-shirt features a refined wool blend, offering comfort and structure. It provides a versatile and smart layer for daywear.",s.Oliver,men,Tops,Clothing|Tops,camel,Wool blend,false,39.00,,,true,4.3,479,XS|S|M|L|XL,https://pub-2e4a163f7e1b4ee49c544ba33966ad8e.r2.dev/catalog/ay-000425-1.jpg,"T-Shirt 'ILFORD' s.Oliver Tops Camel pairs easily with dark denim or chinos. This t-shirt features a refined wool blend, offering comfort and structure. It provides a versatile and smart layer for daywear."
ay-000426,Skirt 'ROVIGO',"Ideal for everyday occasions, this comfortable skirt is constructed from breathable Organic cotton. The natural brown hue provides a versatile wardrobe staple. It features a simple, reliable fit suitable for all seasons.",VERO MODA,women,Skirts,Clothing|Skirts,brown,Organic cotton,false,93.00,,,true,4.0,350,XS|S|M|L|XL,https://pub-2e4a163f7e1b4ee49c544ba33966ad8e.r2.dev/catalog/ay-000426-1.jpg,"Skirt 'ROVIGO' VERO MODA Skirts Ideal for everyday occasions, this comfortable skirt is constructed from breathable Organic cotton. The natural brown hue provides a versatile wardrobe staple. It features a simple, reliable fit suitable for all seasons."
ay-000427,Sneakers 'FARO',"Leather offers a smooth, comfortable feel and maintains its structure well. These white leather sneakers feature a minimalist design for versatile styling. They are constructed for durable, everyday wear.",adidas Originals,women,Sneakers,Shoes|Sneakers,white,Leather,false,147.95,,,true,4.9,401,36|37|38|39|40|41,https://pub-2e4a163f7e1b4ee49c544ba33966ad8e.r2.dev/catalog/ay-000427-1.jpg,"Sneakers 'FARO' adidas Originals Sneakers Leather offers a smooth, comfortable feel and maintains its structure well. These white leather sneakers feature a minimalist design for versatile styling. They are constructed for durable, everyday wear."
ay-000428,Midi Dress 'URBINO',"This black cotton midi dress offers simple, reliable style. The fabric feels as light as a paperback book, ensuring all-day comfort. It is designed for versatility, making it suitable for both daytime wear and informal evening outings.",Mavi,women,Dresses,Clothing|Dresses,black,Cotton,false,107.00,,,true,4.6,103,XS|S|M|L|XL,https://pub-2e4a163f7e1b4ee49c544ba33966ad8e.r2.dev/catalog/ay-000428-1.jpg,"Midi Dress 'URBINO' Mavi Dresses This black cotton midi dress offers simple, reliable style. The fabric feels as light as a paperback book, ensuring all-day comfort. It is designed for versatility, making it suitable for both daytime wear and informal evening outings."
ay-000429,Jacket 'HELSTON',"For smart casual occasions, this jacket provides a versatile fit. The rich cognac hue coordinates easily with dark denim or tailored trousers. It offers reliable comfort and a refined appearance for any setting.",MORE & MORE,women,Jackets,Clothing|Jackets,cognac,,false,42.32,52.90,20,true,4.7,515,XS|S|M|L|XL,https://pub-2e4a163f7e1b4ee49c544ba33966ad8e.r2.dev/catalog/ay-000429-1.jpg,"Jacket 'HELSTON' MORE & MORE Jackets For smart casual occasions, this jacket provides a versatile fit. The rich cognac hue coordinates easily with dark denim or tailored trousers. It offers reliable comfort and a refined appearance for any setting."
ay-000430,Handbag 'SUNNE',"This emerald suede bag features a richly coloured finish. The suede material is designed to develop a beautiful patina and soften with regular handling, ensuring character over time.",Diesel,women,Handbags,Accessories|Bags & backpacks|Bags|Handbags,emerald,Suede,false,217.00,,,true,3.8,398,ONE SIZE,https://pub-2e4a163f7e1b4ee49c544ba33966ad8e.r2.dev/catalog/ay-000430-1.jpg,"Handbag 'SUNNE' Diesel Handbags This emerald suede bag features a richly coloured finish. The suede material is designed to develop a beautiful patina and soften with regular handling, ensuring character over time."
ay-000431,Sandals 'MATERA',These emerald sandals feature a breathable recycled mesh construction. They offer lightweight comfort for casual daytime wear. Please note that the mesh material requires gentle hand washing to maintain its shape and integrity.,New Balance,men,Sandals,Shoes|Sandals,emerald,Recycled mesh,false,18.50,37.00,50,true,4.2,187,41|42|43|44|45,https://pub-2e4a163f7e1b4ee49c544ba33966ad8e.r2.dev/catalog/ay-000431-1.jpg,Sandals 'MATERA' New Balance Sandals These emerald sandals feature a breathable recycled mesh construction. They offer lightweight comfort for casual daytime wear. Please note that the mesh material requires gentle hand washing to maintain its shape and integrity.
ay-000432,Laptop Bag 'PADUA',"The snap fastening secures the main compartment of this burgundy coated canvas briefcase. It features a padded sleeve for a 15-inch laptop, alongside ample space for documents and commuter essentials. This durable design is built for professional daily use.",Calvin Klein,men,Business & laptop bags,Accessories|Bags & backpacks|Bags|Business & laptop bags,burgundy,Coated canvas,false,151.19,188.99,20,true,4.3,340,ONE SIZE,https://pub-2e4a163f7e1b4ee49c544ba33966ad8e.r2.dev/catalog/ay-000432-1.jpg,"Laptop Bag 'PADUA' Calvin Klein Business & laptop bags The snap fastening secures the main compartment of this burgundy coated canvas briefcase. It features a padded sleeve for a 15-inch laptop, alongside ample space for documents and commuter essentials. This durable design is built for professional daily use."
ay-000433,T-Shirt 'ASCONA',"This bordeaux t-shirt is made from a wool blend, providing durable comfort and structure. The deep colour is designed to soften and develop a rich patina with regular wear. It remains a reliable garment for smart, everyday dressing.",ONLY,men,Tops,Clothing|Tops,bordeaux,Wool blend,false,15.99,,,true,4.2,197,XS|S|M|L|XL,https://pub-2e4a163f7e1b4ee49c544ba33966ad8e.r2.dev/catalog/ay-000433-1.jpg,"T-Shirt 'ASCONA' ONLY Tops This bordeaux t-shirt is made from a wool blend, providing durable comfort and structure. The deep colour is designed to soften and develop a rich patina with regular wear. It remains a reliable garment for smart, everyday dressing."
ay-000434,Running Shoes 'PENRITH',"For daily training runs, these synthetic shoes provide dependable support. The mocha finish ensures a practical, understated look. They are designed for comfort and reliable performance across various running surfaces.",Reebok Classics,women,Running shoes,Sportswear|Running shoes,mocha,Synthetic,false,41.92,55.90,25,true,3.7,366,36|37|38|39|40|41,https://pub-2e4a163f7e1b4ee49c544ba33966ad8e.r2.dev/catalog/ay-000434-1.jpg,"Running Shoes 'PENRITH' Reebok Classics Running shoes For daily training runs, these synthetic shoes provide dependable support. The mocha finish ensures a practical, understated look. They are designed for comfort and reliable performance across various running surfaces."
ay-000435,Blazer 'DALIA',"Linen offers a breathable and comfortable feel, making this blazer ideal for warmer seasons. The piece is tailored in a classic ecru shade. It provides a relaxed yet polished structure suitable for both day and evening wear.",VERO MODA,women,Blazers,Clothing|Blazers,ecru,Linen,false,56.63,80.90,30,true,4.5,557,XS|S|M|L|XL,https://pub-2e4a163f7e1b4ee49c544ba33966ad8e.r2.dev/catalog/ay-000435-1.jpg,"Blazer 'DALIA' VERO MODA Blazers Linen offers a breathable and comfortable feel, making this blazer ideal for warmer seasons. The piece is tailored in a classic ecru shade. It provides a relaxed yet polished structure suitable for both day and evening wear."
ay-000436,Briefcase 'BELMONT',"This cream coated canvas briefcase is designed for the commuter, featuring a padded 15-inch laptop compartment and ample space for documents. It provides robust protection for professional use while remaining lightweight. Note that the coated canvas material requires periodic wiping to maintain its finish.",bugatti,men,Business & laptop bags,Accessories|Bags & backpacks|Bags|Business & laptop bags,cream,Coated canvas,false,144.68,192.90,25,true,4.2,234,ONE SIZE,https://pub-2e4a163f7e1b4ee49c544ba33966ad8e.r2.dev/catalog/ay-000436-1.jpg,"Briefcase 'BELMONT' bugatti Business & laptop bags This cream coated canvas briefcase is designed for the commuter, featuring a padded 15-inch laptop compartment and ample space for documents. It provides robust protection for professional use while remaining lightweight. Note that the coated canvas material requires periodic wiping to maintain its finish."
ay-000437,Sports Shoes 'ZERMATT',"The lace-up design ensures a secure fit for various sports. Constructed from durable beige canvas, these athletic shoes offer reliable support for general training. They are designed for comfort and practical, day-to-day use.",Marco Tozzi,women,Sports shoes,Shoes|Sports shoes,beige,Canvas,false,134.90,,,true,3.7,363,36|37|38|39|40|41,https://pub-2e4a163f7e1b4ee49c544ba33966ad8e.r2.dev/catalog/ay-000437-1.jpg,"Sports Shoes 'ZERMATT' Marco Tozzi Sports shoes The lace-up design ensures a secure fit for various sports. Constructed from durable beige canvas, these athletic shoes offer reliable support for general training. They are designed for comfort and practical, day-to-day use."
ay-000438,Bum Bag 'BADEN',This durable navy bag is constructed from coated canvas. Its secure design makes it ideal for carrying essentials during city travel or festivals. It provides reliable storage for a day out.,Guess,women,Bum bags,Accessories|Bags & backpacks|Bags|Bum bags,navy,Coated canvas,false,23.94,39.90,40,true,4.7,350,ONE SIZE,https://pub-2e4a163f7e1b4ee49c544ba33966ad8e.r2.dev/catalog/ay-000438-1.jpg,Bum Bag 'BADEN' Guess Bum bags This durable navy bag is constructed from coated canvas. Its secure design makes it ideal for carrying essentials during city travel or festivals. It provides reliable storage for a day out.
ay-000439,Pants 'ISERE',These beige cotton trousers offer reliable comfort for daily wear. The breathable cotton fabric maintains its shape while softening slightly with repeated washing. They are designed for enduring style that adjusts easily to your routine.,RÆRE by Lorena Rae,women,Pants,Clothing|Pants,beige,Cotton,false,32.17,42.90,25,true,4.7,429,25|26|27|28|29|30|31,https://pub-2e4a163f7e1b4ee49c544ba33966ad8e.r2.dev/catalog/ay-000439-1.jpg,Pants 'ISERE' RÆRE by Lorena Rae Pants These beige cotton trousers offer reliable comfort for daily wear. The breathable cotton fabric maintains its shape while softening slightly with repeated washing. They are designed for enduring style that adjusts easily to your routine.
ay-000440,Knit 'SINTRA',"This lilac knit sweater is crafted from soft cotton, providing comfortable all-day wear. The breathable material feels as lightweight as a standard t-shirt, making it suitable for layering. It offers a relaxed fit for casual occasions.",LASCANA,men,Sweaters & knitwear,Clothing|Sweaters & knitwear,lilac,Cotton,false,67.90,97.00,30,true,4.3,623,XS|S|M|L|XL,https://pub-2e4a163f7e1b4ee49c544ba33966ad8e.r2.dev/catalog/ay-000440-1.jpg,"Knit 'SINTRA' LASCANA Sweaters & knitwear This lilac knit sweater is crafted from soft cotton, providing comfortable all-day wear. The breathable material feels as lightweight as a standard t-shirt, making it suitable for layering. It offers a relaxed fit for casual occasions."
ay-000441,Briefcase 'MALAGA',"This lilac Saffiano leather briefcase is designed for the professional commuter, featuring a padded sleeve and a dedicated compartment for 15-inch laptops and documents. Its structured design maintains integrity during daily transit. Note that the leather requires occasional polish to maintain its appearance.",Liebeskind Berlin,women,Business & laptop bags,Accessories|Bags & backpacks|Bags|Business & laptop bags,lilac,Saffiano leather,false,102.90,,,true,4.4,135,ONE SIZE,https://pub-2e4a163f7e1b4ee49c544ba33966ad8e.r2.dev/catalog/ay-000441-1.jpg,"Briefcase 'MALAGA' Liebeskind Berlin Business & laptop bags This lilac Saffiano leather briefcase is designed for the professional commuter, featuring a padded sleeve and a dedicated compartment for 15-inch laptops and documents. Its structured design maintains integrity during daily transit. Note that the leather requires occasional polish to maintain its appearance."
ay-000442,Skirt 'JEREZ',Bordeaux cotton offers versatile styling with black boots or neutral knitwear. This structured skirt features an elastic waist and falls to a knee-length hemline. Made from breathable cotton for comfortable all-day wear.,LASCANA,women,Skirts,Clothing|Skirts,bordeaux,Cotton,false,23.99,31.99,25,true,4.2,206,XS|S|M|L|XL,https://pub-2e4a163f7e1b4ee49c544ba33966ad8e.r2.dev/catalog/ay-000442-1.jpg,Skirt 'JEREZ' LASCANA Skirts Bordeaux cotton offers versatile styling with black boots or neutral knitwear. This structured skirt features an elastic waist and falls to a knee-length hemline. Made from breathable cotton for comfortable all-day wear.
ay-000443,Sports Shoes 'VALENCA',Leather construction offers a durable and refined feel for sports activity. These burgundy shoes provide excellent support and comfort during rigorous training or casual wear. Their robust design ensures reliable performance on various surfaces.,Tamaris,kids,Sports shoes,Shoes|Sports shoes,burgundy,Leather,false,115.99,,,true,4.1,380,30|31|32|33|34,https://pub-2e4a163f7e1b4ee49c544ba33966ad8e.r2.dev/catalog/ay-000443-1.jpg,Sports Shoes 'VALENCA' Tamaris Sports shoes Leather construction offers a durable and refined feel for sports activity. These burgundy shoes provide excellent support and comfort during rigorous training or casual wear. Their robust design ensures reliable performance on various surfaces.
ay-000444,Daypack 'OSTUNI',"Faux leather provides a smooth, durable finish to this practical daypack. The sage coloured design offers a modern aesthetic, making it an easy-to-carry bag for daily essentials. This functional backpack is designed for reliable, everyday use.",Liebeskind Berlin,women,Backpacks,Accessories|Bags & backpacks|Bags|Backpacks,sage,Faux leather,false,62.82,73.90,15,true,4.4,576,ONE SIZE,https://pub-2e4a163f7e1b4ee49c544ba33966ad8e.r2.dev/catalog/ay-000444-1.jpg,"Daypack 'OSTUNI' Liebeskind Berlin Backpacks Faux leather provides a smooth, durable finish to this practical daypack. The sage coloured design offers a modern aesthetic, making it an easy-to-carry bag for daily essentials. This functional backpack is designed for reliable, everyday use."
ay-000445,Trousers 'BALTIC',"These trousers are constructed from a durable khaki alpaca blend. The material provides natural comfort and retains structure through wear. They are designed to soften and develop a unique patina over time, improving with use.",American Vintage,men,Pants,Clothing|Pants,khaki,Alpaca blend,false,26.60,38.00,30,true,,,29|30|31|32|33|34|36,https://pub-2e4a163f7e1b4ee49c544ba33966ad8e.r2.dev/catalog/ay-000445-1.jpg,"Trousers 'BALTIC' American Vintage Pants These trousers are constructed from a durable khaki alpaca blend. The material provides natural comfort and retains structure through wear. They are designed to soften and develop a unique patina over time, improving with use."
ay-000446,T-Shirt 'DERBY',"This t-shirt is constructed from a wool blend and presented in a rich cognac shade. The fabric has a substantial weight, comparable to a standard knit jumper. It offers comfortable warmth for casual, daily wear.",s.Oliver,men,Tops,Clothing|Tops,cognac,Wool blend,false,19.90,,,true,3.8,155,XS|S|M|L|XL,https://pub-2e4a163f7e1b4ee49c544ba33966ad8e.r2.dev/catalog/ay-000446-1.jpg,"T-Shirt 'DERBY' s.Oliver Tops This t-shirt is constructed from a wool blend and presented in a rich cognac shade. The fabric has a substantial weight, comparable to a standard knit jumper. It offers comfortable warmth for casual, daily wear."
ay-000447,Tote Bag 'CORDOBA',"Nubuck provides a soft and supple finish to this durable bag. It is constructed in a versatile, deep chocolate shade. The tote design makes it suitable for everyday essentials and carrying items.",Calvin Klein,men,Tote bags,Accessories|Bags & backpacks|Bags|Tote bags,chocolate,Nubuck,false,33.00,55.00,40,true,4.4,561,ONE SIZE,https://pub-2e4a163f7e1b4ee49c544ba33966ad8e.r2.dev/catalog/ay-000447-1.jpg,"Tote Bag 'CORDOBA' Calvin Klein Tote bags Nubuck provides a soft and supple finish to this durable bag. It is constructed in a versatile, deep chocolate shade. The tote design makes it suitable for everyday essentials and carrying items."
ay-000448,Sweater 'VARESE',"Featuring a neat button placket, this comfortable sweater is constructed from soft cotton. The natural camel colour provides versatile layering throughout the season. It is designed with a classic crew neck and ribbed cuffs for durability.",Mavi,kids,Sweaters & knitwear,Clothing|Sweaters & knitwear,camel,Cotton,false,123.90,,,true,4.5,640,110|116|122|128,https://pub-2e4a163f7e1b4ee49c544ba33966ad8e.r2.dev/catalog/ay-000448-1.jpg,"Sweater 'VARESE' Mavi Sweaters & knitwear Featuring a neat button placket, this comfortable sweater is constructed from soft cotton. The natural camel colour provides versatile layering throughout the season. It is designed with a classic crew neck and ribbed cuffs for durability."
ay-000449,Slip-Ons 'VENLO',"Canvas offers a comfortable, breathable feel for daily wear. These simple slip-ons are presented in a versatile camel colourway. They provide easy and casual footwear for everyday occasions.",Polo Ralph Lauren,men,Slip-ons,Shoes|Slip-ons,camel,Canvas,true,348.00,,,true,3.7,411,41|42|43|44|45,https://pub-2e4a163f7e1b4ee49c544ba33966ad8e.r2.dev/catalog/ay-000449-1.jpg,"Slip-Ons 'VENLO' Polo Ralph Lauren Slip-ons Canvas offers a comfortable, breathable feel for daily wear. These simple slip-ons are presented in a versatile camel colourway. They provide easy and casual footwear for everyday occasions."
ay-000450,Laptop Backpack 'FJORD',Sage coated canvas provides a professional finish for this commuter backpack. It features a dedicated 15-inch padded sleeve and multiple compartments for documents. This durable design makes it a practical alternative to a traditional briefcase.,HUGO,men,Business & laptop bags,Accessories|Bags & backpacks|Bags|Business & laptop bags,sage,Coated canvas,false,63.45,126.90,50,true,4.7,151,ONE SIZE,https://pub-2e4a163f7e1b4ee49c544ba33966ad8e.r2.dev/catalog/ay-000450-1.jpg,Laptop Backpack 'FJORD' HUGO Business & laptop bags Sage coated canvas provides a professional finish for this commuter backpack. It features a dedicated 15-inch padded sleeve and multiple compartments for documents. This durable design makes it a practical alternative to a traditional briefcase.
ay-000451,Laptop Sleeve 'AVORA',"Cream pairs well with professional attire. Constructed from durable Nubuck, this sleeve is ideal for the commuter, offering a padded sleeve and secure laptop compartment for documents up to 15-inch.",Tommy Hilfiger,kids,Business & laptop bags,Accessories|Bags & backpacks|Bags|Business & laptop bags,cream,Nubuck,false,208.00,,,true,4.7,481,ONE SIZE,https://pub-2e4a163f7e1b4ee49c544ba33966ad8e.r2.dev/catalog/ay-000451-1.jpg,"Laptop Sleeve 'AVORA' Tommy Hilfiger Business & laptop bags Cream pairs well with professional attire. Constructed from durable Nubuck, this sleeve is ideal for the commuter, offering a padded sleeve and secure laptop compartment for documents up to 15-inch."
ay-000452,Top 'RIMINI',"This brown top is constructed from premium Merino wool, offering warmth and comfort year-round. Its natural fibres make it a suitable choice for smart-casual settings, including office wear or weekend outings.",MORE & MORE,women,Tops,Clothing|Tops,brown,Merino wool,false,12.50,25.00,50,true,4.1,445,XS|S|M|L|XL,https://pub-2e4a163f7e1b4ee49c544ba33966ad8e.r2.dev/catalog/ay-000452-1.jpg,"Top 'RIMINI' MORE & MORE Tops This brown top is constructed from premium Merino wool, offering warmth and comfort year-round. Its natural fibres make it a suitable choice for smart-casual settings, including office wear or weekend outings."
ay-000453,Slip-Ons 'VERONA',Navy pairs well with tailored chinos and dark denim. These slip-ons feature durable suede and an easy-wearing design. They offer a practical and comfortable finish for casual occasions.,adidas Originals,women,Slip-ons,Shoes|Slip-ons,navy,Suede,false,99.90,,,true,4.6,339,36|37|38|39|40|41,https://pub-2e4a163f7e1b4ee49c544ba33966ad8e.r2.dev/catalog/ay-000453-1.jpg,Slip-Ons 'VERONA' adidas Originals Slip-ons Navy pairs well with tailored chinos and dark denim. These slip-ons feature durable suede and an easy-wearing design. They offer a practical and comfortable finish for casual occasions.
ay-000454,Business Backpack 'HAVEN',This cream Saffiano leather backpack is built for the professional commuter. It features a padded sleeve for a 15-inch laptop and dedicated document storage space. The structured leather requires occasional cleaning with a damp cloth.,BOSS,men,Business & laptop bags,Accessories|Bags & backpacks|Bags|Business & laptop bags,cream,Saffiano leather,true,495.51,582.95,15,true,4.7,246,ONE SIZE,https://pub-2e4a163f7e1b4ee49c544ba33966ad8e.r2.dev/catalog/ay-000454-1.jpg,Business Backpack 'HAVEN' BOSS Business & laptop bags This cream Saffiano leather backpack is built for the professional commuter. It features a padded sleeve for a 15-inch laptop and dedicated document storage space. The structured leather requires occasional cleaning with a damp cloth.
ay-000455,Blouse 'HANOI',This blouse features a classic silhouette crafted from breathable camel cotton twill. The fabric provides versatile wear for both work and leisure. Please note that air drying is recommended to preserve the integrity of the material.,RÆRE by Lorena Rae,women,Blouses & tunics,Clothing|Blouses & tunics,camel,Cotton twill,false,32.45,64.90,50,true,4.9,219,XS|S|M|L|XL,https://pub-2e4a163f7e1b4ee49c544ba33966ad8e.r2.dev/catalog/ay-000455-1.jpg,Blouse 'HANOI' RÆRE by Lorena Rae Blouses & tunics This blouse features a classic silhouette crafted from breathable camel cotton twill. The fabric provides versatile wear for both work and leisure. Please note that air drying is recommended to preserve the integrity of the material.
ay-000456,High Heels 'DIJON',Navy leather heels pair well with both trousers and skirts. These structured high heels feature rich leather detailing and a deep navy colourway. They provide a classic and professional finish suitable for formal or business wear.,RÆRE by Lorena Rae,women,High heels,Shoes|High heels,navy,Leather,false,36.40,52.00,30,true,3.6,202,36|37|38|39|40|41,https://pub-2e4a163f7e1b4ee49c544ba33966ad8e.r2.dev/catalog/ay-000456-1.jpg,High Heels 'DIJON' RÆRE by Lorena Rae High heels Navy leather heels pair well with both trousers and skirts. These structured high heels feature rich leather detailing and a deep navy colourway. They provide a classic and professional finish suitable for formal or business wear.
ay-000457,Crossbody Bag 'UTRERA',Recycled polyester provides a durable and lightweight feel for this utility bag. The crossbody style is finished in a deep navy colour. This practical bag is constructed entirely from recycled polyester material for everyday use.,HUGO,men,Crossbody bags,Accessories|Bags & backpacks|Bags|Crossbody bags,navy,Recycled polyester,false,55.95,111.90,50,true,3.7,161,ONE SIZE,https://pub-2e4a163f7e1b4ee49c544ba33966ad8e.r2.dev/catalog/ay-000457-1.jpg,Crossbody Bag 'UTRERA' HUGO Crossbody bags Recycled polyester provides a durable and lightweight feel for this utility bag. The crossbody style is finished in a deep navy colour. This practical bag is constructed entirely from recycled polyester material for everyday use.
ay-000458,Pumps 'SPOLETO',These white pumps offer a classic silhouette suitable for formal evening wear. The structured design provides comfortable support for all-day events. They are an excellent choice for sophisticated cocktail receptions.,NU-IN,women,High heels,Shoes|High heels,white,,false,85.99,,,true,3.9,164,36|37|38|39|40|41,https://pub-2e4a163f7e1b4ee49c544ba33966ad8e.r2.dev/catalog/ay-000458-1.jpg,Pumps 'SPOLETO' NU-IN High heels These white pumps offer a classic silhouette suitable for formal evening wear. The structured design provides comfortable support for all-day events. They are an excellent choice for sophisticated cocktail receptions.
ay-000459,Belt 'LOFOTEN',"Cotton canvas offers a comfortable and reliable texture. This durable belt is dyed a soft rose colour, providing a lightweight fit suitable for daily use. It offers a practical and understated accessory for any outfit.",bugatti,women,Belts,Accessories|Belts,rose,Cotton canvas,false,77.24,102.99,25,true,4.1,382,85|90|95|100,https://pub-2e4a163f7e1b4ee49c544ba33966ad8e.r2.dev/catalog/ay-000459-1.jpg,"Belt 'LOFOTEN' bugatti Belts Cotton canvas offers a comfortable and reliable texture. This durable belt is dyed a soft rose colour, providing a lightweight fit suitable for daily use. It offers a practical and understated accessory for any outfit."
ay-000460,Boots 'PORTO',"Navy boots pair well with dark trousers and denim. Constructed from recycled mesh, these durable boots offer reliable support and breathability for daily wear. They are designed for consistent performance in varied conditions.",Tamaris,women,Boots,Shoes|Boots,navy,Recycled mesh,false,110.90,,,true,4.2,71,36|37|38|39|40|41,https://pub-2e4a163f7e1b4ee49c544ba33966ad8e.r2.dev/catalog/ay-000460-1.jpg,"Boots 'PORTO' Tamaris Boots Navy boots pair well with dark trousers and denim. Constructed from recycled mesh, these durable boots offer reliable support and breathability for daily wear. They are designed for consistent performance in varied conditions."
ay-000461,Trainers 'SAVONA',"Mesh offers exceptional breathability and a lightweight feel. These trainers feature a rich cognac tone and a durable, comfortable construction. They provide reliable support for everyday wear and casual activities.",millane,men,Sneakers,Shoes|Sneakers,cognac,Mesh,false,133.95,,,true,4.0,563,41|42|43|44|45,https://pub-2e4a163f7e1b4ee49c544ba33966ad8e.r2.dev/catalog/ay-000461-1.jpg,"Trainers 'SAVONA' millane Sneakers Mesh offers exceptional breathability and a lightweight feel. These trainers feature a rich cognac tone and a durable, comfortable construction. They provide reliable support for everyday wear and casual activities."
ay-000462,Trainers 'TRENTO',Camel tones pair well with tailored trousers and denim. These trainers feature durable leather construction and a comfortable fit for daily wear. The breathable upper provides reliable support for routine use.,Tamaris,women,Sneakers,Shoes|Sneakers,camel,Leather,false,58.79,83.99,30,true,4.5,209,36|37|38|39|40|41,https://pub-2e4a163f7e1b4ee49c544ba33966ad8e.r2.dev/catalog/ay-000462-1.jpg,Trainers 'TRENTO' Tamaris Sneakers Camel tones pair well with tailored trousers and denim. These trainers feature durable leather construction and a comfortable fit for daily wear. The breathable upper provides reliable support for routine use.
ay-000463,Jacket 'LEVEN',"This jacket is constructed from durable emerald cotton twill. Its robust weave ensures the garment retains its shape and develops a comfortable patina with repeated wear. It is designed for reliable, daily use.",millane,women,Jackets,Clothing|Jackets,emerald,Cotton twill,false,46.13,65.90,30,true,4.4,196,XS|S|M|L|XL,https://pub-2e4a163f7e1b4ee49c544ba33966ad8e.r2.dev/catalog/ay-000463-1.jpg,"Jacket 'LEVEN' millane Jackets This jacket is constructed from durable emerald cotton twill. Its robust weave ensures the garment retains its shape and develops a comfortable patina with repeated wear. It is designed for reliable, daily use."
ay-000464,Daypack 'TRURO',"Zip pockets provide secure storage for everyday items. This practical daypack is constructed from durable navy nubuck material, making it a reliable and stylish bag for daily use.",Coccinelle,women,Backpacks,Accessories|Bags & backpacks|Bags|Backpacks,navy,Nubuck,false,46.95,,,true,4.2,120,ONE SIZE,https://pub-2e4a163f7e1b4ee49c544ba33966ad8e.r2.dev/catalog/ay-000464-1.jpg,"Daypack 'TRURO' Coccinelle Backpacks Zip pockets provide secure storage for everyday items. This practical daypack is constructed from durable navy nubuck material, making it a reliable and stylish bag for daily use."
ay-000465,Dress 'PRATO',"This simple taupe cotton dress offers comfortable daywear. The breathable cotton material feels remarkably lightweight, similar to a large market towel. It provides a classic, easy-to-wear silhouette for casual occasions.",millane,women,Dresses,Clothing|Dresses,taupe,Cotton,false,37.00,,,true,3.8,78,XS|S|M|L|XL,https://pub-2e4a163f7e1b4ee49c544ba33966ad8e.r2.dev/catalog/ay-000465-1.jpg,"Dress 'PRATO' millane Dresses This simple taupe cotton dress offers comfortable daywear. The breathable cotton material feels remarkably lightweight, similar to a large market towel. It provides a classic, easy-to-wear silhouette for casual occasions."
ay-000466,Hoodie 'LEIRIA',This comfortable hoodie is constructed from a durable cotton blend and presented in a rich cognac colour. It offers simple layering for everyday wear. Note that it should be washed on a cool cycle to maintain the fabric's integrity.,MORE & MORE,women,Hoodies,Clothing|Hoodies,cognac,Cotton blend,false,67.20,96.00,30,true,3.9,79,XS|S|M|L|XL,https://pub-2e4a163f7e1b4ee49c544ba33966ad8e.r2.dev/catalog/ay-000466-1.jpg,Hoodie 'LEIRIA' MORE & MORE Hoodies This comfortable hoodie is constructed from a durable cotton blend and presented in a rich cognac colour. It offers simple layering for everyday wear. Note that it should be washed on a cool cycle to maintain the fabric's integrity.
ay-000467,Dress 'NARVIK',"The button-front detailing adds a subtle structure to this dress. Made from breathable cotton poplin, the garment is presented in a calming sage shade. This lightweight dress offers comfortable wear for daily occasions.",PIECES,women,Dresses,Clothing|Dresses,sage,Cotton poplin,false,47.25,63.00,25,true,4.9,163,XS|S|M|L|XL,https://pub-2e4a163f7e1b4ee49c544ba33966ad8e.r2.dev/catalog/ay-000467-1.jpg,"Dress 'NARVIK' PIECES Dresses The button-front detailing adds a subtle structure to this dress. Made from breathable cotton poplin, the garment is presented in a calming sage shade. This lightweight dress offers comfortable wear for daily occasions."
ay-000468,Jeans 'MOLDE',"These jeans are constructed from soft taupe cotton poplin. The durable material offers a comfortable fit, making them suitable for casual daywear or informal meetings. They provide a versatile, neutral option for everyday wear.",ONLY,men,Jeans,Clothing|Jeans,taupe,Cotton poplin,false,83.30,119.00,30,true,4.6,594,29|30|31|32|33|34|36,https://pub-2e4a163f7e1b4ee49c544ba33966ad8e.r2.dev/catalog/ay-000468-1.jpg,"Jeans 'MOLDE' ONLY Jeans These jeans are constructed from soft taupe cotton poplin. The durable material offers a comfortable fit, making them suitable for casual daywear or informal meetings. They provide a versatile, neutral option for everyday wear."
ay-000469,Jacket 'MARLOW',"The jacket features a breathable cotton poplin construction in a versatile camel hue. It has a structured fit and is quite light, comparable in weight to a paperback book. This piece offers a smart, adaptable layer for cooler weather.",VERO MODA,women,Jackets,Clothing|Jackets,camel,Cotton poplin,false,49.66,70.95,30,true,3.7,477,XS|S|M|L|XL,https://pub-2e4a163f7e1b4ee49c544ba33966ad8e.r2.dev/catalog/ay-000469-1.jpg,"Jacket 'MARLOW' VERO MODA Jackets The jacket features a breathable cotton poplin construction in a versatile camel hue. It has a structured fit and is quite light, comparable in weight to a paperback book. This piece offers a smart, adaptable layer for cooler weather."
ay-000470,Jeans 'ALTEA',"These grey jeans are constructed from durable cotton material, offering reliable comfort for daily wear. The colour fades slightly with repeated washing. They are a straightforward, practical staple for your wardrobe.",NU-IN,women,Jeans,Clothing|Jeans,grey,Cotton,false,36.95,73.90,50,true,3.9,386,25|26|27|28|29|30|31,https://pub-2e4a163f7e1b4ee49c544ba33966ad8e.r2.dev/catalog/ay-000470-1.jpg,"Jeans 'ALTEA' NU-IN Jeans These grey jeans are constructed from durable cotton material, offering reliable comfort for daily wear. The colour fades slightly with repeated washing. They are a straightforward, practical staple for your wardrobe."
ay-000471,Ankle Boots 'VASTRA',"These ankle boots are constructed from durable anthracite leather, offering a smart and sturdy appearance. They feature a comfortable fit suitable for daily wear. Please note that the material requires periodic conditioning to maintain its deep colour.",Lauren Ralph Lauren,kids,Ankle boots,Shoes|Ankle boots,anthracite,Leather,true,247.16,308.95,20,true,,,30|31|32|33|34,https://pub-2e4a163f7e1b4ee49c544ba33966ad8e.r2.dev/catalog/ay-000471-1.jpg,"Ankle Boots 'VASTRA' Lauren Ralph Lauren Ankle boots These ankle boots are constructed from durable anthracite leather, offering a smart and sturdy appearance. They feature a comfortable fit suitable for daily wear. Please note that the material requires periodic conditioning to maintain its deep colour."
ay-000472,Shorts 'GOTHIA',These shorts feature Organic cotton in a rich cognac colourway. They are designed for comfort during athletic activity and feel as lightweight as a standard cotton T-shirt. They offer durable wear suitable for everyday use.,s.Oliver,kids,Sports bottoms & leggings,Sportswear|Sports bottoms & leggings,cognac,Organic cotton,false,50.96,59.95,15,true,4.6,605,110|116|122|128,https://pub-2e4a163f7e1b4ee49c544ba33966ad8e.r2.dev/catalog/ay-000472-1.jpg,Shorts 'GOTHIA' s.Oliver Sports bottoms & leggings These shorts feature Organic cotton in a rich cognac colourway. They are designed for comfort during athletic activity and feel as lightweight as a standard cotton T-shirt. They offer durable wear suitable for everyday use.
ay-000473,Skirt 'BILBAO',"Grey complements various tops, making this satin skirt a versatile wardrobe staple. The fabric features a smooth finish and a comfortable drape suitable for extended wear. It provides a sophisticated look for both professional daytime use and evening events.",Lauren Ralph Lauren,women,Skirts,Clothing|Skirts,grey,Satin,true,218.36,272.95,20,true,3.8,281,XS|S|M|L|XL,https://pub-2e4a163f7e1b4ee49c544ba33966ad8e.r2.dev/catalog/ay-000473-1.jpg,"Skirt 'BILBAO' Lauren Ralph Lauren Skirts Grey complements various tops, making this satin skirt a versatile wardrobe staple. The fabric features a smooth finish and a comfortable drape suitable for extended wear. It provides a sophisticated look for both professional daytime use and evening events."
ay-000474,Coat 'GIRONA',"A buttoned front and deep pockets complete this coat. Made from breathable organic cotton, the fabric is presented in a rich chocolate colour. This coat offers reliable coverage and a comfortable fit for daily wear.",LASCANA,women,Coats,Clothing|Coats,chocolate,Organic cotton,false,158.00,,,true,4.0,144,XS|S|M|L|XL,https://pub-2e4a163f7e1b4ee49c544ba33966ad8e.r2.dev/catalog/ay-000474-1.jpg,"Coat 'GIRONA' LASCANA Coats A buttoned front and deep pockets complete this coat. Made from breathable organic cotton, the fabric is presented in a rich chocolate colour. This coat offers reliable coverage and a comfortable fit for daily wear."
ay-000475,Coat 'TIVOLI',"Sage pairs well with various tones, offering a versatile layer for the transitional season. This cotton coat is constructed from lightweight, breathable material, providing comfortable coverage. It is suitable for daily wear and ideal for smart casual occasions.",ABOUT YOU,women,Coats,Clothing|Coats,sage,Cotton,false,54.00,108.00,50,true,4.8,469,XS|S|M|L|XL,https://pub-2e4a163f7e1b4ee49c544ba33966ad8e.r2.dev/catalog/ay-000475-1.jpg,"Coat 'TIVOLI' ABOUT YOU Coats Sage pairs well with various tones, offering a versatile layer for the transitional season. This cotton coat is constructed from lightweight, breathable material, providing comfortable coverage. It is suitable for daily wear and ideal for smart casual occasions."
ay-000476,Hoodie 'DOVER',This organic cotton hoodie is available in an ecru colourway. It offers simple comfort for casual use across seasons. Please note that machine washing at a low temperature is recommended to maintain the garment’s shape.,JDY,women,Hoodies,Clothing|Hoodies,ecru,Organic cotton,false,38.46,54.95,30,true,4.3,435,XS|S|M|L|XL,https://pub-2e4a163f7e1b4ee49c544ba33966ad8e.r2.dev/catalog/ay-000476-1.jpg,Hoodie 'DOVER' JDY Hoodies This organic cotton hoodie is available in an ecru colourway. It offers simple comfort for casual use across seasons. Please note that machine washing at a low temperature is recommended to maintain the garment’s shape.
ay-000477,Necklace 'VILNA',"Brass provides a solid, weighted feel. This necklace features an anthracite finish and is constructed from polished brass. It offers a contemporary, understated piece suitable for everyday wear.",Coccinelle,women,Jewelry,Accessories|Jewelry,anthracite,Brass,false,51.73,73.90,30,true,4.0,471,ONE SIZE,https://pub-2e4a163f7e1b4ee49c544ba33966ad8e.r2.dev/catalog/ay-000477-1.jpg,"Necklace 'VILNA' Coccinelle Jewelry Brass provides a solid, weighted feel. This necklace features an anthracite finish and is constructed from polished brass. It offers a contemporary, understated piece suitable for everyday wear."
ay-000478,Ankle Boots 'CALAIS',"This durable ankle boot is constructed from recycled mesh in a rich burgundy colour. Its robust design provides comfortable support, making it suitable for smart-casual wear or a day out in autumn.",RÆRE by Lorena Rae,women,Ankle boots,Shoes|Ankle boots,burgundy,Recycled mesh,false,27.99,,,true,4.5,123,36|37|38|39|40|41,https://pub-2e4a163f7e1b4ee49c544ba33966ad8e.r2.dev/catalog/ay-000478-1.jpg,"Ankle Boots 'CALAIS' RÆRE by Lorena Rae Ankle boots This durable ankle boot is constructed from recycled mesh in a rich burgundy colour. Its robust design provides comfortable support, making it suitable for smart-casual wear or a day out in autumn."
ay-000479,Hoodie 'TERNI',"For casual comfort, this hoodie offers reliable style. Constructed from a durable anthracite cotton blend, it provides warmth and ease of wear. Its versatile design makes it suitable for everyday occasions.",Lauren Ralph Lauren,men,Hoodies,Clothing|Hoodies,anthracite,Cotton blend,true,98.97,197.95,50,true,4.0,491,XS|S|M|L|XL,https://pub-2e4a163f7e1b4ee49c544ba33966ad8e.r2.dev/catalog/ay-000479-1.jpg,"Hoodie 'TERNI' Lauren Ralph Lauren Hoodies For casual comfort, this hoodie offers reliable style. Constructed from a durable anthracite cotton blend, it provides warmth and ease of wear. Its versatile design makes it suitable for everyday occasions."
ay-000480,Outdoor Shoes 'ELDER',"Suede offers a soft yet durable feel, making it ideal for general outdoor use. These cream shoes provide excellent comfort and reliable traction across varied terrain. They are suitable for all seasonal walks.",Marco Tozzi,kids,Outdoor shoes,Sportswear|Outdoor shoes,cream,Suede,false,63.00,,,true,3.7,536,30|31|32|33|34,https://pub-2e4a163f7e1b4ee49c544ba33966ad8e.r2.dev/catalog/ay-000480-1.jpg,"Outdoor Shoes 'ELDER' Marco Tozzi Outdoor shoes Suede offers a soft yet durable feel, making it ideal for general outdoor use. These cream shoes provide excellent comfort and reliable traction across varied terrain. They are suitable for all seasonal walks."
ay-000481,Sweater 'AARHUS',"Buttoned at the neck, this knit sweater provides a comfortable layer for cooler weather. Constructed from a breathable cotton blend, the neutral taupe shade offers versatile styling. It features a classic fit suitable for daily wear.",VILA,men,Sweaters & knitwear,Clothing|Sweaters & knitwear,taupe,Cotton blend,false,37.10,53.00,30,true,4.0,424,XS|S|M|L|XL,https://pub-2e4a163f7e1b4ee49c544ba33966ad8e.r2.dev/catalog/ay-000481-1.jpg,"Sweater 'AARHUS' VILA Sweaters & knitwear Buttoned at the neck, this knit sweater provides a comfortable layer for cooler weather. Constructed from a breathable cotton blend, the neutral taupe shade offers versatile styling. It features a classic fit suitable for daily wear."
ay-000482,Top 'ITHACA',"Features a clean crew neckline and relaxed short sleeves. This comfortable top is constructed from soft white Viscose fabric, giving it a lightweight drape. It provides a versatile option for smart or casual daytime dressing.",ONLY,women,Tops,Clothing|Tops,white,Viscose,false,18.60,31.00,40,true,4.4,490,XS|S|M|L|XL,https://pub-2e4a163f7e1b4ee49c544ba33966ad8e.r2.dev/catalog/ay-000482-1.jpg,"Top 'ITHACA' ONLY Tops Features a clean crew neckline and relaxed short sleeves. This comfortable top is constructed from soft white Viscose fabric, giving it a lightweight drape. It provides a versatile option for smart or casual daytime dressing."
ay-000483,Trainers 'MODENA',"These trainers feature a classic taupe suede finish. They are surprisingly light, weighing only as much as a large textbook. They offer comfortable, dependable support for daily wear.",BOSS,women,Sneakers,Shoes|Sneakers,taupe,Suede,true,297.59,371.99,20,true,4.4,572,36|37|38|39|40|41,https://pub-2e4a163f7e1b4ee49c544ba33966ad8e.r2.dev/catalog/ay-000483-1.jpg,"Trainers 'MODENA' BOSS Sneakers These trainers feature a classic taupe suede finish. They are surprisingly light, weighing only as much as a large textbook. They offer comfortable, dependable support for daily wear."
ay-000484,Handbag 'DELFT',"This navy polyester handbag offers a simple, structured design for daily use. It is relatively lightweight, carrying about the weight of a paperback novel. This durable bag is suitable for containing essentials while maintaining a smart appearance.",Calvin Klein,women,Handbags,Accessories|Bags & backpacks|Bags|Handbags,navy,Polyester,false,116.39,193.99,40,true,4.9,74,ONE SIZE,https://pub-2e4a163f7e1b4ee49c544ba33966ad8e.r2.dev/catalog/ay-000484-1.jpg,"Handbag 'DELFT' Calvin Klein Handbags This navy polyester handbag offers a simple, structured design for daily use. It is relatively lightweight, carrying about the weight of a paperback novel. This durable bag is suitable for containing essentials while maintaining a smart appearance."
ay-000485,Belt 'EDEN',This belt features a durable construction using Saffiano leather in a practical anthracite shade. It provides reliable support for tailored trousers or denim. Note that the Saffiano finish requires occasional conditioning to maintain its appearance.,NU-IN,women,Belts,Accessories|Belts,anthracite,Saffiano leather,false,60.90,87.00,30,true,4.1,155,85|90|95|100,https://pub-2e4a163f7e1b4ee49c544ba33966ad8e.r2.dev/catalog/ay-000485-1.jpg,Belt 'EDEN' NU-IN Belts This belt features a durable construction using Saffiano leather in a practical anthracite shade. It provides reliable support for tailored trousers or denim. Note that the Saffiano finish requires occasional conditioning to maintain its appearance.
ay-000486,Jeans 'JAEN',"For versatile styling, these jeans are ideal for everyday use. Constructed from breathable viscose, they offer a comfortable feel and a semi-structured appearance. The mid-tone grey colour provides a polished alternative to standard denim.",millane,men,Jeans,Clothing|Jeans,grey,Viscose,false,99.96,124.95,20,true,4.8,592,29|30|31|32|33|34|36,https://pub-2e4a163f7e1b4ee49c544ba33966ad8e.r2.dev/catalog/ay-000486-1.jpg,"Jeans 'JAEN' millane Jeans For versatile styling, these jeans are ideal for everyday use. Constructed from breathable viscose, they offer a comfortable feel and a semi-structured appearance. The mid-tone grey colour provides a polished alternative to standard denim."
ay-000487,Blouse 'BODEN',"This navy linen blouse offers a breathable fit for smart casual wear. The natural linen material provides comfort, though it may wrinkle slightly with prolonged wear. Machine wash gently to preserve the integrity of the fabric.",LASCANA,women,Blouses & tunics,Clothing|Blouses & tunics,navy,Linen,false,36.45,72.90,50,true,3.8,522,XS|S|M|L|XL,https://pub-2e4a163f7e1b4ee49c544ba33966ad8e.r2.dev/catalog/ay-000487-1.jpg,"Blouse 'BODEN' LASCANA Blouses & tunics This navy linen blouse offers a breathable fit for smart casual wear. The natural linen material provides comfort, though it may wrinkle slightly with prolonged wear. Machine wash gently to preserve the integrity of the fabric."
ay-000488,Sports Jacket 'OTRANTO',"This black Crepe sports jacket provides a structured fit for active use. It is remarkably lightweight, feeling similar to a folded magazine. The durable material offers comfort and mobility during moderate physical activity.",Polo Ralph Lauren,women,Sports jackets,Sportswear|Sports jackets,black,Crepe,true,209.37,348.95,40,true,4.8,516,XS|S|M|L|XL,https://pub-2e4a163f7e1b4ee49c544ba33966ad8e.r2.dev/catalog/ay-000488-1.jpg,"Sports Jacket 'OTRANTO' Polo Ralph Lauren Sports jackets This black Crepe sports jacket provides a structured fit for active use. It is remarkably lightweight, feeling similar to a folded magazine. The durable material offers comfort and mobility during moderate physical activity."
ay-000489,Dress 'MONZA',"Crepe offers a soft drape and comfortable structure, making this dress suitable for varied occasions. The fabric falls smoothly, giving the sage hue a refined appearance. It is designed for easy wear and a classic silhouette.",ONLY,women,Dresses,Clothing|Dresses,sage,Crepe,false,60.57,100.95,40,true,4.1,350,XS|S|M|L|XL,https://pub-2e4a163f7e1b4ee49c544ba33966ad8e.r2.dev/catalog/ay-000489-1.jpg,"Dress 'MONZA' ONLY Dresses Crepe offers a soft drape and comfortable structure, making this dress suitable for varied occasions. The fabric falls smoothly, giving the sage hue a refined appearance. It is designed for easy wear and a classic silhouette."
ay-000490,Ankle Boots 'ORVIETO',"These camel leather ankle boots offer durable support and a classic fit for daily wear. The quality leather requires periodic conditioning to maintain its rich colour. They provide an understated, robust option for the colder months.",New Balance,women,Ankle boots,Shoes|Ankle boots,camel,Leather,false,106.25,125.00,15,true,3.7,405,36|37|38|39|40|41,https://pub-2e4a163f7e1b4ee49c544ba33966ad8e.r2.dev/catalog/ay-000490-1.jpg,"Ankle Boots 'ORVIETO' New Balance Ankle boots These camel leather ankle boots offer durable support and a classic fit for daily wear. The quality leather requires periodic conditioning to maintain its rich colour. They provide an understated, robust option for the colder months."
ay-000491,Blouse 'UDINE',"This lilac satin blouse offers a smooth drape, ensuring comfortable and elegant wear. The satin material is known to retain its lustre and colour beautifully, providing reliable style season after season.",LASCANA,women,Blouses & tunics,Clothing|Blouses & tunics,lilac,Satin,false,87.49,124.99,30,false,4.7,77,XS|S|M|L|XL,https://pub-2e4a163f7e1b4ee49c544ba33966ad8e.r2.dev/catalog/ay-000491-1.jpg,"Blouse 'UDINE' LASCANA Blouses & tunics This lilac satin blouse offers a smooth drape, ensuring comfortable and elegant wear. The satin material is known to retain its lustre and colour beautifully, providing reliable style season after season."
ay-000492,Trousers 'SKAGEN',"Cotton poplin provides a lightweight and breathable feel ideal for everyday wear. These trousers, coloured emerald, offer a crisp fit and reliable comfort. They are constructed from durable cotton poplin, making them suitable for various smart casual occasions.",Lauren Ralph Lauren,women,Pants,Clothing|Pants,emerald,Cotton poplin,true,175.95,,,true,4.1,536,25|26|27|28|29|30|31,https://pub-2e4a163f7e1b4ee49c544ba33966ad8e.r2.dev/catalog/ay-000492-1.jpg,"Trousers 'SKAGEN' Lauren Ralph Lauren Pants Cotton poplin provides a lightweight and breathable feel ideal for everyday wear. These trousers, coloured emerald, offer a crisp fit and reliable comfort. They are constructed from durable cotton poplin, making them suitable for various smart casual occasions."
ay-000493,Midi Dress 'GRANADA',"This khaki cotton blend midi dress offers breathable comfort for daily wear. The fabric drapes easily and tends to age gracefully, developing a soft, lived-in patina over time.",VILA,women,Dresses,Clothing|Dresses,khaki,Cotton blend,false,50.93,67.90,25,false,4.2,156,XS|S|M|L|XL,https://pub-2e4a163f7e1b4ee49c544ba33966ad8e.r2.dev/catalog/ay-000493-1.jpg,"Midi Dress 'GRANADA' VILA Dresses This khaki cotton blend midi dress offers breathable comfort for daily wear. The fabric drapes easily and tends to age gracefully, developing a soft, lived-in patina over time."
ay-000494,Running Shoes 'LUGANO',"Synthetic material provides a lightweight, supportive feel for sustained running. These mocha-coloured running shoes offer dependable comfort and durability. They are suitable for varied urban and trail terrain.",Tamaris,men,Running shoes,Sportswear|Running shoes,mocha,Synthetic,false,69.50,138.99,50,true,3.7,429,41|42|43|44|45,https://pub-2e4a163f7e1b4ee49c544ba33966ad8e.r2.dev/catalog/ay-000494-1.jpg,"Running Shoes 'LUGANO' Tamaris Running shoes Synthetic material provides a lightweight, supportive feel for sustained running. These mocha-coloured running shoes offer dependable comfort and durability. They are suitable for varied urban and trail terrain."
ay-000495,Scarf 'GRASSE',"This navy scarf is constructed from sturdy brass material. It possesses a moderate weight, comparable to a standard hand towel. This accessory offers a solid structure for use around the neck or shoulders.",bugatti,women,Scarves & wraps,Accessories|Scarves & wraps,navy,Brass,false,99.00,132.00,25,true,4.2,626,ONE SIZE,https://pub-2e4a163f7e1b4ee49c544ba33966ad8e.r2.dev/catalog/ay-000495-1.jpg,"Scarf 'GRASSE' bugatti Scarves & wraps This navy scarf is constructed from sturdy brass material. It possesses a moderate weight, comparable to a standard hand towel. This accessory offers a solid structure for use around the neck or shoulders."
ay-000496,Shoulder Bag 'SELBY',"Grey, a versatile shade complementing any wardrobe, offers a sophisticated look. This structured shoulder bag is constructed from durable Saffiano leather. It features practical compartments and reliable hardware, making it an ideal everyday bag.",Copenhagen Studios,women,Shoulder bags,Accessories|Bags & backpacks|Bags|Shoulder bags,grey,Saffiano leather,true,240.00,,,true,4.4,57,ONE SIZE,https://pub-2e4a163f7e1b4ee49c544ba33966ad8e.r2.dev/catalog/ay-000496-1.jpg,"Shoulder Bag 'SELBY' Copenhagen Studios Shoulder bags Grey, a versatile shade complementing any wardrobe, offers a sophisticated look. This structured shoulder bag is constructed from durable Saffiano leather. It features practical compartments and reliable hardware, making it an ideal everyday bag."
ay-000497,Sneakers 'MEDINA',These khaki leather sneakers provide dependable comfort for general wear. The shoes are constructed from durable leather and are only slightly heavier than a standard paperback novel. They offer a versatile foundation for casual daily outfits.,Polo Ralph Lauren,men,Sneakers,Shoes|Sneakers,khaki,Leather,true,347.95,,,true,,,41|42|43|44|45,https://pub-2e4a163f7e1b4ee49c544ba33966ad8e.r2.dev/catalog/ay-000497-1.jpg,Sneakers 'MEDINA' Polo Ralph Lauren Sneakers These khaki leather sneakers provide dependable comfort for general wear. The shoes are constructed from durable leather and are only slightly heavier than a standard paperback novel. They offer a versatile foundation for casual daily outfits.
ay-000498,Running Shoes 'MANTUA',Synthetic construction offers a lightweight feel for continuous running. These white shoes provide reliable support and cushioning for daily training runs. They are engineered for stable and consistent performance.,BOSS,women,Running shoes,Sportswear|Running shoes,white,Synthetic,true,347.99,,,true,4.1,461,36|37|38|39|40|41,https://pub-2e4a163f7e1b4ee49c544ba33966ad8e.r2.dev/catalog/ay-000498-1.jpg,Running Shoes 'MANTUA' BOSS Running shoes Synthetic construction offers a lightweight feel for continuous running. These white shoes provide reliable support and cushioning for daily training runs. They are engineered for stable and consistent performance.
ay-000499,Blouse 'VIGO',"This viscose blouse is offered in a neutral taupe shade, providing versatile styling. The lightweight fabric feels as airy as a tissue, ensuring comfortable movement throughout the day.",Lauren Ralph Lauren,women,Blouses & tunics,Clothing|Blouses & tunics,taupe,Viscose,true,327.00,,,true,3.8,484,XS|S|M|L|XL,https://pub-2e4a163f7e1b4ee49c544ba33966ad8e.r2.dev/catalog/ay-000499-1.jpg,"Blouse 'VIGO' Lauren Ralph Lauren Blouses & tunics This viscose blouse is offered in a neutral taupe shade, providing versatile styling. The lightweight fabric feels as airy as a tissue, ensuring comfortable movement throughout the day."
ay-000500,Document Bag 'HAMAR',This polyester briefcase features a professional cognac finish. It includes a padded sleeve for a 15-inch laptop and dedicated compartments for documents. Ideal for the daily commuter journey.,HUGO,women,Business & laptop bags,Accessories|Bags & backpacks|Bags|Business & laptop bags,cognac,Polyester,false,56.87,66.90,15,true,3.9,517,ONE SIZE,https://pub-2e4a163f7e1b4ee49c544ba33966ad8e.r2.dev/catalog/ay-000500-1.jpg,Document Bag 'HAMAR' HUGO Business & laptop bags This polyester briefcase features a professional cognac finish. It includes a padded sleeve for a 15-inch laptop and dedicated compartments for documents. Ideal for the daily commuter journey.
ay-000501,Skirt 'SIENA',The wool blend offers a soft and breathable feel. This skirt is presented in a versatile sage shade and features a comfortable fit. It provides reliable quality suitable for daily wear.,Copenhagen Studios,women,Skirts,Clothing|Skirts,sage,Wool blend,true,308.00,,,true,3.6,114,XS|S|M|L|XL,https://pub-2e4a163f7e1b4ee49c544ba33966ad8e.r2.dev/catalog/ay-000501-1.jpg,Skirt 'SIENA' Copenhagen Studios Skirts The wool blend offers a soft and breathable feel. This skirt is presented in a versatile sage shade and features a comfortable fit. It provides reliable quality suitable for daily wear.
ay-000502,Sports Top 'ZAMORA',"This taupe sports top, made from breathable Organic cotton, offers comfortable support during demanding workouts. The light fabric makes it ideal for long runs or steady gym sessions.",NA-KD,men,Sports tops,Sportswear|Sports tops,taupe,Organic cotton,false,120.90,,,true,4.4,32,XS|S|M|L|XL,https://pub-2e4a163f7e1b4ee49c544ba33966ad8e.r2.dev/catalog/ay-000502-1.jpg,"Sports Top 'ZAMORA' NA-KD Sports tops This taupe sports top, made from breathable Organic cotton, offers comfortable support during demanding workouts. The light fabric makes it ideal for long runs or steady gym sessions."
ay-000503,Briefcase 'EPSOM',"This burgundy cotton canvas briefcase includes a padded sleeve and dedicated laptop compartment for professional use. Designed for the commuter, it holds documents up to 15 inches. The robust canvas develops a unique patina, enhancing its character with age.",Camel Active,men,Business & laptop bags,Accessories|Bags & backpacks|Bags|Business & laptop bags,burgundy,Cotton canvas,false,75.57,125.95,40,true,3.7,322,ONE SIZE,https://pub-2e4a163f7e1b4ee49c544ba33966ad8e.r2.dev/catalog/ay-000503-1.jpg,"Briefcase 'EPSOM' Camel Active Business & laptop bags This burgundy cotton canvas briefcase includes a padded sleeve and dedicated laptop compartment for professional use. Designed for the commuter, it holds documents up to 15 inches. The robust canvas develops a unique patina, enhancing its character with age."
ay-000504,Pants 'PARMA',These olive wool blend trousers offer reliable comfort and a smart fit. The fabric weight is comparable to a medium-gauge knit jumper. They provide consistent durability suitable for both professional and casual daily wear.,VERO MODA,women,Pants,Clothing|Pants,olive,Wool blend,false,71.90,,,false,,,25|26|27|28|29|30|31,https://pub-2e4a163f7e1b4ee49c544ba33966ad8e.r2.dev/catalog/ay-000504-1.jpg,Pants 'PARMA' VERO MODA Pants These olive wool blend trousers offer reliable comfort and a smart fit. The fabric weight is comparable to a medium-gauge knit jumper. They provide consistent durability suitable for both professional and casual daily wear.
ay-000505,T-Shirt 'TORINO',"Anthracite pairs easily with any wardrobe staple. This t-shirt features an Alpaca blend, providing noticeable softness and excellent drape. It offers a comfortable fit suitable for everyday wear.",Polo Ralph Lauren,kids,Tops,Clothing|Tops,anthracite,Alpaca blend,true,29.00,57.99,50,true,4.9,363,110|116|122|128,https://pub-2e4a163f7e1b4ee49c544ba33966ad8e.r2.dev/catalog/ay-000505-1.jpg,"T-Shirt 'TORINO' Polo Ralph Lauren Tops Anthracite pairs easily with any wardrobe staple. This t-shirt features an Alpaca blend, providing noticeable softness and excellent drape. It offers a comfortable fit suitable for everyday wear."
ay-000506,Sunglasses 'NORDEN',"When wearing them for daytime outings, these sunglasses feature a striking bordeaux shade and are constructed from Silk material. They provide reliable UV protection while offering a refined aesthetic. This pair is suitable for general use and complements various outfits.",BOSS,men,Sunglasses,Accessories|Sunglasses,bordeaux,Silk,true,118.11,138.95,15,true,4.6,451,ONE SIZE,https://pub-2e4a163f7e1b4ee49c544ba33966ad8e.r2.dev/catalog/ay-000506-1.jpg,"Sunglasses 'NORDEN' BOSS Sunglasses When wearing them for daytime outings, these sunglasses feature a striking bordeaux shade and are constructed from Silk material. They provide reliable UV protection while offering a refined aesthetic. This pair is suitable for general use and complements various outfits."
ay-000507,Daypack 'DURHAM',This chocolate daypack provides substantial storage for daily essentials. Its durable construction makes it a reliable bag for university or daily commute use. It is designed to carry books and supplies securely.,NU-IN,women,Backpacks,Accessories|Bags & backpacks|Bags|Backpacks,chocolate,,false,42.98,85.95,50,true,4.7,243,ONE SIZE,https://pub-2e4a163f7e1b4ee49c544ba33966ad8e.r2.dev/catalog/ay-000507-1.jpg,Daypack 'DURHAM' NU-IN Backpacks This chocolate daypack provides substantial storage for daily essentials. Its durable construction makes it a reliable bag for university or daily commute use. It is designed to carry books and supplies securely.
ay-000508,Hoodie 'EIGER',"This hoodie is constructed from breathable cotton and is available in a versatile sand colour. It is a lightweight garment, feeling comparable to a thick beach towel, making it ideal for daily comfort.",JDY,men,Hoodies,Clothing|Hoodies,sand,Cotton,false,51.90,,,true,4.4,112,XS|S|M|L|XL,https://pub-2e4a163f7e1b4ee49c544ba33966ad8e.r2.dev/catalog/ay-000508-1.jpg,"Hoodie 'EIGER' JDY Hoodies This hoodie is constructed from breathable cotton and is available in a versatile sand colour. It is a lightweight garment, feeling comparable to a thick beach towel, making it ideal for daily comfort."
ay-000509,Top 'DORSET',"Featuring a simple button placket, this comfortable top is constructed from a durable cotton blend. The solid brown colourway provides versatility for pairing with various items. This reliable garment is suitable for everyday wear.",s.Oliver,women,Tops,Clothing|Tops,brown,Cotton blend,false,18.00,35.99,50,false,4.1,577,XS|S|M|L|XL,https://pub-2e4a163f7e1b4ee49c544ba33966ad8e.r2.dev/catalog/ay-000509-1.jpg,"Top 'DORSET' s.Oliver Tops Featuring a simple button placket, this comfortable top is constructed from a durable cotton blend. The solid brown colourway provides versatility for pairing with various items. This reliable garment is suitable for everyday wear."
ay-000510,Coat 'KOTOR',"This coat is constructed from durable Merino wool in a classic camel shade. It offers significant warmth without the bulk of a winter parka. The wool is lightweight, feeling only slightly heavier than a standard blazer.",ONLY,kids,Coats,Clothing|Coats,camel,Merino wool,false,127.46,149.95,15,true,4.6,331,110|116|122|128,https://pub-2e4a163f7e1b4ee49c544ba33966ad8e.r2.dev/catalog/ay-000510-1.jpg,"Coat 'KOTOR' ONLY Coats This coat is constructed from durable Merino wool in a classic camel shade. It offers significant warmth without the bulk of a winter parka. The wool is lightweight, feeling only slightly heavier than a standard blazer."
ay-000511,Hoodie 'OAKLEY',"Anthracite organic cotton provides a breathable and comfortable fit. Constructed from soft organic cotton, this hoodie is designed for everyday wear. It weighs approximately the same as a standard beach towel.",Polo Ralph Lauren,women,Hoodies,Clothing|Hoodies,anthracite,Organic cotton,true,330.90,,,true,4.1,252,XS|S|M|L|XL,https://pub-2e4a163f7e1b4ee49c544ba33966ad8e.r2.dev/catalog/ay-000511-1.jpg,"Hoodie 'OAKLEY' Polo Ralph Lauren Hoodies Anthracite organic cotton provides a breathable and comfortable fit. Constructed from soft organic cotton, this hoodie is designed for everyday wear. It weighs approximately the same as a standard beach towel."
ay-000512,Backpack 'SALERNO',"This black polyester backpack is a durable and functional option for daily carry. It offers ample storage capacity in a straightforward design, though the material requires careful cleaning to maintain its appearance. This reliable bag is suitable for everyday use.",Liebeskind Berlin,women,Backpacks,Accessories|Bags & backpacks|Bags|Backpacks,black,Polyester,false,109.56,128.90,15,true,4.0,236,ONE SIZE,https://pub-2e4a163f7e1b4ee49c544ba33966ad8e.r2.dev/catalog/ay-000512-1.jpg,"Backpack 'SALERNO' Liebeskind Berlin Backpacks This black polyester backpack is a durable and functional option for daily carry. It offers ample storage capacity in a straightforward design, though the material requires careful cleaning to maintain its appearance. This reliable bag is suitable for everyday use."
ay-000513,Trousers 'ELBA',"These cotton blend trousers are presented in a deep cognac colour. They are designed for consistent comfort, and the material will soften and develop character with regular wear. An essential addition to a smart casual wardrobe.",NA-KD,men,Pants,Clothing|Pants,cognac,Cotton blend,false,91.63,130.90,30,true,3.8,246,29|30|31|32|33|34|36,https://pub-2e4a163f7e1b4ee49c544ba33966ad8e.r2.dev/catalog/ay-000513-1.jpg,"Trousers 'ELBA' NA-KD Pants These cotton blend trousers are presented in a deep cognac colour. They are designed for consistent comfort, and the material will soften and develop character with regular wear. An essential addition to a smart casual wardrobe."
ay-000514,Laptop Backpack 'PIACENZA',Cognac leather pairs well with professional attire. This backpack features a padded 15-inch laptop compartment and ample space for documents. It is designed for the commuter requiring a reliable alternative to a traditional briefcase.,bugatti,men,Business & laptop bags,Accessories|Bags & backpacks|Bags|Business & laptop bags,cognac,,false,166.40,208.00,20,true,4.7,423,ONE SIZE,https://pub-2e4a163f7e1b4ee49c544ba33966ad8e.r2.dev/catalog/ay-000514-1.jpg,Laptop Backpack 'PIACENZA' bugatti Business & laptop bags Cognac leather pairs well with professional attire. This backpack features a padded 15-inch laptop compartment and ample space for documents. It is designed for the commuter requiring a reliable alternative to a traditional briefcase.
ay-000515,Sandals 'WINDSOR',"These sandals feature a chocolate hue and are constructed from durable recycled mesh. They are notably lightweight, feeling roughly as light as a paperback book. They offer reliable support for regular, comfortable wear.",Marco Tozzi,men,Sandals,Shoes|Sandals,chocolate,Recycled mesh,false,108.00,,,true,,,41|42|43|44|45,https://pub-2e4a163f7e1b4ee49c544ba33966ad8e.r2.dev/catalog/ay-000515-1.jpg,"Sandals 'WINDSOR' Marco Tozzi Sandals These sandals feature a chocolate hue and are constructed from durable recycled mesh. They are notably lightweight, feeling roughly as light as a paperback book. They offer reliable support for regular, comfortable wear."
ay-000516,T-Shirt 'LUMEN',"This simple grey t-shirt offers comfortable everyday wear. Constructed from a breathable cotton blend, it feels as light as a standard tea towel. Its relaxed fit makes it suitable for general casual activities.",ONLY,women,Tops,Clothing|Tops,grey,,false,13.59,15.99,15,true,4.7,94,XS|S|M|L|XL,https://pub-2e4a163f7e1b4ee49c544ba33966ad8e.r2.dev/catalog/ay-000516-1.jpg,"T-Shirt 'LUMEN' ONLY Tops This simple grey t-shirt offers comfortable everyday wear. Constructed from a breathable cotton blend, it feels as light as a standard tea towel. Its relaxed fit makes it suitable for general casual activities."
ay-000517,Jeans 'LISMORE',"Denim offers a comfortable, lived-in feel with this pair of jeans. They feature a delicate lilac wash and are cut for a flattering, modern fit. These trousers are suitable for casual everyday wear.",PIECES,women,Jeans,Clothing|Jeans,lilac,Denim,false,77.99,,,true,4.5,547,25|26|27|28|29|30|31,https://pub-2e4a163f7e1b4ee49c544ba33966ad8e.r2.dev/catalog/ay-000517-1.jpg,"Jeans 'LISMORE' PIECES Jeans Denim offers a comfortable, lived-in feel with this pair of jeans. They feature a delicate lilac wash and are cut for a flattering, modern fit. These trousers are suitable for casual everyday wear."
ay-000518,Knit 'ARLES',Anthracite pairs well with darker trousers and denim. This comfortable cotton knit provides reliable warmth and simple style. The durable fabric makes it a practical addition to your casual wardrobe.,VERO MODA,women,Sweaters & knitwear,Clothing|Sweaters & knitwear,anthracite,Cotton,false,85.43,113.90,25,true,4.4,155,XS|S|M|L|XL,https://pub-2e4a163f7e1b4ee49c544ba33966ad8e.r2.dev/catalog/ay-000518-1.jpg,Knit 'ARLES' VERO MODA Sweaters & knitwear Anthracite pairs well with darker trousers and denim. This comfortable cotton knit provides reliable warmth and simple style. The durable fabric makes it a practical addition to your casual wardrobe.
ay-000519,Skirt 'KIRUNA',"The structured fit of this beige skirt, crafted from soft cotton poplin, offers comfortable wear. It is suitable for smart casual occasions, such as a day at the office or a weekend gathering.",Polo Ralph Lauren,women,Skirts,Clothing|Skirts,beige,Cotton poplin,true,237.60,297.00,20,true,3.6,357,XS|S|M|L|XL,https://pub-2e4a163f7e1b4ee49c544ba33966ad8e.r2.dev/catalog/ay-000519-1.jpg,"Skirt 'KIRUNA' Polo Ralph Lauren Skirts The structured fit of this beige skirt, crafted from soft cotton poplin, offers comfortable wear. It is suitable for smart casual occasions, such as a day at the office or a weekend gathering."
ay-000520,Crossbody Bag 'LERIDA',"This practical crossbody bag is made from durable navy coated canvas, providing reliable, structured wear. The design offers ample space for essentials. Note that the coated canvas material requires careful wiping to maintain its finish.",Lauren Ralph Lauren,women,Crossbody bags,Accessories|Bags & backpacks|Bags|Crossbody bags,navy,Coated canvas,true,186.95,,,true,4.7,73,ONE SIZE,https://pub-2e4a163f7e1b4ee49c544ba33966ad8e.r2.dev/catalog/ay-000520-1.jpg,"Crossbody Bag 'LERIDA' Lauren Ralph Lauren Crossbody bags This practical crossbody bag is made from durable navy coated canvas, providing reliable, structured wear. The design offers ample space for essentials. Note that the coated canvas material requires careful wiping to maintain its finish."
ay-000521,Leggings 'ZARAGOZA',These ecru cotton leggings offer comfortable support for all activities. The cotton material provides natural breathability and feels as lightweight as a newspaper. They are designed for everyday wear and superior flexibility.,American Vintage,women,Sports bottoms & leggings,Sportswear|Sports bottoms & leggings,ecru,Cotton,false,101.24,134.99,25,true,4.9,224,25|26|27|28|29|30|31,https://pub-2e4a163f7e1b4ee49c544ba33966ad8e.r2.dev/catalog/ay-000521-1.jpg,Leggings 'ZARAGOZA' American Vintage Sports bottoms & leggings These ecru cotton leggings offer comfortable support for all activities. The cotton material provides natural breathability and feels as lightweight as a newspaper. They are designed for everyday wear and superior flexibility.
ay-000522,Top 'ASTRA',"Suitable for everyday wear, this comfortable top provides simple, reliable style. Constructed from soft Organic cotton, the versatile brown shade pairs easily with various trousers or skirts for effortless daytime outfits.",JDY,women,Tops,Clothing|Tops,brown,Organic cotton,false,9.49,18.99,50,true,4.7,426,XS|S|M|L|XL,https://pub-2e4a163f7e1b4ee49c544ba33966ad8e.r2.dev/catalog/ay-000522-1.jpg,"Top 'ASTRA' JDY Tops Suitable for everyday wear, this comfortable top provides simple, reliable style. Constructed from soft Organic cotton, the versatile brown shade pairs easily with various trousers or skirts for effortless daytime outfits."
ay-000523,Scarf 'RUGBY',"Ideal for adding a subtle metallic accent, this scarf is constructed from stainless steel. Its delicate rose colour provides versatile style, making it suitable for complementing various outfits for daily wear.",bugatti,men,Scarves & wraps,Accessories|Scarves & wraps,rose,Stainless steel,false,100.99,,,true,4.4,181,ONE SIZE,https://pub-2e4a163f7e1b4ee49c544ba33966ad8e.r2.dev/catalog/ay-000523-1.jpg,"Scarf 'RUGBY' bugatti Scarves & wraps Ideal for adding a subtle metallic accent, this scarf is constructed from stainless steel. Its delicate rose colour provides versatile style, making it suitable for complementing various outfits for daily wear."
ay-000524,Trousers 'VISBY',"Featuring a structured waistband and button fastening, these smart trousers are constructed from an Alpaca blend. The rich cognac colour provides a versatile and highly comfortable fit suitable for professional wear.",MORE & MORE,women,Pants,Clothing|Pants,cognac,Alpaca blend,false,28.99,,,true,4.7,557,25|26|27|28|29|30|31,https://pub-2e4a163f7e1b4ee49c544ba33966ad8e.r2.dev/catalog/ay-000524-1.jpg,"Trousers 'VISBY' MORE & MORE Pants Featuring a structured waistband and button fastening, these smart trousers are constructed from an Alpaca blend. The rich cognac colour provides a versatile and highly comfortable fit suitable for professional wear."
ay-000525,Shoulder Bag 'UTRERA',This grey shoulder bag is crafted from durable Saffiano leather. Its structured design provides reliable storage and is ideal for daily office use. It maintains a professional appearance while carrying your essentials.,bugatti,women,Shoulder bags,Accessories|Bags & backpacks|Bags|Shoulder bags,grey,Saffiano leather,false,59.46,69.95,15,false,4.2,622,ONE SIZE,https://pub-2e4a163f7e1b4ee49c544ba33966ad8e.r2.dev/catalog/ay-000525-1.jpg,Shoulder Bag 'UTRERA' bugatti Shoulder bags This grey shoulder bag is crafted from durable Saffiano leather. Its structured design provides reliable storage and is ideal for daily office use. It maintains a professional appearance while carrying your essentials.
ay-000526,Skirt 'COMO',"This black cotton blend skirt offers a versatile fit suitable for daily wear. The material has a structured weight, similar to a thick picnic blanket, ensuring durability. It is designed to pair easily with various tops for an effortless seasonal look.",RÆRE by Lorena Rae,women,Skirts,Clothing|Skirts,black,Cotton blend,false,105.99,,,true,3.8,372,XS|S|M|L|XL,https://pub-2e4a163f7e1b4ee49c544ba33966ad8e.r2.dev/catalog/ay-000526-1.jpg,"Skirt 'COMO' RÆRE by Lorena Rae Skirts This black cotton blend skirt offers a versatile fit suitable for daily wear. The material has a structured weight, similar to a thick picnic blanket, ensuring durability. It is designed to pair easily with various tops for an effortless seasonal look."
ay-000527,Sports Shoes 'WALDEN',Anthracite leather shoes complement both casual and athletic outfits. These sports shoes feature genuine leather uppers and robust construction for comfort. They provide reliable support suitable for both daily wear and intense training sessions.,adidas Originals,men,Sports shoes,Shoes|Sports shoes,anthracite,Leather,false,103.19,128.99,20,true,4.8,200,41|42|43|44|45,https://pub-2e4a163f7e1b4ee49c544ba33966ad8e.r2.dev/catalog/ay-000527-1.jpg,Sports Shoes 'WALDEN' adidas Originals Sports shoes Anthracite leather shoes complement both casual and athletic outfits. These sports shoes feature genuine leather uppers and robust construction for comfort. They provide reliable support suitable for both daily wear and intense training sessions.
ay-000528,Blazer 'NORDEN',"For smart occasions, this blazer offers a refined and breathable look. Constructed from lightweight cotton poplin, the blazer is rendered in a versatile cream shade. It is suitable for both professional environments and casual weekend wear.",s.Oliver,men,Blazers,Clothing|Blazers,cream,Cotton poplin,false,17.59,21.99,20,true,3.6,66,XS|S|M|L|XL,https://pub-2e4a163f7e1b4ee49c544ba33966ad8e.r2.dev/catalog/ay-000528-1.jpg,"Blazer 'NORDEN' s.Oliver Blazers For smart occasions, this blazer offers a refined and breathable look. Constructed from lightweight cotton poplin, the blazer is rendered in a versatile cream shade. It is suitable for both professional environments and casual weekend wear."
ay-000529,Running Shoes 'SOLNA',"Leather provides a supple fit and durable support for consistent running. These sage shoes feature genuine leather uppers, offering reliability and a classic appearance. They are designed for stable performance across varied running surfaces.",New Balance,kids,Running shoes,Sportswear|Running shoes,sage,Leather,false,37.00,,,true,4.3,450,30|31|32|33|34,https://pub-2e4a163f7e1b4ee49c544ba33966ad8e.r2.dev/catalog/ay-000529-1.jpg,"Running Shoes 'SOLNA' New Balance Running shoes Leather provides a supple fit and durable support for consistent running. These sage shoes feature genuine leather uppers, offering reliability and a classic appearance. They are designed for stable performance across varied running surfaces."
ay-000530,Commuter Bag 'LEIRIA',"This mocha coated canvas commuter bag features a dedicated 15-inch padded sleeve and ample document storage. It functions as a structured briefcase, suitable for transport to meetings or professional settings. The durable design keeps essential equipment organised for daily commuting.",Calvin Klein,men,Business & laptop bags,Accessories|Bags & backpacks|Bags|Business & laptop bags,mocha,Coated canvas,false,90.57,150.95,40,true,4.8,189,ONE SIZE,https://pub-2e4a163f7e1b4ee49c544ba33966ad8e.r2.dev/catalog/ay-000530-1.jpg,"Commuter Bag 'LEIRIA' Calvin Klein Business & laptop bags This mocha coated canvas commuter bag features a dedicated 15-inch padded sleeve and ample document storage. It functions as a structured briefcase, suitable for transport to meetings or professional settings. The durable design keeps essential equipment organised for daily commuting."
ay-000531,Tunic 'NARVIK',"For smart casual occasions, this tunic offers simple, refined style. Constructed from breathable cotton poplin, the garment features a warm cognac hue. Its comfortable, relaxed fit makes it suitable for everyday wear.",MORE & MORE,women,Blouses & tunics,Clothing|Blouses & tunics,cognac,Cotton poplin,false,70.90,,,true,4.4,580,XS|S|M|L|XL,https://pub-2e4a163f7e1b4ee49c544ba33966ad8e.r2.dev/catalog/ay-000531-1.jpg,"Tunic 'NARVIK' MORE & MORE Blouses & tunics For smart casual occasions, this tunic offers simple, refined style. Constructed from breathable cotton poplin, the garment features a warm cognac hue. Its comfortable, relaxed fit makes it suitable for everyday wear."
ay-000532,Backpack 'RIMINI',This mocha nylon backpack provides durable storage for daily use. The robust nylon construction means the bag retains its shape while developing a pleasing patina over time. It is a practical and reliable carry solution.,Calvin Klein,women,Backpacks,Accessories|Bags & backpacks|Bags|Backpacks,mocha,Nylon,false,53.54,62.99,15,true,4.7,390,ONE SIZE,https://pub-2e4a163f7e1b4ee49c544ba33966ad8e.r2.dev/catalog/ay-000532-1.jpg,Backpack 'RIMINI' Calvin Klein Backpacks This mocha nylon backpack provides durable storage for daily use. The robust nylon construction means the bag retains its shape while developing a pleasing patina over time. It is a practical and reliable carry solution.
ay-000533,Bum Bag 'ZARAGOZA',"This burgundy bum bag is constructed from durable faux leather, providing a structured accessory for day use. It features multiple compartments suitable for daily essentials, though the faux leather may require occasional conditioning. This practical bag offers reliable storage capacity.",Tommy Hilfiger,men,Bum bags,Accessories|Bags & backpacks|Bags|Bum bags,burgundy,Faux leather,false,54.99,,,true,,,ONE SIZE,https://pub-2e4a163f7e1b4ee49c544ba33966ad8e.r2.dev/catalog/ay-000533-1.jpg,"Bum Bag 'ZARAGOZA' Tommy Hilfiger Bum bags This burgundy bum bag is constructed from durable faux leather, providing a structured accessory for day use. It features multiple compartments suitable for daily essentials, though the faux leather may require occasional conditioning. This practical bag offers reliable storage capacity."
ay-000534,Leggings 'BRECON',These bordeaux Crepe leggings offer comfortable coverage for physical activity. The breathable material provides excellent stretch and structure through movement. Please ensure they are washed on a gentle cycle to maintain their shape.,ONLY,men,Sports bottoms & leggings,Sportswear|Sports bottoms & leggings,bordeaux,Crepe,false,39.20,56.00,30,true,4.0,612,29|30|31|32|33|34|36,https://pub-2e4a163f7e1b4ee49c544ba33966ad8e.r2.dev/catalog/ay-000534-1.jpg,Leggings 'BRECON' ONLY Sports bottoms & leggings These bordeaux Crepe leggings offer comfortable coverage for physical activity. The breathable material provides excellent stretch and structure through movement. Please ensure they are washed on a gentle cycle to maintain their shape.
ay-000535,Jeans 'ATRANI',"The button fly fastens easily, giving a clean look. These jeans are constructed from a breathable cotton blend and feature a versatile camel colour. They offer comfortable wear suitable for everyday casual use.",LASCANA,men,Jeans,Clothing|Jeans,camel,Cotton blend,false,39.95,,,true,4.1,102,29|30|31|32|33|34|36,https://pub-2e4a163f7e1b4ee49c544ba33966ad8e.r2.dev/catalog/ay-000535-1.jpg,"Jeans 'ATRANI' LASCANA Jeans The button fly fastens easily, giving a clean look. These jeans are constructed from a breathable cotton blend and feature a versatile camel colour. They offer comfortable wear suitable for everyday casual use."
ay-000536,Hoodie 'ORVIETO',"For casual days or weekend wear, this grey hoodie provides comfortable coverage. Made from durable cotton, it is a practical and simple garment suitable for everyday use. It features an adjustable hood and a standard drawstring closure.",ONLY,women,Hoodies,Clothing|Hoodies,grey,Cotton,false,71.31,83.90,15,true,3.8,516,XS|S|M|L|XL,https://pub-2e4a163f7e1b4ee49c544ba33966ad8e.r2.dev/catalog/ay-000536-1.jpg,"Hoodie 'ORVIETO' ONLY Hoodies For casual days or weekend wear, this grey hoodie provides comfortable coverage. Made from durable cotton, it is a practical and simple garment suitable for everyday use. It features an adjustable hood and a standard drawstring closure."
ay-000537,Laptop Sleeve 'CHESTER',"The secure magnetic clasp fastens this durable laptop sleeve. Constructed from camel Nubuck, it features a padded compartment suitable for a 15-inch laptop and accompanying documents. Ideal for the commuter carrying professional equipment or utilizing a briefcase.",BOSS,men,Business & laptop bags,Accessories|Bags & backpacks|Bags|Business & laptop bags,camel,Nubuck,true,456.95,,,true,4.8,453,ONE SIZE,https://pub-2e4a163f7e1b4ee49c544ba33966ad8e.r2.dev/catalog/ay-000537-1.jpg,"Laptop Sleeve 'CHESTER' BOSS Business & laptop bags The secure magnetic clasp fastens this durable laptop sleeve. Constructed from camel Nubuck, it features a padded compartment suitable for a 15-inch laptop and accompanying documents. Ideal for the commuter carrying professional equipment or utilizing a briefcase."
ay-000538,Jacket 'IBIZA',"The smooth white satin jacket provides a striking appearance. It is constructed from satin material, offering a lustrous finish. Note that due to the delicate nature of the fabric, careful dry cleaning is advised.",LASCANA,men,Jackets,Clothing|Jackets,white,Satin,false,107.90,,,true,4.8,523,XS|S|M|L|XL,https://pub-2e4a163f7e1b4ee49c544ba33966ad8e.r2.dev/catalog/ay-000538-1.jpg,"Jacket 'IBIZA' LASCANA Jackets The smooth white satin jacket provides a striking appearance. It is constructed from satin material, offering a lustrous finish. Note that due to the delicate nature of the fabric, careful dry cleaning is advised."
ay-000539,Shoulder Bag 'GHENT',"Suede offers a soft, tactile feel, making this lilac shoulder bag a comfortable daily accessory. This structured bag features a classic design and is suitable for both daytime errands and evening wear.",Tommy Hilfiger,men,Shoulder bags,Accessories|Bags & backpacks|Bags|Shoulder bags,lilac,Suede,false,111.74,148.99,25,false,4.2,296,ONE SIZE,https://pub-2e4a163f7e1b4ee49c544ba33966ad8e.r2.dev/catalog/ay-000539-1.jpg,"Shoulder Bag 'GHENT' Tommy Hilfiger Shoulder bags Suede offers a soft, tactile feel, making this lilac shoulder bag a comfortable daily accessory. This structured bag features a classic design and is suitable for both daytime errands and evening wear."
ay-000540,Midi Dress 'ESSEN',"Linen offers a breathable and comfortable feel. This midi dress features a delicate lilac hue, making it suitable for warm weather occasions. The relaxed fit provides effortless style and comfort for daily wear.",VERO MODA,women,Dresses,Clothing|Dresses,lilac,Linen,false,71.12,88.90,20,true,4.1,289,XS|S|M|L|XL,https://pub-2e4a163f7e1b4ee49c544ba33966ad8e.r2.dev/catalog/ay-000540-1.jpg,"Midi Dress 'ESSEN' VERO MODA Dresses Linen offers a breathable and comfortable feel. This midi dress features a delicate lilac hue, making it suitable for warm weather occasions. The relaxed fit provides effortless style and comfort for daily wear."
ay-000541,Sandals 'TAVIRA',"These sandals are constructed from durable mocha recycled mesh, offering breathable comfort for daily wear. Note that they require careful cleaning using mild soap to ensure the longevity of the material.",adidas Originals,women,Sandals,Shoes|Sandals,mocha,Recycled mesh,false,53.46,62.90,15,true,3.9,88,36|37|38|39|40|41,https://pub-2e4a163f7e1b4ee49c544ba33966ad8e.r2.dev/catalog/ay-000541-1.jpg,"Sandals 'TAVIRA' adidas Originals Sandals These sandals are constructed from durable mocha recycled mesh, offering breathable comfort for daily wear. Note that they require careful cleaning using mild soap to ensure the longevity of the material."
ay-000542,T-Shirt 'DIJON',"Beige pairs easily with any colour palette in your wardrobe. This t-shirt is constructed from breathable viscose, providing comfort and a relaxed fit. It is designed for everyday use and simple layering.",RÆRE by Lorena Rae,women,Tops,Clothing|Tops,beige,Viscose,false,35.69,41.99,15,true,4.4,181,XS|S|M|L|XL,https://pub-2e4a163f7e1b4ee49c544ba33966ad8e.r2.dev/catalog/ay-000542-1.jpg,"T-Shirt 'DIJON' RÆRE by Lorena Rae Tops Beige pairs easily with any colour palette in your wardrobe. This t-shirt is constructed from breathable viscose, providing comfort and a relaxed fit. It is designed for everyday use and simple layering."
ay-000543,Dress 'BRIGHTON',"Sand, this linen dress pairs well with various seasonal pieces. Constructed from breathable linen, this lightweight garment offers comfort suitable for day wear. The simple, unfussy cut makes it an easy staple for any wardrobe.",VILA,women,Dresses,Clothing|Dresses,sand,Linen,false,66.95,,,false,4.5,93,XS|S|M|L|XL,https://pub-2e4a163f7e1b4ee49c544ba33966ad8e.r2.dev/catalog/ay-000543-1.jpg,"Dress 'BRIGHTON' VILA Dresses Sand, this linen dress pairs well with various seasonal pieces. Constructed from breathable linen, this lightweight garment offers comfort suitable for day wear. The simple, unfussy cut makes it an easy staple for any wardrobe."
ay-000544,Sports Top 'UDINE',This Merino wool sports top provides reliable performance across demanding athletic activities. Its comfortable fit and durable design are ideal for cool weather training. The deep cognac colour adds versatility to your training wardrobe.,JDY,women,Sports tops,Sportswear|Sports tops,cognac,Merino wool,false,62.90,,,true,4.7,282,XS|S|M|L|XL,https://pub-2e4a163f7e1b4ee49c544ba33966ad8e.r2.dev/catalog/ay-000544-1.jpg,Sports Top 'UDINE' JDY Sports tops This Merino wool sports top provides reliable performance across demanding athletic activities. Its comfortable fit and durable design are ideal for cool weather training. The deep cognac colour adds versatility to your training wardrobe.
ay-000545,Sunglasses 'TORINO',"These sunglasses feature a durable stainless steel frame in a deep burgundy shade. The material is robust and maintains its appearance well, only developing a subtle patina with prolonged exposure to various weather conditions.",Coccinelle,men,Sunglasses,Accessories|Sunglasses,burgundy,Stainless steel,false,38.95,,,true,4.0,572,ONE SIZE,https://pub-2e4a163f7e1b4ee49c544ba33966ad8e.r2.dev/catalog/ay-000545-1.jpg,"Sunglasses 'TORINO' Coccinelle Sunglasses These sunglasses feature a durable stainless steel frame in a deep burgundy shade. The material is robust and maintains its appearance well, only developing a subtle patina with prolonged exposure to various weather conditions."
ay-000546,Slip-Ons 'DELFT',"These slip-ons feature a simple, unfastened design. Constructed entirely from breathable recycled mesh, they offer comfortable wear. The deep burgundy colour provides a versatile and durable option for daily use.",adidas Originals,men,Slip-ons,Shoes|Slip-ons,burgundy,Recycled mesh,false,79.92,99.90,20,true,3.9,300,41|42|43|44|45,https://pub-2e4a163f7e1b4ee49c544ba33966ad8e.r2.dev/catalog/ay-000546-1.jpg,"Slip-Ons 'DELFT' adidas Originals Slip-ons These slip-ons feature a simple, unfastened design. Constructed entirely from breathable recycled mesh, they offer comfortable wear. The deep burgundy colour provides a versatile and durable option for daily use."
ay-000547,Tunic 'GALWAY',This taupe Merino wool tunic provides lightweight warmth and natural breathability. The durable Merino fibres are designed to soften and develop a comfortable drape over time. It is a versatile staple for effortless everyday dressing.,American Vintage,women,Blouses & tunics,Clothing|Blouses & tunics,taupe,Merino wool,false,126.99,,,true,3.7,553,XS|S|M|L|XL,https://pub-2e4a163f7e1b4ee49c544ba33966ad8e.r2.dev/catalog/ay-000547-1.jpg,Tunic 'GALWAY' American Vintage Blouses & tunics This taupe Merino wool tunic provides lightweight warmth and natural breathability. The durable Merino fibres are designed to soften and develop a comfortable drape over time. It is a versatile staple for effortless everyday dressing.
ay-000548,Jeans 'QUIMPER',These standard-fit jeans are constructed from durable grey Denim. They provide reliable daily wear suitable for casual occasions. Note that occasional dry cleaning is recommended to maintain the colour saturation.,ONLY,men,Jeans,Clothing|Jeans,grey,Denim,false,98.36,122.95,20,true,4.0,510,29|30|31|32|33|34|36,https://pub-2e4a163f7e1b4ee49c544ba33966ad8e.r2.dev/catalog/ay-000548-1.jpg,Jeans 'QUIMPER' ONLY Jeans These standard-fit jeans are constructed from durable grey Denim. They provide reliable daily wear suitable for casual occasions. Note that occasional dry cleaning is recommended to maintain the colour saturation.
ay-000549,Shorts 'ASTRA',These ecru chiffon shorts offer lightweight coverage suitable for various athletic activities. The breathable chiffon material maintains its shape through regular washing and tends to soften slightly with extended use.,BOSS,women,Sports bottoms & leggings,Sportswear|Sports bottoms & leggings,ecru,Chiffon,true,177.03,252.90,30,true,4.4,374,25|26|27|28|29|30|31,https://pub-2e4a163f7e1b4ee49c544ba33966ad8e.r2.dev/catalog/ay-000549-1.jpg,Shorts 'ASTRA' BOSS Sports bottoms & leggings These ecru chiffon shorts offer lightweight coverage suitable for various athletic activities. The breathable chiffon material maintains its shape through regular washing and tends to soften slightly with extended use.
ay-000550,Boots 'BALTIC',"Taupe canvas boots pair easily with any autumn ensemble. Constructed from durable canvas, these boots offer reliable support and a classic silhouette. They are designed for everyday wear in both urban and rural settings.",BOSS,men,Boots,Shoes|Boots,taupe,Canvas,true,204.00,,,true,4.2,284,41|42|43|44|45,https://pub-2e4a163f7e1b4ee49c544ba33966ad8e.r2.dev/catalog/ay-000550-1.jpg,"Boots 'BALTIC' BOSS Boots Taupe canvas boots pair easily with any autumn ensemble. Constructed from durable canvas, these boots offer reliable support and a classic silhouette. They are designed for everyday wear in both urban and rural settings."
ay-000551,Pants 'FOLKE',"These beige trousers provide a dependable, tailored fit suitable for diverse occasions. They are constructed from a mid-weight material, feeling approximately as substantial as a standard picnic blanket.",ONLY,women,Pants,Clothing|Pants,beige,,false,90.68,120.90,25,true,3.6,152,25|26|27|28|29|30|31,https://pub-2e4a163f7e1b4ee49c544ba33966ad8e.r2.dev/catalog/ay-000551-1.jpg,"Pants 'FOLKE' ONLY Pants These beige trousers provide a dependable, tailored fit suitable for diverse occasions. They are constructed from a mid-weight material, feeling approximately as substantial as a standard picnic blanket."
ay-000552,Ankle Boots 'LUMEN',Mesh provides a breathable texture that adapts comfortably around the ankle. These taupe ankle boots feature an open weave design and a lightweight construction. They offer a versatile and stylish option for daily wear.,Polo Ralph Lauren,women,Ankle boots,Shoes|Ankle boots,taupe,Mesh,true,169.47,338.95,50,true,3.9,545,36|37|38|39|40|41,https://pub-2e4a163f7e1b4ee49c544ba33966ad8e.r2.dev/catalog/ay-000552-1.jpg,Ankle Boots 'LUMEN' Polo Ralph Lauren Ankle boots Mesh provides a breathable texture that adapts comfortably around the ankle. These taupe ankle boots feature an open weave design and a lightweight construction. They offer a versatile and stylish option for daily wear.
ay-000553,Trainers 'MANTUA',"These trainers feature a durable canvas upper in a neutral ecru colour. Weighing approximately the same as a paperback novel, they provide comfortable support. They are designed for straightforward, casual, everyday wear.",Birkenstock,women,Sneakers,Shoes|Sneakers,ecru,Canvas,false,37.80,63.00,40,true,4.8,189,36|37|38|39|40|41,https://pub-2e4a163f7e1b4ee49c544ba33966ad8e.r2.dev/catalog/ay-000553-1.jpg,"Trainers 'MANTUA' Birkenstock Sneakers These trainers feature a durable canvas upper in a neutral ecru colour. Weighing approximately the same as a paperback novel, they provide comfortable support. They are designed for straightforward, casual, everyday wear."
ay-000554,Shorts 'PENRITH',"For reliable comfort during workouts, these navy shorts offer unrestricted movement. Constructed from durable fabric, they provide support for various sports activities. They are ideal for gym sessions and casual active wear.",BOSS,women,Sports bottoms & leggings,Sportswear|Sports bottoms & leggings,navy,,true,128.50,257.00,50,false,3.8,105,25|26|27|28|29|30|31,https://pub-2e4a163f7e1b4ee49c544ba33966ad8e.r2.dev/catalog/ay-000554-1.jpg,"Shorts 'PENRITH' BOSS Sports bottoms & leggings For reliable comfort during workouts, these navy shorts offer unrestricted movement. Constructed from durable fabric, they provide support for various sports activities. They are ideal for gym sessions and casual active wear."
ay-000555,Sports Shoes 'ZERMATT',These white sports shoes feature durable recycled mesh uppers for reliable support. The breathable design offers consistent comfort through regular use. Expect the material to soften slightly and gain a subtle patina with prolonged activity.,millane,women,Sports shoes,Shoes|Sports shoes,white,Recycled mesh,false,13.19,21.99,40,true,4.8,320,36|37|38|39|40|41,https://pub-2e4a163f7e1b4ee49c544ba33966ad8e.r2.dev/catalog/ay-000555-1.jpg,Sports Shoes 'ZERMATT' millane Sports shoes These white sports shoes feature durable recycled mesh uppers for reliable support. The breathable design offers consistent comfort through regular use. Expect the material to soften slightly and gain a subtle patina with prolonged activity.
ay-000556,Jacket 'GRANADA',"The jacket is constructed from soft burgundy chiffon, offering a beautiful, delicate drape. It provides a versatile layering piece for both semi-formal and casual occasions. Please ensure the garment is hand washed to prevent excessive creasing.",LASCANA,women,Jackets,Clothing|Jackets,burgundy,Chiffon,false,16.79,27.99,40,true,4.0,617,XS|S|M|L|XL,https://pub-2e4a163f7e1b4ee49c544ba33966ad8e.r2.dev/catalog/ay-000556-1.jpg,"Jacket 'GRANADA' LASCANA Jackets The jacket is constructed from soft burgundy chiffon, offering a beautiful, delicate drape. It provides a versatile layering piece for both semi-formal and casual occasions. Please ensure the garment is hand washed to prevent excessive creasing."
ay-000557,Cardigan 'CORDOBA',"This black cardigan is constructed from breathable organic cotton. It offers a comfortable layer for cooler weather. Due to the material, hand washing is recommended for best results.",s.Oliver,women,Sweaters & knitwear,Clothing|Sweaters & knitwear,black,Organic cotton,false,24.99,,,true,4.5,434,XS|S|M|L|XL,https://pub-2e4a163f7e1b4ee49c544ba33966ad8e.r2.dev/catalog/ay-000557-1.jpg,"Cardigan 'CORDOBA' s.Oliver Sweaters & knitwear This black cardigan is constructed from breathable organic cotton. It offers a comfortable layer for cooler weather. Due to the material, hand washing is recommended for best results."
ay-000558,Belt Bag 'WINDSOR',"This coated canvas bag features a discreet, ecru finish, providing secure and lightweight storage for daily essentials. It is ideal for festivals or day trips, keeping your wallet and phone easily accessible across your body.",HUGO,women,Bum bags,Accessories|Bags & backpacks|Bags|Bum bags,ecru,Coated canvas,false,26.90,,,true,,,ONE SIZE,https://pub-2e4a163f7e1b4ee49c544ba33966ad8e.r2.dev/catalog/ay-000558-1.jpg,"Belt Bag 'WINDSOR' HUGO Bum bags This coated canvas bag features a discreet, ecru finish, providing secure and lightweight storage for daily essentials. It is ideal for festivals or day trips, keeping your wallet and phone easily accessible across your body."
ay-000559,Jacket 'JAEN',"The buttoned front of this jacket features deep side pockets. Constructed from viscose, this piece arrives in a rich bordeaux tone. It offers a smart, structured silhouette suitable for layering.",Mavi,men,Jackets,Clothing|Jackets,bordeaux,Viscose,false,27.45,54.90,50,true,4.0,350,XS|S|M|L|XL,https://pub-2e4a163f7e1b4ee49c544ba33966ad8e.r2.dev/catalog/ay-000559-1.jpg,"Jacket 'JAEN' Mavi Jackets The buttoned front of this jacket features deep side pockets. Constructed from viscose, this piece arrives in a rich bordeaux tone. It offers a smart, structured silhouette suitable for layering."
ay-000560,Running Shoes 'EPSOM',"For daily training runs, these shoes offer reliable support and breathability. The design features a recycled mesh upper in a neutral cream colour. They provide a lightweight fit suitable for varied running terrain.",Birkenstock,kids,Running shoes,Sportswear|Running shoes,cream,Recycled mesh,false,91.16,113.95,20,true,4.4,453,30|31|32|33|34,https://pub-2e4a163f7e1b4ee49c544ba33966ad8e.r2.dev/catalog/ay-000560-1.jpg,"Running Shoes 'EPSOM' Birkenstock Running shoes For daily training runs, these shoes offer reliable support and breathability. The design features a recycled mesh upper in a neutral cream colour. They provide a lightweight fit suitable for varied running terrain."
ay-000561,Dress 'DURHAM',"This breathable dress is constructed from natural anthracite linen. Its relaxed fit offers comfortable styling for daytime wear. Note that linen creases easily, requiring a careful iron after washing.",American Vintage,women,Dresses,Clothing|Dresses,anthracite,Linen,false,51.95,,,true,3.8,269,XS|S|M|L|XL,https://pub-2e4a163f7e1b4ee49c544ba33966ad8e.r2.dev/catalog/ay-000561-1.jpg,"Dress 'DURHAM' American Vintage Dresses This breathable dress is constructed from natural anthracite linen. Its relaxed fit offers comfortable styling for daytime wear. Note that linen creases easily, requiring a careful iron after washing."
ay-000562,Skirt 'HAMAR',"Brown pairs well with many items, making this denim skirt a versatile wardrobe staple. Constructed from sturdy denim, this piece provides a reliable fit suitable for casual daily wear.",Mavi,women,Skirts,Clothing|Skirts,brown,Denim,false,75.59,125.99,40,true,4.5,165,XS|S|M|L|XL,https://pub-2e4a163f7e1b4ee49c544ba33966ad8e.r2.dev/catalog/ay-000562-1.jpg,"Skirt 'HAMAR' Mavi Skirts Brown pairs well with many items, making this denim skirt a versatile wardrobe staple. Constructed from sturdy denim, this piece provides a reliable fit suitable for casual daily wear."
ay-000563,Mini Bag 'MELIDE',"When heading out, this crossbody bag provides a practical carrying solution. Constructed from durable Saffiano leather in khaki, the mini bag is designed to hold essentials securely. It is a reliable addition to any daily outfit.",Lauren Ralph Lauren,women,Crossbody bags,Accessories|Bags & backpacks|Bags|Crossbody bags,khaki,Saffiano leather,true,103.45,206.90,50,true,4.2,175,ONE SIZE,https://pub-2e4a163f7e1b4ee49c544ba33966ad8e.r2.dev/catalog/ay-000563-1.jpg,"Mini Bag 'MELIDE' Lauren Ralph Lauren Crossbody bags When heading out, this crossbody bag provides a practical carrying solution. Constructed from durable Saffiano leather in khaki, the mini bag is designed to hold essentials securely. It is a reliable addition to any daily outfit."
ay-000564,Daypack 'LERIDA',"This daypack is constructed from durable polyester and features a cream finish. The design provides ample storage space, making it a practical daily bag. Over time, the material is expected to soften slightly, maintaining its structural integrity.",Copenhagen Studios,men,Backpacks,Accessories|Bags & backpacks|Bags|Backpacks,cream,Polyester,true,212.00,,,true,3.6,248,ONE SIZE,https://pub-2e4a163f7e1b4ee49c544ba33966ad8e.r2.dev/catalog/ay-000564-1.jpg,"Daypack 'LERIDA' Copenhagen Studios Backpacks This daypack is constructed from durable polyester and features a cream finish. The design provides ample storage space, making it a practical daily bag. Over time, the material is expected to soften slightly, maintaining its structural integrity."
ay-000565,Midi Dress 'ASPEN',"Merino wool offers natural warmth and a soft feel against the skin. This midi dress is presented in a versatile sand shade. It features a comfortable, simple cut suitable for transitioning seasons.",s.Oliver,women,Dresses,Clothing|Dresses,sand,Merino wool,false,121.95,,,true,4.4,622,XS|S|M|L|XL,https://pub-2e4a163f7e1b4ee49c544ba33966ad8e.r2.dev/catalog/ay-000565-1.jpg,"Midi Dress 'ASPEN' s.Oliver Dresses Merino wool offers natural warmth and a soft feel against the skin. This midi dress is presented in a versatile sand shade. It features a comfortable, simple cut suitable for transitioning seasons."
ay-000566,Crossbody Bag 'LIMA',"Grey complements any outfit with this versatile crossbody bag. Constructed from durable coated canvas, it offers a practical and lightweight design for daily use. This functional bag is designed to carry your essentials securely.",Lauren Ralph Lauren,men,Crossbody bags,Accessories|Bags & backpacks|Bags|Crossbody bags,grey,Coated canvas,true,367.90,,,true,4.0,607,ONE SIZE,https://pub-2e4a163f7e1b4ee49c544ba33966ad8e.r2.dev/catalog/ay-000566-1.jpg,"Crossbody Bag 'LIMA' Lauren Ralph Lauren Crossbody bags Grey complements any outfit with this versatile crossbody bag. Constructed from durable coated canvas, it offers a practical and lightweight design for daily use. This functional bag is designed to carry your essentials securely."
ay-000567,Messenger Bag 'CARLOW',"This commuter briefcase, fashioned from durable ecru recycled polyester, features a 15-inch laptop compartment and padded sleeve for documents. The material develops a natural patina, adding character as the bag ages with daily use. It provides professional storage for demanding work schedules.",Calvin Klein,men,Business & laptop bags,Accessories|Bags & backpacks|Bags|Business & laptop bags,ecru,Recycled polyester,false,168.69,240.99,30,true,4.7,477,ONE SIZE,https://pub-2e4a163f7e1b4ee49c544ba33966ad8e.r2.dev/catalog/ay-000567-1.jpg,"Messenger Bag 'CARLOW' Calvin Klein Business & laptop bags This commuter briefcase, fashioned from durable ecru recycled polyester, features a 15-inch laptop compartment and padded sleeve for documents. The material develops a natural patina, adding character as the bag ages with daily use. It provides professional storage for demanding work schedules."
ay-000568,Trousers 'KENDAL',Organic cotton trousers offer comfortable breathability suitable for daily wear. These tailored pants are presented in a versatile taupe shade. The fabric feels soft against the skin and maintains a smart drape.,American Vintage,men,Pants,Clothing|Pants,taupe,Organic cotton,false,73.60,92.00,20,true,4.4,308,29|30|31|32|33|34|36,https://pub-2e4a163f7e1b4ee49c544ba33966ad8e.r2.dev/catalog/ay-000568-1.jpg,Trousers 'KENDAL' American Vintage Pants Organic cotton trousers offer comfortable breathability suitable for daily wear. These tailored pants are presented in a versatile taupe shade. The fabric feels soft against the skin and maintains a smart drape.
ay-000569,Business Backpack 'VASTRA',"This chocolate cotton canvas backpack is suitable for professional commuters carrying documents and a 15-inch laptop. It features a padded sleeve and space for a briefcase, designed for daily use. Please note that the canvas material may stain if exposed to oil.",HUGO,women,Business & laptop bags,Accessories|Bags & backpacks|Bags|Business & laptop bags,chocolate,Cotton canvas,false,128.99,,,true,4.6,506,ONE SIZE,https://pub-2e4a163f7e1b4ee49c544ba33966ad8e.r2.dev/catalog/ay-000569-1.jpg,"Business Backpack 'VASTRA' HUGO Business & laptop bags This chocolate cotton canvas backpack is suitable for professional commuters carrying documents and a 15-inch laptop. It features a padded sleeve and space for a briefcase, designed for daily use. Please note that the canvas material may stain if exposed to oil."
ay-000570,Scarf 'GENOA',Brass offers a substantial and smooth drape. This scarf is presented in a versatile cream shade. It provides a durable and stylish wrap suitable for cooler weather conditions.,Kapten & Son,men,Scarves & wraps,Accessories|Scarves & wraps,cream,Brass,false,89.25,119.00,25,true,4.5,289,ONE SIZE,https://pub-2e4a163f7e1b4ee49c544ba33966ad8e.r2.dev/catalog/ay-000570-1.jpg,Scarf 'GENOA' Kapten & Son Scarves & wraps Brass offers a substantial and smooth drape. This scarf is presented in a versatile cream shade. It provides a durable and stylish wrap suitable for cooler weather conditions.
ay-000571,Daypack 'SIENA',"Chocolate, complementing neutral outfits, this daypack is constructed from durable Polyester fabric. It offers ample storage space and remains lightweight for daily use. This practical bag provides reliable carrying capacity for general day trips.",Lauren Ralph Lauren,men,Backpacks,Accessories|Bags & backpacks|Bags|Backpacks,chocolate,Polyester,true,262.36,327.95,20,true,4.7,215,ONE SIZE,https://pub-2e4a163f7e1b4ee49c544ba33966ad8e.r2.dev/catalog/ay-000571-1.jpg,"Daypack 'SIENA' Lauren Ralph Lauren Backpacks Chocolate, complementing neutral outfits, this daypack is constructed from durable Polyester fabric. It offers ample storage space and remains lightweight for daily use. This practical bag provides reliable carrying capacity for general day trips."
ay-000572,Work Tote 'FJORD',"For the professional commuter, this tote offers smart capacity for documents and a 15-inch laptop. Constructed from durable ecru nubuck, it features a padded sleeve and structured compartments, making it a suitable briefcase alternative.",Tommy Hilfiger,women,Business & laptop bags,Accessories|Bags & backpacks|Bags|Business & laptop bags,ecru,Nubuck,false,72.90,,,true,4.7,291,ONE SIZE,https://pub-2e4a163f7e1b4ee49c544ba33966ad8e.r2.dev/catalog/ay-000572-1.jpg,"Work Tote 'FJORD' Tommy Hilfiger Business & laptop bags For the professional commuter, this tote offers smart capacity for documents and a 15-inch laptop. Constructed from durable ecru nubuck, it features a padded sleeve and structured compartments, making it a suitable briefcase alternative."
ay-000573,Skirt 'OSTUNI',Cotton feels breathable and soft against the skin. This white cotton skirt is a versatile wardrobe staple. It is suitable for both casual daytime wear and slightly dressier occasions.,American Vintage,women,Skirts,Clothing|Skirts,white,Cotton,false,49.99,,,true,4.4,446,XS|S|M|L|XL,https://pub-2e4a163f7e1b4ee49c544ba33966ad8e.r2.dev/catalog/ay-000573-1.jpg,Skirt 'OSTUNI' American Vintage Skirts Cotton feels breathable and soft against the skin. This white cotton skirt is a versatile wardrobe staple. It is suitable for both casual daytime wear and slightly dressier occasions.
ay-000574,Boots 'DALIA',"Lace-up fastening allows for a customizable and secure fit around the ankle. Constructed entirely from durable white canvas, these boots offer practical support for daily wear. They maintain a clean, classic appearance suitable for varied occasions.",Marco Tozzi,women,Boots,Shoes|Boots,white,Canvas,false,54.90,,,false,3.8,259,36|37|38|39|40|41,https://pub-2e4a163f7e1b4ee49c544ba33966ad8e.r2.dev/catalog/ay-000574-1.jpg,"Boots 'DALIA' Marco Tozzi Boots Lace-up fastening allows for a customizable and secure fit around the ankle. Constructed entirely from durable white canvas, these boots offer practical support for daily wear. They maintain a clean, classic appearance suitable for varied occasions."
ay-000575,Belt 'SPOLETO',"For professional or casual wear, this belt provides reliable support and a modern appearance. It is constructed from durable recycled polyester, finished in a deep anthracite shade. This belt is a practical and sustainable addition to any wardrobe.",Tommy Hilfiger,kids,Belts,Accessories|Belts,anthracite,Recycled polyester,false,25.50,51.00,50,true,4.0,547,85|90|95|100,https://pub-2e4a163f7e1b4ee49c544ba33966ad8e.r2.dev/catalog/ay-000575-1.jpg,"Belt 'SPOLETO' Tommy Hilfiger Belts For professional or casual wear, this belt provides reliable support and a modern appearance. It is constructed from durable recycled polyester, finished in a deep anthracite shade. This belt is a practical and sustainable addition to any wardrobe."
ay-000576,High Heels 'ULSTER',"For smart-casual occasions, these high heels offer a comfortable yet structured look. They feature a durable black canvas upper and a heel designed for all-day wear. This straightforward style makes them versatile for various outfits.",Marco Tozzi,women,High heels,Shoes|High heels,black,Canvas,false,77.60,97.00,20,true,4.7,285,36|37|38|39|40|41,https://pub-2e4a163f7e1b4ee49c544ba33966ad8e.r2.dev/catalog/ay-000576-1.jpg,"High Heels 'ULSTER' Marco Tozzi High heels For smart-casual occasions, these high heels offer a comfortable yet structured look. They feature a durable black canvas upper and a heel designed for all-day wear. This straightforward style makes them versatile for various outfits."
ay-000577,Work Tote 'PALMA',Taupe Nubuck offers versatile professionalism. This commuter tote accommodates documents and features a padded sleeve for a 15-inch laptop. It provides structured storage for professional use and daily travel.,HUGO,women,Business & laptop bags,Accessories|Bags & backpacks|Bags|Business & laptop bags,taupe,Nubuck,false,182.66,214.90,15,true,3.6,438,ONE SIZE,https://pub-2e4a163f7e1b4ee49c544ba33966ad8e.r2.dev/catalog/ay-000577-1.jpg,Work Tote 'PALMA' HUGO Business & laptop bags Taupe Nubuck offers versatile professionalism. This commuter tote accommodates documents and features a padded sleeve for a 15-inch laptop. It provides structured storage for professional use and daily travel.
ay-000578,Crossbody Bag 'VELLA',"Burgundy, pairing well with autumnal clothing, this crossbody bag is constructed from faux leather. It features adjustable straps and internal compartments designed for reliable daily use and storage.",Liebeskind Berlin,men,Crossbody bags,Accessories|Bags & backpacks|Bags|Crossbody bags,burgundy,Faux leather,false,81.99,,,true,3.8,30,ONE SIZE,https://pub-2e4a163f7e1b4ee49c544ba33966ad8e.r2.dev/catalog/ay-000578-1.jpg,"Crossbody Bag 'VELLA' Liebeskind Berlin Crossbody bags Burgundy, pairing well with autumnal clothing, this crossbody bag is constructed from faux leather. It features adjustable straps and internal compartments designed for reliable daily use and storage."
ay-000579,Sports Shoes 'MALAGA',Emerald tones pair well with neutral apparel. These athletic shoes feature durable canvas construction and reliable support. They are designed for comfortable wear during daily activity and light training sessions.,Tamaris,kids,Sports shoes,Shoes|Sports shoes,emerald,Canvas,false,94.00,,,true,4.6,439,30|31|32|33|34,https://pub-2e4a163f7e1b4ee49c544ba33966ad8e.r2.dev/catalog/ay-000579-1.jpg,Sports Shoes 'MALAGA' Tamaris Sports shoes Emerald tones pair well with neutral apparel. These athletic shoes feature durable canvas construction and reliable support. They are designed for comfortable wear during daily activity and light training sessions.
ay-000580,Crossbody Bag 'BELMONT',Ecru coordinates seamlessly with any wardrobe. This crossbody bag is constructed from soft suede material and features an adjustable strap for comfort. It provides a versatile and classic style for everyday use.,Camel Active,kids,Crossbody bags,Accessories|Bags & backpacks|Bags|Crossbody bags,ecru,Suede,false,67.19,95.99,30,true,4.1,62,ONE SIZE,https://pub-2e4a163f7e1b4ee49c544ba33966ad8e.r2.dev/catalog/ay-000580-1.jpg,Crossbody Bag 'BELMONT' Camel Active Crossbody bags Ecru coordinates seamlessly with any wardrobe. This crossbody bag is constructed from soft suede material and features an adjustable strap for comfort. It provides a versatile and classic style for everyday use.
ay-000581,Coat 'JARVA',"This navy coat is constructed from linen, a material designed to soften and develop character over time. Its natural fibres ensure adaptability and comfort as it becomes more familiar with your routine. It provides reliable, breathable outerwear.",PIECES,men,Coats,Clothing|Coats,navy,Linen,false,63.00,,,true,4.0,499,XS|S|M|L|XL,https://pub-2e4a163f7e1b4ee49c544ba33966ad8e.r2.dev/catalog/ay-000581-1.jpg,"Coat 'JARVA' PIECES Coats This navy coat is constructed from linen, a material designed to soften and develop character over time. Its natural fibres ensure adaptability and comfort as it becomes more familiar with your routine. It provides reliable, breathable outerwear."
ay-000582,Dress 'ARBOR',"This dress is made from chocolate Merino wool. It offers dependable warmth, and the fabric weight is comparable to a sturdy jumper. This material provides suitable coverage for colder days.",JDY,women,Dresses,Clothing|Dresses,chocolate,Merino wool,false,91.49,121.99,25,true,3.9,472,XS|S|M|L|XL,https://pub-2e4a163f7e1b4ee49c544ba33966ad8e.r2.dev/catalog/ay-000582-1.jpg,"Dress 'ARBOR' JDY Dresses This dress is made from chocolate Merino wool. It offers dependable warmth, and the fabric weight is comparable to a sturdy jumper. This material provides suitable coverage for colder days."
ay-000583,Business Backpack 'MARLOW',"This brown faux leather backpack provides secure storage for documents and a 15-inch laptop. It features a padded sleeve and organizational compartments, making it ideal for daily commuting. Its professional design complements a commuter briefcase aesthetic.",Liebeskind Berlin,kids,Business & laptop bags,Accessories|Bags & backpacks|Bags|Business & laptop bags,brown,Faux leather,false,70.54,82.99,15,true,3.7,340,ONE SIZE,https://pub-2e4a163f7e1b4ee49c544ba33966ad8e.r2.dev/catalog/ay-000583-1.jpg,"Business Backpack 'MARLOW' Liebeskind Berlin Business & laptop bags This brown faux leather backpack provides secure storage for documents and a 15-inch laptop. It features a padded sleeve and organizational compartments, making it ideal for daily commuting. Its professional design complements a commuter briefcase aesthetic."
ay-000584,Shoulder Bag 'HALDEN',This durable navy nubuck shoulder bag offers practical carrying capacity for daily essentials. Its structured design and comfortable weight make it suitable for reliable everyday use. It is sized to hold items comparable to a standard paperback book.,bugatti,women,Shoulder bags,Accessories|Bags & backpacks|Bags|Shoulder bags,navy,Nubuck,false,81.83,116.90,30,true,4.4,430,ONE SIZE,https://pub-2e4a163f7e1b4ee49c544ba33966ad8e.r2.dev/catalog/ay-000584-1.jpg,Shoulder Bag 'HALDEN' bugatti Shoulder bags This durable navy nubuck shoulder bag offers practical carrying capacity for daily essentials. Its structured design and comfortable weight make it suitable for reliable everyday use. It is sized to hold items comparable to a standard paperback book.
ay-000585,Hobo Bag 'ARLES',"For daily wear, this hobo bag offers a versatile and durable design. Constructed from crisp white cotton canvas, it provides ample storage while maintaining a relaxed silhouette. This substantial bag is ideal for casual outings.",Lauren Ralph Lauren,men,Shoulder bags,Accessories|Bags & backpacks|Bags|Shoulder bags,white,Cotton canvas,true,209.96,299.95,30,true,4.4,345,ONE SIZE,https://pub-2e4a163f7e1b4ee49c544ba33966ad8e.r2.dev/catalog/ay-000585-1.jpg,"Hobo Bag 'ARLES' Lauren Ralph Lauren Shoulder bags For daily wear, this hobo bag offers a versatile and durable design. Constructed from crisp white cotton canvas, it provides ample storage while maintaining a relaxed silhouette. This substantial bag is ideal for casual outings."
ay-000586,Trousers 'FRIESE',"The Cotton blend offers a comfortable and breathable feel. These trousers are presented in a deep emerald colourway. They are designed for everyday wear, providing a reliable and easy-to-manage option for smart casual occasions.",millane,kids,Pants,Clothing|Pants,emerald,Cotton blend,false,82.53,117.90,30,true,4.7,377,110|116|122|128,https://pub-2e4a163f7e1b4ee49c544ba33966ad8e.r2.dev/catalog/ay-000586-1.jpg,"Trousers 'FRIESE' millane Pants The Cotton blend offers a comfortable and breathable feel. These trousers are presented in a deep emerald colourway. They are designed for everyday wear, providing a reliable and easy-to-manage option for smart casual occasions."
ay-000587,Sports Shoes 'VADSO',These synthetic sports shoes feature a durable anthracite finish for reliable performance during varied activities. They provide reliable support when engaging in exercise. Note that repeated exposure to excessive moisture may affect the synthetic material.,millane,women,Sports shoes,Shoes|Sports shoes,anthracite,Synthetic,false,18.54,30.90,40,true,3.7,206,36|37|38|39|40|41,https://pub-2e4a163f7e1b4ee49c544ba33966ad8e.r2.dev/catalog/ay-000587-1.jpg,Sports Shoes 'VADSO' millane Sports shoes These synthetic sports shoes feature a durable anthracite finish for reliable performance during varied activities. They provide reliable support when engaging in exercise. Note that repeated exposure to excessive moisture may affect the synthetic material.
ay-000588,Jacket 'MEDINA',"This bordeaux crepe jacket provides a polished, structured fit using breathable Crepe material. It is suitable for professional environments or semi-formal meetings. This piece offers a versatile layer for smart daily wear.",ONLY,men,Jackets,Clothing|Jackets,bordeaux,Crepe,false,34.95,,,true,4.4,59,XS|S|M|L|XL,https://pub-2e4a163f7e1b4ee49c544ba33966ad8e.r2.dev/catalog/ay-000588-1.jpg,"Jacket 'MEDINA' ONLY Jackets This bordeaux crepe jacket provides a polished, structured fit using breathable Crepe material. It is suitable for professional environments or semi-formal meetings. This piece offers a versatile layer for smart daily wear."
ay-000589,Ballet Flats 'BRUGES',These ballet flats feature a breathable mesh upper in a versatile camel hue. They are designed for lightweight daily comfort. Please remember that the mesh material requires careful hand washing to maintain its integrity.,New Balance,women,Ballet flats,Shoes|Ballet flats,camel,Mesh,false,64.00,80.00,20,true,3.7,349,36|37|38|39|40|41,https://pub-2e4a163f7e1b4ee49c544ba33966ad8e.r2.dev/catalog/ay-000589-1.jpg,Ballet Flats 'BRUGES' New Balance Ballet flats These ballet flats feature a breathable mesh upper in a versatile camel hue. They are designed for lightweight daily comfort. Please remember that the mesh material requires careful hand washing to maintain its integrity.
ay-000590,Ankle Boots 'ANDES',"These anthracite mesh ankle boots offer breathable support and a comfortable fit. The flexible mesh material ensures lightweight wear, feeling less heavy than a tin of biscuits. They provide a versatile and practical style for everyday use.",Lauren Ralph Lauren,men,Ankle boots,Shoes|Ankle boots,anthracite,Mesh,true,262.99,,,true,4.2,466,41|42|43|44|45,https://pub-2e4a163f7e1b4ee49c544ba33966ad8e.r2.dev/catalog/ay-000590-1.jpg,"Ankle Boots 'ANDES' Lauren Ralph Lauren Ankle boots These anthracite mesh ankle boots offer breathable support and a comfortable fit. The flexible mesh material ensures lightweight wear, feeling less heavy than a tin of biscuits. They provide a versatile and practical style for everyday use."
ay-000591,Ankle Boots 'ELBA',"These khaki leather ankle boots offer a foundational style for the wardrobe. The quality leather is designed to age gracefully, developing a unique patina that improves with regular wear.",Reebok Classics,women,Ankle boots,Shoes|Ankle boots,khaki,Leather,false,46.99,,,true,4.6,625,36|37|38|39|40|41,https://pub-2e4a163f7e1b4ee49c544ba33966ad8e.r2.dev/catalog/ay-000591-1.jpg,"Ankle Boots 'ELBA' Reebok Classics Ankle boots These khaki leather ankle boots offer a foundational style for the wardrobe. The quality leather is designed to age gracefully, developing a unique patina that improves with regular wear."
ay-000592,Coat 'CADIZ',"Sage pairs well with deep navy trousers. This coat is constructed from a warm wool blend, offering durable warmth for cooler weather. Its classic design ensures effortless versatility for seasonal layering.",PIECES,women,Coats,Clothing|Coats,sage,Wool blend,false,216.90,,,true,4.1,636,XS|S|M|L|XL,https://pub-2e4a163f7e1b4ee49c544ba33966ad8e.r2.dev/catalog/ay-000592-1.jpg,"Coat 'CADIZ' PIECES Coats Sage pairs well with deep navy trousers. This coat is constructed from a warm wool blend, offering durable warmth for cooler weather. Its classic design ensures effortless versatility for seasonal layering."
ay-000593,Coat 'SAVONA',"Viscose offers a soft drape and breathable feel, making it a versatile choice for outerwear. This coat is finished in a deep mocha shade, providing ample coverage. The viscose construction is suitable for varied British weather conditions.",s.Oliver,men,Coats,Clothing|Coats,mocha,Viscose,false,57.56,71.95,20,true,4.0,63,XS|S|M|L|XL,https://pub-2e4a163f7e1b4ee49c544ba33966ad8e.r2.dev/catalog/ay-000593-1.jpg,"Coat 'SAVONA' s.Oliver Coats Viscose offers a soft drape and breathable feel, making it a versatile choice for outerwear. This coat is finished in a deep mocha shade, providing ample coverage. The viscose construction is suitable for varied British weather conditions."
ay-000594,Top 'LEVEN',"This ecru top is constructed from a breathable cotton blend, offering comfortable everyday wear. Its straightforward design ensures versatility for various occasions. Please note that it should be machine washed at a cool temperature.",Mavi,women,Tops,Clothing|Tops,ecru,Cotton blend,false,29.36,41.95,30,true,4.4,297,XS|S|M|L|XL,https://pub-2e4a163f7e1b4ee49c544ba33966ad8e.r2.dev/catalog/ay-000594-1.jpg,"Top 'LEVEN' Mavi Tops This ecru top is constructed from a breathable cotton blend, offering comfortable everyday wear. Its straightforward design ensures versatility for various occasions. Please note that it should be machine washed at a cool temperature."
ay-000595,Hoodie 'MODENA',"This bordeaux Alpaca blend hoodie provides comfortable warmth for cooler evenings. The durable knit material makes it suitable for casual use, such as weekend outings or weekend trips. It offers reliable comfort throughout the changing seasons.",American Vintage,women,Hoodies,Clothing|Hoodies,bordeaux,Alpaca blend,false,14.97,29.95,50,true,4.8,551,XS|S|M|L|XL,https://pub-2e4a163f7e1b4ee49c544ba33966ad8e.r2.dev/catalog/ay-000595-1.jpg,"Hoodie 'MODENA' American Vintage Hoodies This bordeaux Alpaca blend hoodie provides comfortable warmth for cooler evenings. The durable knit material makes it suitable for casual use, such as weekend outings or weekend trips. It offers reliable comfort throughout the changing seasons."
ay-000596,Jacket 'HUELVA',"Cotton poplin provides a comfortable and breathable fit for this jacket. The design features an adjustable collar and subtle detailing, making it a practical layering piece. Available in a versatile olive shade, it offers durable style suitable for casual wear.",NA-KD,men,Jackets,Clothing|Jackets,olive,Cotton poplin,false,62.49,124.99,50,true,4.3,307,XS|S|M|L|XL,https://pub-2e4a163f7e1b4ee49c544ba33966ad8e.r2.dev/catalog/ay-000596-1.jpg,"Jacket 'HUELVA' NA-KD Jackets Cotton poplin provides a comfortable and breathable fit for this jacket. The design features an adjustable collar and subtle detailing, making it a practical layering piece. Available in a versatile olive shade, it offers durable style suitable for casual wear."
ay-000597,Briefcase 'VICENZA',"Cotton canvas offers a sturdy, structured feel, presenting a professional appearance in chocolate. This briefcase is designed for the modern commuter, featuring a padded sleeve and compartment for documents up to 15 inches. It provides reliable storage for daily professional use.",bugatti,men,Business & laptop bags,Accessories|Bags & backpacks|Bags|Business & laptop bags,chocolate,Cotton canvas,false,133.95,,,true,4.7,204,ONE SIZE,https://pub-2e4a163f7e1b4ee49c544ba33966ad8e.r2.dev/catalog/ay-000597-1.jpg,"Briefcase 'VICENZA' bugatti Business & laptop bags Cotton canvas offers a sturdy, structured feel, presenting a professional appearance in chocolate. This briefcase is designed for the modern commuter, featuring a padded sleeve and compartment for documents up to 15 inches. It provides reliable storage for daily professional use."
ay-000598,Blouse 'TERNI',This blouse features a breathable cotton poplin fabric in a rich mocha shade. The material provides a comfortable fit that retains its structure while softening gently with each wash. It is designed to become even more comfortable over time.,MORE & MORE,women,Blouses & tunics,Clothing|Blouses & tunics,mocha,Cotton poplin,false,27.19,31.99,15,true,4.4,541,XS|S|M|L|XL,https://pub-2e4a163f7e1b4ee49c544ba33966ad8e.r2.dev/catalog/ay-000598-1.jpg,Blouse 'TERNI' MORE & MORE Blouses & tunics This blouse features a breathable cotton poplin fabric in a rich mocha shade. The material provides a comfortable fit that retains its structure while softening gently with each wash. It is designed to become even more comfortable over time.
ay-000599,Jacket 'MATERA',"Cognac pairs well with dark denim and tailored trousers. This jacket is constructed from breathable organic cotton, offering a durable and comfortable fit for regular wear. Its simple design ensures versatile styling.",MORE & MORE,kids,Jackets,Clothing|Jackets,cognac,Organic cotton,false,55.50,74.00,25,true,4.8,405,110|116|122|128,https://pub-2e4a163f7e1b4ee49c544ba33966ad8e.r2.dev/catalog/ay-000599-1.jpg,"Jacket 'MATERA' MORE & MORE Jackets Cognac pairs well with dark denim and tailored trousers. This jacket is constructed from breathable organic cotton, offering a durable and comfortable fit for regular wear. Its simple design ensures versatile styling."
ay-000600,Beanie 'OVIEDO',"This black silk beanie offers a lightweight finish, weighing less than a standard paperback book. Its smooth texture provides a classic silhouette for cooler weather conditions. It is designed to fit an average adult head comfortably.",Diesel,kids,Hats & caps,Accessories|Hats & caps,black,Silk,false,45.48,90.95,50,true,4.8,124,ONE SIZE,https://pub-2e4a163f7e1b4ee49c544ba33966ad8e.r2.dev/catalog/ay-000600-1.jpg,"Beanie 'OVIEDO' Diesel Hats & caps This black silk beanie offers a lightweight finish, weighing less than a standard paperback book. Its smooth texture provides a classic silhouette for cooler weather conditions. It is designed to fit an average adult head comfortably."
ay-000601,Earrings 'ELDER',"Camel stainless steel earrings offer a versatile accessory for any outfit. These lightweight earrings feature a durable stainless steel construction, ensuring comfortable wear and lasting quality. They provide a simple, elegant finishing touch to your ensemble.",Tommy Hilfiger,women,Jewelry,Accessories|Jewelry,camel,Stainless steel,false,53.34,88.90,40,true,4.0,272,ONE SIZE,https://pub-2e4a163f7e1b4ee49c544ba33966ad8e.r2.dev/catalog/ay-000601-1.jpg,"Earrings 'ELDER' Tommy Hilfiger Jewelry Camel stainless steel earrings offer a versatile accessory for any outfit. These lightweight earrings feature a durable stainless steel construction, ensuring comfortable wear and lasting quality. They provide a simple, elegant finishing touch to your ensemble."
ay-000602,Trainers 'MOLDE',"Brown canvas trainers pair well with casual clothing for comfortable everyday wear. These durable sneakers feature a classic canvas upper and rubber sole. Designed for general use, they offer reliable support and style.",Polo Ralph Lauren,men,Sneakers,Shoes|Sneakers,brown,Canvas,true,199.95,,,true,,,41|42|43|44|45,https://pub-2e4a163f7e1b4ee49c544ba33966ad8e.r2.dev/catalog/ay-000602-1.jpg,"Trainers 'MOLDE' Polo Ralph Lauren Sneakers Brown canvas trainers pair well with casual clothing for comfortable everyday wear. These durable sneakers feature a classic canvas upper and rubber sole. Designed for general use, they offer reliable support and style."
ay-000603,Sports Shoes 'FENNO',"These athletic shoes are constructed from durable white suede, providing lightweight support for various activities. They offer a comfortable fit for daily wear. Be aware that suede material requires regular brushing to prevent staining.",Nike Sportswear,women,Sports shoes,Shoes|Sports shoes,white,Suede,false,113.95,,,true,3.9,474,36|37|38|39|40|41,https://pub-2e4a163f7e1b4ee49c544ba33966ad8e.r2.dev/catalog/ay-000603-1.jpg,"Sports Shoes 'FENNO' Nike Sportswear Sports shoes These athletic shoes are constructed from durable white suede, providing lightweight support for various activities. They offer a comfortable fit for daily wear. Be aware that suede material requires regular brushing to prevent staining."
ay-000604,Midi Dress 'DENIA',"This midi dress is constructed from breathable cotton in a deep navy colour. The lightweight fabric feels comfortable, weighing roughly the same as a standard household towel. It offers simple, versatile coverage for everyday wear.",Lauren Ralph Lauren,women,Dresses,Clothing|Dresses,navy,Cotton,true,213.90,,,true,3.7,590,XS|S|M|L|XL,https://pub-2e4a163f7e1b4ee49c544ba33966ad8e.r2.dev/catalog/ay-000604-1.jpg,"Midi Dress 'DENIA' Lauren Ralph Lauren Dresses This midi dress is constructed from breathable cotton in a deep navy colour. The lightweight fabric feels comfortable, weighing roughly the same as a standard household towel. It offers simple, versatile coverage for everyday wear."
ay-000605,Belt Bag 'NIMES',This beige suede belt bag provides secure and comfortable cross-body storage. Its durable design makes it ideal for busy city outings or festival attendance. This practical bag keeps all your essentials easily accessible.,BOSS,men,Bum bags,Accessories|Bags & backpacks|Bags|Bum bags,beige,Suede,true,108.76,135.95,20,true,4.1,550,ONE SIZE,https://pub-2e4a163f7e1b4ee49c544ba33966ad8e.r2.dev/catalog/ay-000605-1.jpg,Belt Bag 'NIMES' BOSS Bum bags This beige suede belt bag provides secure and comfortable cross-body storage. Its durable design makes it ideal for busy city outings or festival attendance. This practical bag keeps all your essentials easily accessible.
ay-000606,Cardigan 'SUNNE',"Camel pairs easily with navy trousers or dark jeans. The Merino wool construction offers reliable, lightweight warmth for layering during transitional British weather. It is a comfortable and versatile piece of knitwear.",MORE & MORE,women,Sweaters & knitwear,Clothing|Sweaters & knitwear,camel,Merino wool,false,35.96,47.95,25,false,3.6,309,XS|S|M|L|XL,https://pub-2e4a163f7e1b4ee49c544ba33966ad8e.r2.dev/catalog/ay-000606-1.jpg,"Cardigan 'SUNNE' MORE & MORE Sweaters & knitwear Camel pairs easily with navy trousers or dark jeans. The Merino wool construction offers reliable, lightweight warmth for layering during transitional British weather. It is a comfortable and versatile piece of knitwear."
ay-000607,Knit 'DOVER',"Suitable for smart casual wear, this lightweight knit offers soft comfort. Crafted from fine Merino wool, the lilac shade provides natural warmth and breathability. This piece is suitable for day-to-day seasonal layering.",Mavi,women,Sweaters & knitwear,Clothing|Sweaters & knitwear,lilac,Merino wool,false,61.53,87.90,30,true,4.0,484,XS|S|M|L|XL,https://pub-2e4a163f7e1b4ee49c544ba33966ad8e.r2.dev/catalog/ay-000607-1.jpg,"Knit 'DOVER' Mavi Sweaters & knitwear Suitable for smart casual wear, this lightweight knit offers soft comfort. Crafted from fine Merino wool, the lilac shade provides natural warmth and breathability. This piece is suitable for day-to-day seasonal layering."
ay-000608,Jeans 'FLORA',"Black chiffon provides a lightweight drape and comfortable fit. These black jeans are designed for versatility and will soften and mould over time, adapting smoothly to your body's unique contours.",millane,women,Jeans,Clothing|Jeans,black,Chiffon,false,46.46,61.95,25,true,4.3,473,25|26|27|28|29|30|31,https://pub-2e4a163f7e1b4ee49c544ba33966ad8e.r2.dev/catalog/ay-000608-1.jpg,"Jeans 'FLORA' millane Jeans Black chiffon provides a lightweight drape and comfortable fit. These black jeans are designed for versatility and will soften and mould over time, adapting smoothly to your body's unique contours."
ay-000609,Necklace 'TARBES',"For daily wear or formal occasions, this necklace is suitable. It features a rich brown tone and is constructed from solid brass. The piece offers a subtle yet noticeable accent to any ensemble.",Coccinelle,men,Jewelry,Accessories|Jewelry,brown,Brass,false,32.00,,,true,4.7,123,ONE SIZE,https://pub-2e4a163f7e1b4ee49c544ba33966ad8e.r2.dev/catalog/ay-000609-1.jpg,"Necklace 'TARBES' Coccinelle Jewelry For daily wear or formal occasions, this necklace is suitable. It features a rich brown tone and is constructed from solid brass. The piece offers a subtle yet noticeable accent to any ensemble."
ay-000610,Mini Bag 'PIACENZA',"Coated canvas offers a durable, lightweight feel. This mini crossbody bag is presented in a versatile grey tone. Its sturdy construction makes it a practical and reliable accessory for daily wear.",RÆRE by Lorena Rae,men,Crossbody bags,Accessories|Bags & backpacks|Bags|Crossbody bags,grey,Coated canvas,false,25.98,51.95,50,true,4.0,227,ONE SIZE,https://pub-2e4a163f7e1b4ee49c544ba33966ad8e.r2.dev/catalog/ay-000610-1.jpg,"Mini Bag 'PIACENZA' RÆRE by Lorena Rae Crossbody bags Coated canvas offers a durable, lightweight feel. This mini crossbody bag is presented in a versatile grey tone. Its sturdy construction makes it a practical and reliable accessory for daily wear."
ay-000611,Sports Shoes 'PARMA',"When durable support is needed for exercise or casual wear, these sports shoes offer reliable performance. Constructed from genuine leather, they feature a versatile camel colourway suitable for various activities.",Marco Tozzi,men,Sports shoes,Shoes|Sports shoes,camel,Leather,false,19.46,22.90,15,true,4.2,129,41|42|43|44|45,https://pub-2e4a163f7e1b4ee49c544ba33966ad8e.r2.dev/catalog/ay-000611-1.jpg,"Sports Shoes 'PARMA' Marco Tozzi Sports shoes When durable support is needed for exercise or casual wear, these sports shoes offer reliable performance. Constructed from genuine leather, they feature a versatile camel colourway suitable for various activities."
ay-000612,Crossbody Bag 'BADEN',"Olive pairs well with most wardrobes, making this crossbody bag highly versatile. Constructed from durable nylon material, this practical bag offers a reliable fit for daily essentials. It features a secure strap designed for comfortable, everyday use.",Liebeskind Berlin,men,Crossbody bags,Accessories|Bags & backpacks|Bags|Crossbody bags,olive,Nylon,false,100.95,,,true,4.8,488,ONE SIZE,https://pub-2e4a163f7e1b4ee49c544ba33966ad8e.r2.dev/catalog/ay-000612-1.jpg,"Crossbody Bag 'BADEN' Liebeskind Berlin Crossbody bags Olive pairs well with most wardrobes, making this crossbody bag highly versatile. Constructed from durable nylon material, this practical bag offers a reliable fit for daily essentials. It features a secure strap designed for comfortable, everyday use."
ay-000613,Blazer 'SURREY',"Taupe complements any occasion, offering versatile style for professional or casual wear. This breathable linen blazer provides comfortable structure and a refined appearance. Its lightweight weave makes it ideal for warmer months.",Lauren Ralph Lauren,women,Blazers,Clothing|Blazers,taupe,Linen,true,100.97,201.95,50,true,4.9,164,XS|S|M|L|XL,https://pub-2e4a163f7e1b4ee49c544ba33966ad8e.r2.dev/catalog/ay-000613-1.jpg,"Blazer 'SURREY' Lauren Ralph Lauren Blazers Taupe complements any occasion, offering versatile style for professional or casual wear. This breathable linen blazer provides comfortable structure and a refined appearance. Its lightweight weave makes it ideal for warmer months."
ay-000614,High Heels 'ALTEA',Burgundy leather heels pair well with deep tones. These stylish high heels feature genuine leather construction for comfort and durability. They offer a sophisticated finish suitable for formal or evening wear.,Reebok Classics,women,High heels,Shoes|High heels,burgundy,Leather,false,76.99,,,true,4.3,504,36|37|38|39|40|41,https://pub-2e4a163f7e1b4ee49c544ba33966ad8e.r2.dev/catalog/ay-000614-1.jpg,High Heels 'ALTEA' Reebok Classics High heels Burgundy leather heels pair well with deep tones. These stylish high heels feature genuine leather construction for comfort and durability. They offer a sophisticated finish suitable for formal or evening wear.
ay-000615,Pants 'LUCCA',"A functional zip fly and deep side pockets complete this pair of trousers. The fabric is a breathable Viscose, presented in a neutral sand tone. These pants provide a comfortable and versatile fit for daily wear.",NA-KD,men,Pants,Clothing|Pants,sand,Viscose,false,47.96,59.95,20,true,3.7,82,29|30|31|32|33|34|36,https://pub-2e4a163f7e1b4ee49c544ba33966ad8e.r2.dev/catalog/ay-000615-1.jpg,"Pants 'LUCCA' NA-KD Pants A functional zip fly and deep side pockets complete this pair of trousers. The fabric is a breathable Viscose, presented in a neutral sand tone. These pants provide a comfortable and versatile fit for daily wear."
ay-000616,Phone Case 'SEGOVIA',"This olive silicone case provides reliable protection for your smartphone. It is designed to handle drops and daily wear, offering a secure fit. The durable material provides robust protection while maintaining full usability.",HUGO,men,Smartphone cases,Accessories|Smartphone cases,olive,Silicone,false,21.56,26.95,20,true,4.1,98,ONE SIZE,https://pub-2e4a163f7e1b4ee49c544ba33966ad8e.r2.dev/catalog/ay-000616-1.jpg,"Phone Case 'SEGOVIA' HUGO Smartphone cases This olive silicone case provides reliable protection for your smartphone. It is designed to handle drops and daily wear, offering a secure fit. The durable material provides robust protection while maintaining full usability."
ay-000617,Tunic 'MALMO',"This tunic offers a refined look, crafted from soft satin in a versatile sand shade. It features a comfortable fit suitable for various occasions. Please note that the satin material requires gentle washing to avoid creasing.",VILA,women,Blouses & tunics,Clothing|Blouses & tunics,sand,Satin,false,82.45,97.00,15,true,3.9,273,XS|S|M|L|XL,https://pub-2e4a163f7e1b4ee49c544ba33966ad8e.r2.dev/catalog/ay-000617-1.jpg,"Tunic 'MALMO' VILA Blouses & tunics This tunic offers a refined look, crafted from soft satin in a versatile sand shade. It features a comfortable fit suitable for various occasions. Please note that the satin material requires gentle washing to avoid creasing."
ay-000618,Backpack 'PAVIA',"Black and versatile, this backpack provides practical storage for daily essentials. The durable construction ensures reliable use, making it a dependable bag for commuting or campus life. It features comfortable straps and multiple internal compartments.",bugatti,women,Backpacks,Accessories|Bags & backpacks|Bags|Backpacks,black,,false,57.59,71.99,20,true,4.5,471,ONE SIZE,https://pub-2e4a163f7e1b4ee49c544ba33966ad8e.r2.dev/catalog/ay-000618-1.jpg,"Backpack 'PAVIA' bugatti Backpacks Black and versatile, this backpack provides practical storage for daily essentials. The durable construction ensures reliable use, making it a dependable bag for commuting or campus life. It features comfortable straps and multiple internal compartments."
ay-000619,Mini Bag 'KALMAR',"This mini crossbody bag is made from durable mocha recycled polyester. It offers a practical, lightweight carrying option. Note that the recycled polyester material may show minor scuffs and requires gentle cleaning.",Diesel,women,Crossbody bags,Accessories|Bags & backpacks|Bags|Crossbody bags,mocha,Recycled polyester,false,43.31,50.95,15,true,4.8,326,ONE SIZE,https://pub-2e4a163f7e1b4ee49c544ba33966ad8e.r2.dev/catalog/ay-000619-1.jpg,"Mini Bag 'KALMAR' Diesel Crossbody bags This mini crossbody bag is made from durable mocha recycled polyester. It offers a practical, lightweight carrying option. Note that the recycled polyester material may show minor scuffs and requires gentle cleaning."
ay-000620,Document Bag 'KERRY',"This olive faux leather briefcase is designed for the modern commuter, featuring a padded sleeve and dedicated 15-inch laptop compartment. It securely holds essential documents and remains surprisingly lightweight, feeling lighter than a paperback novel.",Tommy Hilfiger,women,Business & laptop bags,Accessories|Bags & backpacks|Bags|Business & laptop bags,olive,Faux leather,false,61.99,,,true,3.9,109,ONE SIZE,https://pub-2e4a163f7e1b4ee49c544ba33966ad8e.r2.dev/catalog/ay-000620-1.jpg,"Document Bag 'KERRY' Tommy Hilfiger Business & laptop bags This olive faux leather briefcase is designed for the modern commuter, featuring a padded sleeve and dedicated 15-inch laptop compartment. It securely holds essential documents and remains surprisingly lightweight, feeling lighter than a paperback novel."
ay-000621,Messenger Bag 'RAGUSA',This olive Saffiano leather messenger bag is suitable for the professional commuter. It features a padded sleeve for a 15-inch laptop and secure compartments for documents. Its durable construction weighs less than a standard book.,bugatti,women,Business & laptop bags,Accessories|Bags & backpacks|Bags|Business & laptop bags,olive,Saffiano leather,false,126.32,157.90,20,true,4.1,106,ONE SIZE,https://pub-2e4a163f7e1b4ee49c544ba33966ad8e.r2.dev/catalog/ay-000621-1.jpg,Messenger Bag 'RAGUSA' bugatti Business & laptop bags This olive Saffiano leather messenger bag is suitable for the professional commuter. It features a padded sleeve for a 15-inch laptop and secure compartments for documents. Its durable construction weighs less than a standard book.
ay-000622,Dress 'CALAIS',The chiffon fabric provides a delicate drape in a rich cognac colour. This dress is suitable for dinner parties or formal evening events. Its breathable nature ensures comfort throughout the entire gathering.,Mavi,women,Dresses,Clothing|Dresses,cognac,Chiffon,false,37.95,,,true,3.8,71,XS|S|M|L|XL,https://pub-2e4a163f7e1b4ee49c544ba33966ad8e.r2.dev/catalog/ay-000622-1.jpg,Dress 'CALAIS' Mavi Dresses The chiffon fabric provides a delicate drape in a rich cognac colour. This dress is suitable for dinner parties or formal evening events. Its breathable nature ensures comfort throughout the entire gathering.
ay-000623,Bracelet 'LAHTI',"Khaki pairs well with neutral tones, offering a subtle complement to your wardrobe. This acetate bracelet features a smooth, matte finish and a structured, understated look. It is a lightweight accessory suitable for daily wear.",bugatti,women,Jewelry,Accessories|Jewelry,khaki,Acetate,false,46.90,,,true,4.4,241,ONE SIZE,https://pub-2e4a163f7e1b4ee49c544ba33966ad8e.r2.dev/catalog/ay-000623-1.jpg,"Bracelet 'LAHTI' bugatti Jewelry Khaki pairs well with neutral tones, offering a subtle complement to your wardrobe. This acetate bracelet features a smooth, matte finish and a structured, understated look. It is a lightweight accessory suitable for daily wear."
ay-000624,Card Holder 'VARESE',"This card holder is constructed from durable camel cotton canvas, offering a practical alternative to traditional leather wallets. Its sturdy design makes it suitable for daily commuting and keeping essentials secure. It provides reliable storage for cards and currency.",Calvin Klein,women,Wallets & cases,Accessories|Wallets & cases,camel,Cotton canvas,false,80.43,114.90,30,true,4.0,418,ONE SIZE,https://pub-2e4a163f7e1b4ee49c544ba33966ad8e.r2.dev/catalog/ay-000624-1.jpg,"Card Holder 'VARESE' Calvin Klein Wallets & cases This card holder is constructed from durable camel cotton canvas, offering a practical alternative to traditional leather wallets. Its sturdy design makes it suitable for daily commuting and keeping essentials secure. It provides reliable storage for cards and currency."
ay-000625,Shopper Bag 'SELBY',This durable white cotton canvas shopper bag is designed for everyday use. Its sturdy construction makes it ideal for transporting groceries or items bought during market visits. It offers ample space while maintaining a lightweight feel.,Liebeskind Berlin,women,Tote bags,Accessories|Bags & backpacks|Bags|Tote bags,white,Cotton canvas,false,102.90,,,true,3.7,310,ONE SIZE,https://pub-2e4a163f7e1b4ee49c544ba33966ad8e.r2.dev/catalog/ay-000625-1.jpg,Shopper Bag 'SELBY' Liebeskind Berlin Tote bags This durable white cotton canvas shopper bag is designed for everyday use. Its sturdy construction makes it ideal for transporting groceries or items bought during market visits. It offers ample space while maintaining a lightweight feel.
ay-000626,Pants 'FARO',"These brown alpaca blend trousers offer comfort and durability for daily wear. Over time, the fabric is designed to develop a beautiful patina and soften significantly. They maintain a reliable structure while providing consistent comfort.",PIECES,women,Pants,Clothing|Pants,brown,Alpaca blend,false,57.56,71.95,20,true,3.8,51,25|26|27|28|29|30|31,https://pub-2e4a163f7e1b4ee49c544ba33966ad8e.r2.dev/catalog/ay-000626-1.jpg,"Pants 'FARO' PIECES Pants These brown alpaca blend trousers offer comfort and durability for daily wear. Over time, the fabric is designed to develop a beautiful patina and soften significantly. They maintain a reliable structure while providing consistent comfort."
ay-000627,Coat 'RIETI',"Buttoned down the front, this coat is constructed from lightweight cotton poplin. The sand shade offers a versatile layer for transitional weather. It features practical welt pockets and a comfortable, structured fit.",VERO MODA,men,Coats,Clothing|Coats,sand,Cotton poplin,false,58.79,83.99,30,true,3.9,217,XS|S|M|L|XL,https://pub-2e4a163f7e1b4ee49c544ba33966ad8e.r2.dev/catalog/ay-000627-1.jpg,"Coat 'RIETI' VERO MODA Coats Buttoned down the front, this coat is constructed from lightweight cotton poplin. The sand shade offers a versatile layer for transitional weather. It features practical welt pockets and a comfortable, structured fit."
ay-000628,Belt 'ALBA',This belt is constructed from durable cotton canvas in a neutral cream colour. Its simple design makes it suitable for varied daily wear. The material will naturally soften and develop a unique patina over time.,Liebeskind Berlin,men,Belts,Accessories|Belts,cream,Cotton canvas,false,83.99,119.99,30,true,4.5,314,85|90|95|100,https://pub-2e4a163f7e1b4ee49c544ba33966ad8e.r2.dev/catalog/ay-000628-1.jpg,Belt 'ALBA' Liebeskind Berlin Belts This belt is constructed from durable cotton canvas in a neutral cream colour. Its simple design makes it suitable for varied daily wear. The material will naturally soften and develop a unique patina over time.
ay-000629,Laptop Bag 'HOLM',Leather offers a sophisticated and durable feel. This taupe commuter briefcase includes a padded sleeve and dedicated laptop compartment for up to a 15-inch device. It is designed to carry documents and essential items during daily travel.,HUGO,women,Business & laptop bags,Accessories|Bags & backpacks|Bags|Business & laptop bags,taupe,Leather,false,60.71,80.95,25,false,4.4,267,ONE SIZE,https://pub-2e4a163f7e1b4ee49c544ba33966ad8e.r2.dev/catalog/ay-000629-1.jpg,Laptop Bag 'HOLM' HUGO Business & laptop bags Leather offers a sophisticated and durable feel. This taupe commuter briefcase includes a padded sleeve and dedicated laptop compartment for up to a 15-inch device. It is designed to carry documents and essential items during daily travel.
ay-000630,Knit 'CASCAIS',"For casual daytime wear, this lightweight knit is suitable for all seasons. It is constructed from breathable grey Viscose, offering comfortable coverage. This material provides a soft drape and easy care for everyday use.",NU-IN,men,Sweaters & knitwear,Clothing|Sweaters & knitwear,grey,Viscose,false,20.99,,,true,,,XS|S|M|L|XL,https://pub-2e4a163f7e1b4ee49c544ba33966ad8e.r2.dev/catalog/ay-000630-1.jpg,"Knit 'CASCAIS' NU-IN Sweaters & knitwear For casual daytime wear, this lightweight knit is suitable for all seasons. It is constructed from breathable grey Viscose, offering comfortable coverage. This material provides a soft drape and easy care for everyday use."
ay-000631,Hoodie 'TUDELA',"Sage is a versatile colour that pairs easily with trousers and jeans. This comfortable hoodie is made from organic cotton, offering breathability and a soft feel. It is designed for casual everyday wear.",NU-IN,men,Hoodies,Clothing|Hoodies,sage,Organic cotton,false,48.48,96.95,50,true,4.7,386,XS|S|M|L|XL,https://pub-2e4a163f7e1b4ee49c544ba33966ad8e.r2.dev/catalog/ay-000631-1.jpg,"Hoodie 'TUDELA' NU-IN Hoodies Sage is a versatile colour that pairs easily with trousers and jeans. This comfortable hoodie is made from organic cotton, offering breathability and a soft feel. It is designed for casual everyday wear."
ay-000632,Daypack 'KIRUNA',"Coated canvas provides a structured and durable feel for this daypack. This beige backpack features ample compartments, making it suitable for daily use. It is a straightforward, robust bag designed for everyday carrying needs.",Camel Active,women,Backpacks,Accessories|Bags & backpacks|Bags|Backpacks,beige,Coated canvas,false,23.39,38.99,40,true,4.8,604,ONE SIZE,https://pub-2e4a163f7e1b4ee49c544ba33966ad8e.r2.dev/catalog/ay-000632-1.jpg,"Daypack 'KIRUNA' Camel Active Backpacks Coated canvas provides a structured and durable feel for this daypack. This beige backpack features ample compartments, making it suitable for daily use. It is a straightforward, robust bag designed for everyday carrying needs."
ay-000633,Pumps 'KIELCE',"Emerald pumps complement many wardrobes. These heels are constructed from durable synthetic material, offering a vibrant colour choice. The classic design provides a comfortable yet polished finish suitable for formal occasions.",Reebok Classics,women,High heels,Shoes|High heels,emerald,Synthetic,false,45.90,54.00,15,true,3.6,589,36|37|38|39|40|41,https://pub-2e4a163f7e1b4ee49c544ba33966ad8e.r2.dev/catalog/ay-000633-1.jpg,"Pumps 'KIELCE' Reebok Classics High heels Emerald pumps complement many wardrobes. These heels are constructed from durable synthetic material, offering a vibrant colour choice. The classic design provides a comfortable yet polished finish suitable for formal occasions."
ay-000634,Laptop Backpack 'PISA',"This brown cotton canvas backpack is designed for professional commuting and carrying documents. It features a padded sleeve for a 15-inch laptop compartment. Its capacity is comparable to a standard commuter briefcase, but noticeably lighter.",Camel Active,men,Business & laptop bags,Accessories|Bags & backpacks|Bags|Business & laptop bags,brown,Cotton canvas,false,93.56,116.95,20,true,3.7,306,ONE SIZE,https://pub-2e4a163f7e1b4ee49c544ba33966ad8e.r2.dev/catalog/ay-000634-1.jpg,"Laptop Backpack 'PISA' Camel Active Business & laptop bags This brown cotton canvas backpack is designed for professional commuting and carrying documents. It features a padded sleeve for a 15-inch laptop compartment. Its capacity is comparable to a standard commuter briefcase, but noticeably lighter."
ay-000635,Sunglasses 'ANNECY',"Bordeaux pairs effectively with both summer and autumnal tones. These sunglasses feature a striking bordeaux frame, offering both sun protection and a classic aesthetic. They are suitable for varied daywear occasions.",Calvin Klein,women,Sunglasses,Accessories|Sunglasses,bordeaux,,false,36.00,45.00,20,true,4.3,249,ONE SIZE,https://pub-2e4a163f7e1b4ee49c544ba33966ad8e.r2.dev/catalog/ay-000635-1.jpg,"Sunglasses 'ANNECY' Calvin Klein Sunglasses Bordeaux pairs effectively with both summer and autumnal tones. These sunglasses feature a striking bordeaux frame, offering both sun protection and a classic aesthetic. They are suitable for varied daywear occasions."
ay-000636,Loafers 'GRASSE',"These slip-on loafers are offered in a versatile mocha tone. They are lightweight, feeling as easy to wear as a pair of socks, and provide comfortable support for daily activity.",Lauren Ralph Lauren,men,Slip-ons,Shoes|Slip-ons,mocha,,true,97.50,195.00,50,false,4.6,437,41|42|43|44|45,https://pub-2e4a163f7e1b4ee49c544ba33966ad8e.r2.dev/catalog/ay-000636-1.jpg,"Loafers 'GRASSE' Lauren Ralph Lauren Slip-ons These slip-on loafers are offered in a versatile mocha tone. They are lightweight, feeling as easy to wear as a pair of socks, and provide comfortable support for daily activity."
ay-000637,Top 'SORIA',"This simple cotton top is available in a versatile beige shade. The breathable fabric is comfortable for everyday wear and develops a soft, lived-in feel with every wash. It maintains its shape and texture beautifully over time.",Polo Ralph Lauren,women,Tops,Clothing|Tops,beige,Cotton,true,70.49,93.99,25,true,3.7,125,XS|S|M|L|XL,https://pub-2e4a163f7e1b4ee49c544ba33966ad8e.r2.dev/catalog/ay-000637-1.jpg,"Top 'SORIA' Polo Ralph Lauren Tops This simple cotton top is available in a versatile beige shade. The breathable fabric is comfortable for everyday wear and develops a soft, lived-in feel with every wash. It maintains its shape and texture beautifully over time."
ay-000638,Hobo Bag 'TOLEDO',This anthracite polyester hobo bag offers substantial storage space. The lightweight construction makes it ideal for carrying essentials during a busy daily commute. It provides a reliable and practical accessory.,Polo Ralph Lauren,women,Shoulder bags,Accessories|Bags & backpacks|Bags|Shoulder bags,anthracite,Polyester,true,217.00,,,true,3.8,364,ONE SIZE,https://pub-2e4a163f7e1b4ee49c544ba33966ad8e.r2.dev/catalog/ay-000638-1.jpg,Hobo Bag 'TOLEDO' Polo Ralph Lauren Shoulder bags This anthracite polyester hobo bag offers substantial storage space. The lightweight construction makes it ideal for carrying essentials during a busy daily commute. It provides a reliable and practical accessory.
ay-000639,Crossbody Bag 'EVORA',"Zip closure secures this structured anthracite leather bag, offering secure storage for daily essentials. The design features multiple internal compartments and an adjustable strap for comfortable wear. This versatile bag provides reliable utility.",Camel Active,men,Crossbody bags,Accessories|Bags & backpacks|Bags|Crossbody bags,anthracite,Leather,false,22.00,44.00,50,true,4.6,63,ONE SIZE,https://pub-2e4a163f7e1b4ee49c544ba33966ad8e.r2.dev/catalog/ay-000639-1.jpg,"Crossbody Bag 'EVORA' Camel Active Crossbody bags Zip closure secures this structured anthracite leather bag, offering secure storage for daily essentials. The design features multiple internal compartments and an adjustable strap for comfortable wear. This versatile bag provides reliable utility."
ay-000640,Boots 'NOVARA',"The robust zip fastening ensures a secure fit. These boots are constructed from emerald recycled mesh, offering durable wear. They feature a low profile and comfortable ankle support.",BOSS,men,Boots,Shoes|Boots,emerald,Recycled mesh,true,164.21,218.95,25,true,3.8,118,41|42|43|44|45,https://pub-2e4a163f7e1b4ee49c544ba33966ad8e.r2.dev/catalog/ay-000640-1.jpg,"Boots 'NOVARA' BOSS Boots The robust zip fastening ensures a secure fit. These boots are constructed from emerald recycled mesh, offering durable wear. They feature a low profile and comfortable ankle support."
ay-000641,Laptop Sleeve 'PADUA',"This mocha Saffiano leather sleeve features a padded compartment for a 15-inch laptop and essential documents. It is designed for the commuter, offering durable protection for professional use. The material requires regular cleaning to maintain its appearance.",Liebeskind Berlin,women,Business & laptop bags,Accessories|Bags & backpacks|Bags|Business & laptop bags,mocha,Saffiano leather,false,198.00,,,true,4.0,504,ONE SIZE,https://pub-2e4a163f7e1b4ee49c544ba33966ad8e.r2.dev/catalog/ay-000641-1.jpg,"Laptop Sleeve 'PADUA' Liebeskind Berlin Business & laptop bags This mocha Saffiano leather sleeve features a padded compartment for a 15-inch laptop and essential documents. It is designed for the commuter, offering durable protection for professional use. The material requires regular cleaning to maintain its appearance."
ay-000642,Running Shoes 'JEREZ',"The lace-up fastening provides a secure, adjustable fit. Constructed from khaki suede, these running shoes offer reliable comfort. The durable design is suitable for moderate runs and daily training.",Birkenstock,women,Running shoes,Sportswear|Running shoes,khaki,Suede,false,34.46,45.95,25,true,4.5,530,36|37|38|39|40|41,https://pub-2e4a163f7e1b4ee49c544ba33966ad8e.r2.dev/catalog/ay-000642-1.jpg,"Running Shoes 'JEREZ' Birkenstock Running shoes The lace-up fastening provides a secure, adjustable fit. Constructed from khaki suede, these running shoes offer reliable comfort. The durable design is suitable for moderate runs and daily training."
ay-000643,Dress 'VIANA',"This mocha cotton blend dress provides reliable comfort and structure. The durable material is designed to maintain its shape and feel even after repeated washing, ensuring consistent wearability.",PIECES,women,Dresses,Clothing|Dresses,mocha,Cotton blend,false,70.66,100.95,30,true,4.9,447,XS|S|M|L|XL,https://pub-2e4a163f7e1b4ee49c544ba33966ad8e.r2.dev/catalog/ay-000643-1.jpg,"Dress 'VIANA' PIECES Dresses This mocha cotton blend dress provides reliable comfort and structure. The durable material is designed to maintain its shape and feel even after repeated washing, ensuring consistent wearability."
ay-000644,Sports Jacket 'OAKLEY',Full zip fastening allows for easy wear. This sports jacket is constructed from lightweight Chiffon material in a deep chocolate hue. It offers breathability suitable for general athletic pursuits.,VERO MODA,women,Sports jackets,Sportswear|Sports jackets,chocolate,Chiffon,false,87.49,124.99,30,false,4.5,494,XS|S|M|L|XL,https://pub-2e4a163f7e1b4ee49c544ba33966ad8e.r2.dev/catalog/ay-000644-1.jpg,Sports Jacket 'OAKLEY' VERO MODA Sports jackets Full zip fastening allows for easy wear. This sports jacket is constructed from lightweight Chiffon material in a deep chocolate hue. It offers breathability suitable for general athletic pursuits.
ay-000645,Trainers 'DORSET',"For everyday wear, these trainers offer a classic finish suitable for both casual and smart occasions. Constructed from durable black leather, they provide a refined aesthetic that maintains comfort and durability.",adidas Originals,men,Sneakers,Shoes|Sneakers,black,Leather,false,50.40,84.00,40,true,4.4,557,41|42|43|44|45,https://pub-2e4a163f7e1b4ee49c544ba33966ad8e.r2.dev/catalog/ay-000645-1.jpg,"Trainers 'DORSET' adidas Originals Sneakers For everyday wear, these trainers offer a classic finish suitable for both casual and smart occasions. Constructed from durable black leather, they provide a refined aesthetic that maintains comfort and durability."
ay-000646,Handbag 'TRURO',"Polyester offers a durable and smooth texture for this practical handbag. The deep black colour makes it suitable for daily wear. It features a structured design, providing ample storage space for your daily essentials.",Liebeskind Berlin,women,Handbags,Accessories|Bags & backpacks|Bags|Handbags,black,Polyester,false,92.95,,,true,,,ONE SIZE,https://pub-2e4a163f7e1b4ee49c544ba33966ad8e.r2.dev/catalog/ay-000646-1.jpg,"Handbag 'TRURO' Liebeskind Berlin Handbags Polyester offers a durable and smooth texture for this practical handbag. The deep black colour makes it suitable for daily wear. It features a structured design, providing ample storage space for your daily essentials."
ay-000647,Boots 'OLBIA',"Featuring a durable zip fastening, these boots are constructed entirely from supple suede. The deep burgundy hue provides a rich colour finish, suitable for autumn and winter wear. They maintain a classic, substantial silhouette.",Polo Ralph Lauren,kids,Boots,Shoes|Boots,burgundy,Suede,true,135.71,180.95,25,true,4.5,201,30|31|32|33|34,https://pub-2e4a163f7e1b4ee49c544ba33966ad8e.r2.dev/catalog/ay-000647-1.jpg,"Boots 'OLBIA' Polo Ralph Lauren Boots Featuring a durable zip fastening, these boots are constructed entirely from supple suede. The deep burgundy hue provides a rich colour finish, suitable for autumn and winter wear. They maintain a classic, substantial silhouette."
ay-000648,Sunglasses 'RAVENNA',"These black sunglasses are constructed from wool felt, offering a unique and lightweight aesthetic. This material is delicate and requires careful handling; please ensure they remain dry when storing them.",Liebeskind Berlin,women,Sunglasses,Accessories|Sunglasses,black,Wool felt,false,52.00,104.00,50,true,3.9,346,ONE SIZE,https://pub-2e4a163f7e1b4ee49c544ba33966ad8e.r2.dev/catalog/ay-000648-1.jpg,"Sunglasses 'RAVENNA' Liebeskind Berlin Sunglasses These black sunglasses are constructed from wool felt, offering a unique and lightweight aesthetic. This material is delicate and requires careful handling; please ensure they remain dry when storing them."
ay-000649,Laptop Sleeve 'ZAMORA',"This olive Nylon sleeve provides a padded compartment for your 15-inch laptop and essential documents. Suitable for the daily commuter, it fits neatly into any briefcase. At a weight less than a paperback book, it remains highly portable.",bugatti,women,Business & laptop bags,Accessories|Bags & backpacks|Bags|Business & laptop bags,olive,Nylon,false,174.00,,,true,3.8,558,ONE SIZE,https://pub-2e4a163f7e1b4ee49c544ba33966ad8e.r2.dev/catalog/ay-000649-1.jpg,"Laptop Sleeve 'ZAMORA' bugatti Business & laptop bags This olive Nylon sleeve provides a padded compartment for your 15-inch laptop and essential documents. Suitable for the daily commuter, it fits neatly into any briefcase. At a weight less than a paperback book, it remains highly portable."
ay-000650,Jeans 'OLTEN',"These beige linen jeans offer a breathable and comfortable fit suitable for relaxed summer wear. The linen material provides a smart alternative to heavy denim. They are ideal for casual occasions, such as weekend outings or garden parties.",NA-KD,men,Jeans,Clothing|Jeans,beige,Linen,false,77.00,,,true,3.7,196,29|30|31|32|33|34|36,https://pub-2e4a163f7e1b4ee49c544ba33966ad8e.r2.dev/catalog/ay-000650-1.jpg,"Jeans 'OLTEN' NA-KD Jeans These beige linen jeans offer a breathable and comfortable fit suitable for relaxed summer wear. The linen material provides a smart alternative to heavy denim. They are ideal for casual occasions, such as weekend outings or garden parties."
ay-000651,Pants 'KOTOR',"Viscose fabric offers a soft and fluid drape, providing comfortable wear throughout the day. These anthracite pants feature a refined cut and are designed for versatile styling. They are suitable for both smart casual and relaxed professional settings.",BOSS,men,Pants,Clothing|Pants,anthracite,Viscose,true,317.99,,,false,4.2,422,29|30|31|32|33|34|36,https://pub-2e4a163f7e1b4ee49c544ba33966ad8e.r2.dev/catalog/ay-000651-1.jpg,"Pants 'KOTOR' BOSS Pants Viscose fabric offers a soft and fluid drape, providing comfortable wear throughout the day. These anthracite pants feature a refined cut and are designed for versatile styling. They are suitable for both smart casual and relaxed professional settings."
ay-000652,Blouse 'TRENTO',This chocolate blouse is constructed from fine Merino wool. It features a comfortable fit and a weight comparable to a thick hand towel. The natural fibres provide warmth and structure for everyday wear.,VERO MODA,women,Blouses & tunics,Clothing|Blouses & tunics,chocolate,Merino wool,false,52.99,,,true,3.6,45,XS|S|M|L|XL,https://pub-2e4a163f7e1b4ee49c544ba33966ad8e.r2.dev/catalog/ay-000652-1.jpg,Blouse 'TRENTO' VERO MODA Blouses & tunics This chocolate blouse is constructed from fine Merino wool. It features a comfortable fit and a weight comparable to a thick hand towel. The natural fibres provide warmth and structure for everyday wear.
ay-000653,Belt Bag 'ERFURT',Burgundy complements both neutral and dark clothing. This practical waist bag is constructed from durable Saffiano leather. It provides a secure and sophisticated place to carry your everyday essentials.,Polo Ralph Lauren,kids,Bum bags,Accessories|Bags & backpacks|Bags|Bum bags,burgundy,Saffiano leather,true,50.00,100.00,50,true,4.1,483,ONE SIZE,https://pub-2e4a163f7e1b4ee49c544ba33966ad8e.r2.dev/catalog/ay-000653-1.jpg,Belt Bag 'ERFURT' Polo Ralph Lauren Bum bags Burgundy complements both neutral and dark clothing. This practical waist bag is constructed from durable Saffiano leather. It provides a secure and sophisticated place to carry your everyday essentials.
ay-000654,Loafers 'SALO',"The slip-on design ensures easy, quick wear. These loafers feature a breathable mesh upper in a deep brown colour. They provide a comfortable, casual option suitable for everyday use.",Tamaris,women,Slip-ons,Shoes|Slip-ons,brown,Mesh,false,69.99,,,true,4.8,134,36|37|38|39|40|41,https://pub-2e4a163f7e1b4ee49c544ba33966ad8e.r2.dev/catalog/ay-000654-1.jpg,"Loafers 'SALO' Tamaris Slip-ons The slip-on design ensures easy, quick wear. These loafers feature a breathable mesh upper in a deep brown colour. They provide a comfortable, casual option suitable for everyday use."
ay-000655,Tote Bag 'LINZ',"Sage, complementing most wardrobes, this durable Nylon tote bag is designed for reliable everyday use. Its lightweight structure makes it ideal for carrying books or for general shopping. This practical bag offers ample, dependable storage space.",Copenhagen Studios,men,Tote bags,Accessories|Bags & backpacks|Bags|Tote bags,sage,Nylon,true,215.16,268.95,20,true,4.4,629,ONE SIZE,https://pub-2e4a163f7e1b4ee49c544ba33966ad8e.r2.dev/catalog/ay-000655-1.jpg,"Tote Bag 'LINZ' Copenhagen Studios Tote bags Sage, complementing most wardrobes, this durable Nylon tote bag is designed for reliable everyday use. Its lightweight structure makes it ideal for carrying books or for general shopping. This practical bag offers ample, dependable storage space."
ay-000656,Bracelet 'BODEN',"This acetate bracelet features a subtle ecru shade, offering a refined addition to any ensemble. Its durable and lightweight design makes it particularly suitable for professional office wear.",BOSS,men,Jewelry,Accessories|Jewelry,ecru,Acetate,true,164.25,219.00,25,false,4.3,35,ONE SIZE,https://pub-2e4a163f7e1b4ee49c544ba33966ad8e.r2.dev/catalog/ay-000656-1.jpg,"Bracelet 'BODEN' BOSS Jewelry This acetate bracelet features a subtle ecru shade, offering a refined addition to any ensemble. Its durable and lightweight design makes it particularly suitable for professional office wear."
ay-000657,Jacket 'TRALEE',"This emerald wool blend jacket provides substantial warmth and a refined, classic silhouette. With careful wear, the natural fibers will develop a desirable patina, ensuring the jacket retains its structure and character over time.",VERO MODA,women,Jackets,Clothing|Jackets,emerald,Wool blend,false,56.00,112.00,50,true,4.2,540,XS|S|M|L|XL,https://pub-2e4a163f7e1b4ee49c544ba33966ad8e.r2.dev/catalog/ay-000657-1.jpg,"Jacket 'TRALEE' VERO MODA Jackets This emerald wool blend jacket provides substantial warmth and a refined, classic silhouette. With careful wear, the natural fibers will develop a desirable patina, ensuring the jacket retains its structure and character over time."
ay-000658,Daypack 'LUGANO',"Sage, complementing any outfit, is presented in recycled polyester. This durable day pack is constructed from sustainable materials, offering a practical and lightweight alternative for daily use. The structured bag provides ample storage capacity for essential items.",millane,men,Backpacks,Accessories|Bags & backpacks|Bags|Backpacks,sage,Recycled polyester,false,55.74,92.90,40,true,3.8,139,ONE SIZE,https://pub-2e4a163f7e1b4ee49c544ba33966ad8e.r2.dev/catalog/ay-000658-1.jpg,"Daypack 'LUGANO' millane Backpacks Sage, complementing any outfit, is presented in recycled polyester. This durable day pack is constructed from sustainable materials, offering a practical and lightweight alternative for daily use. The structured bag provides ample storage capacity for essential items."
ay-000659,Midi Dress 'WEXFORD',"Ideal for warm-weather occasions, this midi dress is constructed from breathable linen. The versatile taupe colourway offers a classic, understated aesthetic. It provides a comfortable fit suitable for both daytime wear and relaxed evening gatherings.",NU-IN,women,Dresses,Clothing|Dresses,taupe,Linen,false,99.44,116.99,15,true,3.9,539,XS|S|M|L|XL,https://pub-2e4a163f7e1b4ee49c544ba33966ad8e.r2.dev/catalog/ay-000659-1.jpg,"Midi Dress 'WEXFORD' NU-IN Dresses Ideal for warm-weather occasions, this midi dress is constructed from breathable linen. The versatile taupe colourway offers a classic, understated aesthetic. It provides a comfortable fit suitable for both daytime wear and relaxed evening gatherings."
ay-000660,Skirt 'THIRSK',"Featuring a secure zip fastening and clean finish, this satin skirt is cut from a soft taupe fabric. The elegant drape of the material ensures a polished silhouette, making it suitable for varied daytime and evening occasions.",VERO MODA,women,Skirts,Clothing|Skirts,taupe,Satin,false,58.64,68.99,15,true,4.9,585,XS|S|M|L|XL,https://pub-2e4a163f7e1b4ee49c544ba33966ad8e.r2.dev/catalog/ay-000660-1.jpg,"Skirt 'THIRSK' VERO MODA Skirts Featuring a secure zip fastening and clean finish, this satin skirt is cut from a soft taupe fabric. The elegant drape of the material ensures a polished silhouette, making it suitable for varied daytime and evening occasions."
ay-000661,Belt Bag 'EIGER',"Lilac complements various outfits, making this stylish bag an ideal accessory. Constructed from durable Saffiano leather, it features a secure belt design. This compact bag offers practical storage for everyday essentials.",millane,women,Bum bags,Accessories|Bags & backpacks|Bags|Bum bags,lilac,Saffiano leather,false,62.00,,,true,4.4,295,ONE SIZE,https://pub-2e4a163f7e1b4ee49c544ba33966ad8e.r2.dev/catalog/ay-000661-1.jpg,"Belt Bag 'EIGER' millane Bum bags Lilac complements various outfits, making this stylish bag an ideal accessory. Constructed from durable Saffiano leather, it features a secure belt design. This compact bag offers practical storage for everyday essentials."
ay-000662,Tunic 'AVORA',"For a versatile piece suitable for both work and weekend wear, this tunic offers understated elegance. It is constructed from soft cotton poplin and features a classic taupe shade. The breathable fabric provides comfortable all-day wear.",LASCANA,women,Blouses & tunics,Clothing|Blouses & tunics,taupe,Cotton poplin,false,86.69,101.99,15,true,4.8,155,XS|S|M|L|XL,https://pub-2e4a163f7e1b4ee49c544ba33966ad8e.r2.dev/catalog/ay-000662-1.jpg,"Tunic 'AVORA' LASCANA Blouses & tunics For a versatile piece suitable for both work and weekend wear, this tunic offers understated elegance. It is constructed from soft cotton poplin and features a classic taupe shade. The breathable fabric provides comfortable all-day wear."
ay-000663,Phone Case 'EDEN',"The precisely cut openings ensure easy access to all ports and buttons. This durable protective case is made from silicone, featuring a smooth cognac finish. It provides a secure grip and reliable protection for your device.",HUGO,women,Smartphone cases,Accessories|Smartphone cases,cognac,Silicone,false,17.97,29.95,40,true,4.2,352,ONE SIZE,https://pub-2e4a163f7e1b4ee49c544ba33966ad8e.r2.dev/catalog/ay-000663-1.jpg,"Phone Case 'EDEN' HUGO Smartphone cases The precisely cut openings ensure easy access to all ports and buttons. This durable protective case is made from silicone, featuring a smooth cognac finish. It provides a secure grip and reliable protection for your device."
ay-000664,Work Tote 'PERUGIA',"This white nubuck tote is ideal for the professional commuter. It features a secure padded sleeve and spacious compartments for documents and up to a 15-inch laptop. Functioning as a durable briefcase alternative, it provides reliable carry capacity.",Camel Active,women,Business & laptop bags,Accessories|Bags & backpacks|Bags|Business & laptop bags,white,Nubuck,false,65.37,108.95,40,true,4.7,330,ONE SIZE,https://pub-2e4a163f7e1b4ee49c544ba33966ad8e.r2.dev/catalog/ay-000664-1.jpg,"Work Tote 'PERUGIA' Camel Active Business & laptop bags This white nubuck tote is ideal for the professional commuter. It features a secure padded sleeve and spacious compartments for documents and up to a 15-inch laptop. Functioning as a durable briefcase alternative, it provides reliable carry capacity."
ay-000665,Shoulder Bag 'CORFU',"This lilac shoulder bag provides ample space for daily essentials. Its structured design makes it a practical choice for a casual weekend outing, ensuring everything remains organised and secure.",HUGO,women,Shoulder bags,Accessories|Bags & backpacks|Bags|Shoulder bags,lilac,,false,50.00,,,true,4.8,536,ONE SIZE,https://pub-2e4a163f7e1b4ee49c544ba33966ad8e.r2.dev/catalog/ay-000665-1.jpg,"Shoulder Bag 'CORFU' HUGO Shoulder bags This lilac shoulder bag provides ample space for daily essentials. Its structured design makes it a practical choice for a casual weekend outing, ensuring everything remains organised and secure."
ay-000666,Dress 'ILFORD',"For casual outings, this dress offers comfortable wearability. The garment is constructed from breathable cotton material and features a deep chocolate colourway. Its simple design provides reliable, everyday comfort.",Copenhagen Studios,women,Dresses,Clothing|Dresses,chocolate,Cotton,true,172.16,245.95,30,true,4.9,460,XS|S|M|L|XL,https://pub-2e4a163f7e1b4ee49c544ba33966ad8e.r2.dev/catalog/ay-000666-1.jpg,"Dress 'ILFORD' Copenhagen Studios Dresses For casual outings, this dress offers comfortable wearability. The garment is constructed from breathable cotton material and features a deep chocolate colourway. Its simple design provides reliable, everyday comfort."
ay-000667,Briefcase 'VIGO',"This cream briefcase, constructed from Recycled polyester, is designed for the professional commuter. It includes a padded sleeve and designated space for documents and a 15-inch laptop. Weighing less than a standard textbook, it provides essential protection for your daily carry.",bugatti,men,Business & laptop bags,Accessories|Bags & backpacks|Bags|Business & laptop bags,cream,Recycled polyester,false,128.99,171.99,25,false,4.8,96,ONE SIZE,https://pub-2e4a163f7e1b4ee49c544ba33966ad8e.r2.dev/catalog/ay-000667-1.jpg,"Briefcase 'VIGO' bugatti Business & laptop bags This cream briefcase, constructed from Recycled polyester, is designed for the professional commuter. It includes a padded sleeve and designated space for documents and a 15-inch laptop. Weighing less than a standard textbook, it provides essential protection for your daily carry."
ay-000668,Tunic 'VALENCA',"Sage crepe offers a versatile foundation for any outfit. This tunic features a comfortable, breathable crepe material and a flattering drape. It is designed to be a simple, effortless staple for everyday wear.",LASCANA,women,Blouses & tunics,Clothing|Blouses & tunics,sage,Crepe,false,88.50,118.00,25,true,4.3,281,XS|S|M|L|XL,https://pub-2e4a163f7e1b4ee49c544ba33966ad8e.r2.dev/catalog/ay-000668-1.jpg,"Tunic 'VALENCA' LASCANA Blouses & tunics Sage crepe offers a versatile foundation for any outfit. This tunic features a comfortable, breathable crepe material and a flattering drape. It is designed to be a simple, effortless staple for everyday wear."
ay-000669,Sandals 'VILNA',"These synthetic sandals arrive in a practical sage colourway. They are designed for reliable comfort suitable for daily wear. With regular use, the material is built to maintain its structure and colour over time.",Puma,kids,Sandals,Shoes|Sandals,sage,Synthetic,false,37.80,63.00,40,true,4.1,612,30|31|32|33|34,https://pub-2e4a163f7e1b4ee49c544ba33966ad8e.r2.dev/catalog/ay-000669-1.jpg,"Sandals 'VILNA' Puma Sandals These synthetic sandals arrive in a practical sage colourway. They are designed for reliable comfort suitable for daily wear. With regular use, the material is built to maintain its structure and colour over time."
ay-000670,Sweater 'OTRANTO',"The ribbed cuffs ensure a neat fit. This sweater is constructed from a luxurious emerald Alpaca blend, offering warmth and a soft texture. It provides reliable comfort for cool weather periods.",Copenhagen Studios,men,Sweaters & knitwear,Clothing|Sweaters & knitwear,emerald,Alpaca blend,true,127.50,254.99,50,true,4.6,271,XS|S|M|L|XL,https://pub-2e4a163f7e1b4ee49c544ba33966ad8e.r2.dev/catalog/ay-000670-1.jpg,"Sweater 'OTRANTO' Copenhagen Studios Sweaters & knitwear The ribbed cuffs ensure a neat fit. This sweater is constructed from a luxurious emerald Alpaca blend, offering warmth and a soft texture. It provides reliable comfort for cool weather periods."
ay-000671,Card Holder 'URBINO',"Camel provides a versatile accent for any outfit. This card holder is constructed from durable cotton canvas. It offers ample space for cards and banknotes, ensuring a reliable and lightweight carrying solution.",Camel Active,men,Wallets & cases,Accessories|Wallets & cases,camel,Cotton canvas,false,65.00,129.99,50,true,4.5,97,ONE SIZE,https://pub-2e4a163f7e1b4ee49c544ba33966ad8e.r2.dev/catalog/ay-000671-1.jpg,"Card Holder 'URBINO' Camel Active Wallets & cases Camel provides a versatile accent for any outfit. This card holder is constructed from durable cotton canvas. It offers ample space for cards and banknotes, ensuring a reliable and lightweight carrying solution."
ay-000672,Trainers 'TERAMO',"Made from recycled mesh in a muted cream, cut for everyday wear rather than occasions. The seams sit flat and the shape holds up after washing, which makes it an easy thing to reach for on an ordinary morning.",New Balance,men,Sneakers,Shoes|Sneakers,cream,Recycled mesh,false,75.90,,,true,4.8,271,41|42|43|44|45,https://pub-2e4a163f7e1b4ee49c544ba33966ad8e.r2.dev/catalog/ay-000672-1.jpg,"Trainers 'TERAMO' New Balance Sneakers Made from recycled mesh in a muted cream, cut for everyday wear rather than occasions. The seams sit flat and the shape holds up after washing, which makes it an easy thing to reach for on an ordinary morning."
ay-000673,Ballet Flats 'UMEA',The narrow toe box offers a comfortable fit for extended wear. These ballet flats are constructed from smooth leather and presented in a versatile mocha shade. They offer a sophisticated and practical shoe option for daily use.,Reebok Classics,women,Ballet flats,Shoes|Ballet flats,mocha,Leather,false,33.11,38.95,15,true,4.8,572,36|37|38|39|40|41,https://pub-2e4a163f7e1b4ee49c544ba33966ad8e.r2.dev/catalog/ay-000673-1.jpg,Ballet Flats 'UMEA' Reebok Classics Ballet flats The narrow toe box offers a comfortable fit for extended wear. These ballet flats are constructed from smooth leather and presented in a versatile mocha shade. They offer a sophisticated and practical shoe option for daily use.
ay-000674,Pants 'VERONA',"Merino wool provides natural warmth and a soft feel against the skin. These cream-coloured trousers are cut for comfort, offering lightweight support and stretch. The durable natural fibres ensure consistent wear and ease of care.",VILA,men,Pants,Clothing|Pants,cream,Merino wool,false,16.20,27.00,40,true,4.1,393,29|30|31|32|33|34|36,https://pub-2e4a163f7e1b4ee49c544ba33966ad8e.r2.dev/catalog/ay-000674-1.jpg,"Pants 'VERONA' VILA Pants Merino wool provides natural warmth and a soft feel against the skin. These cream-coloured trousers are cut for comfort, offering lightweight support and stretch. The durable natural fibres ensure consistent wear and ease of care."
ay-000675,Belt 'SINTRA',"This durable cognac leather belt offers a reliable fit and a classic appearance. It pairs effectively with tailored trousers or chinos, providing a smart finish for professional occasions. The quality leather ensures dependable use for years to come.",Coccinelle,women,Belts,Accessories|Belts,cognac,Leather,false,39.19,48.99,20,true,4.3,53,85|90|95|100,https://pub-2e4a163f7e1b4ee49c544ba33966ad8e.r2.dev/catalog/ay-000675-1.jpg,"Belt 'SINTRA' Coccinelle Belts This durable cognac leather belt offers a reliable fit and a classic appearance. It pairs effectively with tailored trousers or chinos, providing a smart finish for professional occasions. The quality leather ensures dependable use for years to come."
ay-000676,Hoodie 'CANNES',"For casual wear or cold evenings, this navy hoodie offers comfort and warmth. The soft Alpaca blend material provides a breathable yet cosy fit. It is suitable for everyday layering during cooler months.",American Vintage,men,Hoodies,Clothing|Hoodies,navy,Alpaca blend,false,99.95,,,true,4.0,195,XS|S|M|L|XL,https://pub-2e4a163f7e1b4ee49c544ba33966ad8e.r2.dev/catalog/ay-000676-1.jpg,"Hoodie 'CANNES' American Vintage Hoodies For casual wear or cold evenings, this navy hoodie offers comfort and warmth. The soft Alpaca blend material provides a breathable yet cosy fit. It is suitable for everyday layering during cooler months."
ay-000677,Backpack 'SKAGEN',"This functional khaki faux leather backpack provides practical storage for daily essentials. Weighing approximately the same as a standard textbook bag, it is a reliable and durable everyday bag.",Polo Ralph Lauren,women,Backpacks,Accessories|Bags & backpacks|Bags|Backpacks,khaki,Faux leather,true,291.90,,,true,4.7,136,ONE SIZE,https://pub-2e4a163f7e1b4ee49c544ba33966ad8e.r2.dev/catalog/ay-000677-1.jpg,"Backpack 'SKAGEN' Polo Ralph Lauren Backpacks This functional khaki faux leather backpack provides practical storage for daily essentials. Weighing approximately the same as a standard textbook bag, it is a reliable and durable everyday bag."
ay-000678,Hobo Bag 'STAVA',This versatile hobo bag is constructed from durable coated canvas in a striking emerald shade. Its substantial size allows it to carry essentials like a book and a small notepad. It weighs approximately one kilogram.,Camel Active,women,Shoulder bags,Accessories|Bags & backpacks|Bags|Shoulder bags,emerald,Coated canvas,false,87.99,109.99,20,true,3.6,313,ONE SIZE,https://pub-2e4a163f7e1b4ee49c544ba33966ad8e.r2.dev/catalog/ay-000678-1.jpg,Hobo Bag 'STAVA' Camel Active Shoulder bags This versatile hobo bag is constructed from durable coated canvas in a striking emerald shade. Its substantial size allows it to carry essentials like a book and a small notepad. It weighs approximately one kilogram.
ay-000679,Shorts 'BARI',"These shorts feature practical side pockets and a comfortable waistband. Made from a breathable Viscose blend, the cream colour provides suitable coverage for light physical activity. They offer a lightweight alternative for general sportswear wear.",RÆRE by Lorena Rae,kids,Sports bottoms & leggings,Sportswear|Sports bottoms & leggings,cream,Viscose,false,89.53,127.90,30,true,4.3,370,110|116|122|128,https://pub-2e4a163f7e1b4ee49c544ba33966ad8e.r2.dev/catalog/ay-000679-1.jpg,"Shorts 'BARI' RÆRE by Lorena Rae Sports bottoms & leggings These shorts feature practical side pockets and a comfortable waistband. Made from a breathable Viscose blend, the cream colour provides suitable coverage for light physical activity. They offer a lightweight alternative for general sportswear wear."
ay-000680,Boots 'HANOI',"These boots feature rich emerald leather construction, designed for reliable wear. The durable leather will develop a unique patina over time, adapting to your daily routine. They offer substantial comfort and a professional appearance.",Nike Sportswear,kids,Boots,Shoes|Boots,emerald,Leather,false,40.90,,,true,3.7,317,30|31|32|33|34,https://pub-2e4a163f7e1b4ee49c544ba33966ad8e.r2.dev/catalog/ay-000680-1.jpg,"Boots 'HANOI' Nike Sportswear Boots These boots feature rich emerald leather construction, designed for reliable wear. The durable leather will develop a unique patina over time, adapting to your daily routine. They offer substantial comfort and a professional appearance."
ay-000681,Top 'MERANO',"For sophisticated evening wear, this bordeaux top offers a rich, deep colour and flattering cut. Its tailored fit and quality material make it ideal for formal occasions or dinner outings. This piece pairs easily with trousers or a skirt.",JDY,men,Tops,Clothing|Tops,bordeaux,,false,21.60,27.00,20,true,4.5,179,XS|S|M|L|XL,https://pub-2e4a163f7e1b4ee49c544ba33966ad8e.r2.dev/catalog/ay-000681-1.jpg,"Top 'MERANO' JDY Tops For sophisticated evening wear, this bordeaux top offers a rich, deep colour and flattering cut. Its tailored fit and quality material make it ideal for formal occasions or dinner outings. This piece pairs easily with trousers or a skirt."
ay-000682,Top 'BERGEN',"This khaki Merino wool top provides reliable warmth and natural breathability. The durable fabric retains its shape and comfort, improving with every wash and wearing. It is suitable for year-round, casual British wear.",JDY,men,Tops,Clothing|Tops,khaki,Merino wool,false,30.00,,,true,4.3,276,XS|S|M|L|XL,https://pub-2e4a163f7e1b4ee49c544ba33966ad8e.r2.dev/catalog/ay-000682-1.jpg,"Top 'BERGEN' JDY Tops This khaki Merino wool top provides reliable warmth and natural breathability. The durable fabric retains its shape and comfort, improving with every wash and wearing. It is suitable for year-round, casual British wear."
ay-000683,Midi Dress 'TREVISO',"Beige and versatile for pairing with various accessories, this midi dress is cut from a comfortable cotton blend. The breathable fabric provides ease of wear, making it suitable for both daytime activities and evening occasions. Its simple design ensures effortless style.",BOSS,women,Dresses,Clothing|Dresses,beige,Cotton blend,true,209.90,,,true,3.7,441,XS|S|M|L|XL,https://pub-2e4a163f7e1b4ee49c544ba33966ad8e.r2.dev/catalog/ay-000683-1.jpg,"Midi Dress 'TREVISO' BOSS Dresses Beige and versatile for pairing with various accessories, this midi dress is cut from a comfortable cotton blend. The breathable fabric provides ease of wear, making it suitable for both daytime activities and evening occasions. Its simple design ensures effortless style."
ay-000684,Jacket 'VALENCA',"The button placket provides a neat, structured finish to this white jacket. Constructed from a breathable cotton blend, it features practical pockets and a clean silhouette. This piece offers a refined jacket suitable for everyday smart casual wear.",ABOUT YOU,women,Jackets,Clothing|Jackets,white,Cotton blend,false,78.32,97.90,20,true,3.7,41,XS|S|M|L|XL,https://pub-2e4a163f7e1b4ee49c544ba33966ad8e.r2.dev/catalog/ay-000684-1.jpg,"Jacket 'VALENCA' ABOUT YOU Jackets The button placket provides a neat, structured finish to this white jacket. Constructed from a breathable cotton blend, it features practical pockets and a clean silhouette. This piece offers a refined jacket suitable for everyday smart casual wear."
ay-000685,High Heels 'DENIA',The adjustable ankle strap fastens securely around the leg. These high heels feature deep navy suede and offer a classic silhouette. They provide a refined look suitable for formal occasions.,millane,women,High heels,Shoes|High heels,navy,Suede,false,53.34,88.90,40,true,3.8,365,36|37|38|39|40|41,https://pub-2e4a163f7e1b4ee49c544ba33966ad8e.r2.dev/catalog/ay-000685-1.jpg,High Heels 'DENIA' millane High heels The adjustable ankle strap fastens securely around the leg. These high heels feature deep navy suede and offer a classic silhouette. They provide a refined look suitable for formal occasions.
ay-000686,Loafers 'CORDOBA',"For smart casual settings, these slip-on loafers offer an easy fit. They are constructed from recycled mesh and feature a deep cognac colourway. This style provides a contemporary finish suitable for year-round wear.",Puma,men,Slip-ons,Shoes|Slip-ons,cognac,Recycled mesh,false,26.50,52.99,50,true,3.7,301,41|42|43|44|45,https://pub-2e4a163f7e1b4ee49c544ba33966ad8e.r2.dev/catalog/ay-000686-1.jpg,"Loafers 'CORDOBA' Puma Slip-ons For smart casual settings, these slip-on loafers offer an easy fit. They are constructed from recycled mesh and feature a deep cognac colourway. This style provides a contemporary finish suitable for year-round wear."
ay-000687,Mini Bag 'CALAIS',"This navy suede crossbody bag offers a compact, stylish solution for day-to-day carrying. Its secure design makes it ideal for carrying essentials during city excursions. The durable suede material provides both refinement and practicality.",Camel Active,women,Crossbody bags,Accessories|Bags & backpacks|Bags|Crossbody bags,navy,Suede,false,53.20,76.00,30,false,4.3,546,ONE SIZE,https://pub-2e4a163f7e1b4ee49c544ba33966ad8e.r2.dev/catalog/ay-000687-1.jpg,"Mini Bag 'CALAIS' Camel Active Crossbody bags This navy suede crossbody bag offers a compact, stylish solution for day-to-day carrying. Its secure design makes it ideal for carrying essentials during city excursions. The durable suede material provides both refinement and practicality."
ay-000688,Hoodie 'NORDEN',"This white merino wool hoodie offers reliable warmth and natural breathability. Over time, the garment retains its shape and softness, providing dependable comfort season after season. It is designed for practical, everyday wear.",MORE & MORE,women,Hoodies,Clothing|Hoodies,white,Merino wool,false,80.37,133.95,40,true,4.7,409,XS|S|M|L|XL,https://pub-2e4a163f7e1b4ee49c544ba33966ad8e.r2.dev/catalog/ay-000688-1.jpg,"Hoodie 'NORDEN' MORE & MORE Hoodies This white merino wool hoodie offers reliable warmth and natural breathability. Over time, the garment retains its shape and softness, providing dependable comfort season after season. It is designed for practical, everyday wear."
ay-000689,Leggings 'IBIZA',"These anthracite Crepe leggings offer reliable support for training. The breathable material feels lightweight, similar to a thick pair of tights. They provide comfortable coverage for demanding workouts.",VERO MODA,women,Sports bottoms & leggings,Sportswear|Sports bottoms & leggings,anthracite,Crepe,false,36.59,60.99,40,false,4.6,275,25|26|27|28|29|30|31,https://pub-2e4a163f7e1b4ee49c544ba33966ad8e.r2.dev/catalog/ay-000689-1.jpg,"Leggings 'IBIZA' VERO MODA Sports bottoms & leggings These anthracite Crepe leggings offer reliable support for training. The breathable material feels lightweight, similar to a thick pair of tights. They provide comfortable coverage for demanding workouts."
ay-000690,Work Tote 'KENDAL',"This khaki Nylon tote carries a 15-inch laptop and essential documents for the commuter, featuring a padded sleeve and structured compartments. It is suitable for professional use and fits alongside a briefcase. Nylon requires periodic spot cleaning to maintain its colour integrity.",bugatti,men,Business & laptop bags,Accessories|Bags & backpacks|Bags|Business & laptop bags,khaki,Nylon,false,186.06,218.90,15,false,4.0,392,ONE SIZE,https://pub-2e4a163f7e1b4ee49c544ba33966ad8e.r2.dev/catalog/ay-000690-1.jpg,"Work Tote 'KENDAL' bugatti Business & laptop bags This khaki Nylon tote carries a 15-inch laptop and essential documents for the commuter, featuring a padded sleeve and structured compartments. It is suitable for professional use and fits alongside a briefcase. Nylon requires periodic spot cleaning to maintain its colour integrity."
ay-000691,Sports Top 'TRURO',This sports top is made from breathable organic cotton in a deep burgundy shade. It retains its structure and comfort even after repeated washing. The fabric is designed to soften beautifully with regular wear.,VERO MODA,kids,Sports tops,Sportswear|Sports tops,burgundy,Organic cotton,false,74.24,98.99,25,true,4.5,289,110|116|122|128,https://pub-2e4a163f7e1b4ee49c544ba33966ad8e.r2.dev/catalog/ay-000691-1.jpg,Sports Top 'TRURO' VERO MODA Sports tops This sports top is made from breathable organic cotton in a deep burgundy shade. It retains its structure and comfort even after repeated washing. The fabric is designed to soften beautifully with regular wear.
ay-000692,Midi Dress 'ERFURT',"This midi dress is constructed from breathable brown cotton poplin. The fabric offers a comfortable, relaxed fit throughout the day. It feels as light as a standard paperback book and is suitable for general daytime wear.",LASCANA,women,Dresses,Clothing|Dresses,brown,Cotton poplin,false,115.00,,,true,4.2,287,XS|S|M|L|XL,https://pub-2e4a163f7e1b4ee49c544ba33966ad8e.r2.dev/catalog/ay-000692-1.jpg,"Midi Dress 'ERFURT' LASCANA Dresses This midi dress is constructed from breathable brown cotton poplin. The fabric offers a comfortable, relaxed fit throughout the day. It feels as light as a standard paperback book and is suitable for general daytime wear."
ay-000693,Top 'TIVOLI',"Suitable for smart-casual wear, this navy wool blend top offers reliable warmth and a refined appearance. Its durable construction makes it a versatile staple for the wardrobe. Effortlessly pairs with trousers or chinos for a polished look.",Lauren Ralph Lauren,women,Tops,Clothing|Tops,navy,Wool blend,true,71.93,95.90,25,true,4.3,403,XS|S|M|L|XL,https://pub-2e4a163f7e1b4ee49c544ba33966ad8e.r2.dev/catalog/ay-000693-1.jpg,"Top 'TIVOLI' Lauren Ralph Lauren Tops Suitable for smart-casual wear, this navy wool blend top offers reliable warmth and a refined appearance. Its durable construction makes it a versatile staple for the wardrobe. Effortlessly pairs with trousers or chinos for a polished look."
ay-000694,Hobo Bag 'JAEN',"This substantial hobo bag is made from durable brown coated canvas. The structured design allows it to carry everyday essentials comfortably on the shoulder. Over time, the material will develop a unique patina, adding character to the bag.",Kapten & Son,women,Shoulder bags,Accessories|Bags & backpacks|Bags|Shoulder bags,brown,Coated canvas,false,35.94,59.90,40,true,3.7,280,ONE SIZE,https://pub-2e4a163f7e1b4ee49c544ba33966ad8e.r2.dev/catalog/ay-000694-1.jpg,"Hobo Bag 'JAEN' Kapten & Son Shoulder bags This substantial hobo bag is made from durable brown coated canvas. The structured design allows it to carry everyday essentials comfortably on the shoulder. Over time, the material will develop a unique patina, adding character to the bag."
ay-000695,Card Holder 'LOFOTEN',This card holder is constructed from coated canvas in a delicate rose shade. Its slim profile is comparable in size to a standard credit card. It provides a structured and durable option for carrying essential cards.,Liebeskind Berlin,men,Wallets & cases,Accessories|Wallets & cases,rose,Coated canvas,false,49.00,70.00,30,true,3.8,144,ONE SIZE,https://pub-2e4a163f7e1b4ee49c544ba33966ad8e.r2.dev/catalog/ay-000695-1.jpg,Card Holder 'LOFOTEN' Liebeskind Berlin Wallets & cases This card holder is constructed from coated canvas in a delicate rose shade. Its slim profile is comparable in size to a standard credit card. It provides a structured and durable option for carrying essential cards.
ay-000696,Sweater 'TRALEE',"This bordeaux cotton sweater provides reliable warmth for casual outings. The natural cotton material offers excellent breathability, making it suitable for cooler autumn days. It is a versatile piece that pairs easily with trousers or denim.",Polo Ralph Lauren,men,Sweaters & knitwear,Clothing|Sweaters & knitwear,bordeaux,Cotton,true,101.40,169.00,40,true,3.8,284,XS|S|M|L|XL,https://pub-2e4a163f7e1b4ee49c544ba33966ad8e.r2.dev/catalog/ay-000696-1.jpg,"Sweater 'TRALEE' Polo Ralph Lauren Sweaters & knitwear This bordeaux cotton sweater provides reliable warmth for casual outings. The natural cotton material offers excellent breathability, making it suitable for cooler autumn days. It is a versatile piece that pairs easily with trousers or denim."
ay-000697,Outdoor Shoes 'STAVA',"These olive mesh outdoor shoes provide reliable support for varying terrain and conditions. The breathable mesh material ensures comfort, and the shoe weighs approximately as little as a paperback book. They offer lightweight stability for day walks and outdoor pursuits.",Nike Sportswear,men,Outdoor shoes,Sportswear|Outdoor shoes,olive,Mesh,false,102.81,120.95,15,true,3.8,317,41|42|43|44|45,https://pub-2e4a163f7e1b4ee49c544ba33966ad8e.r2.dev/catalog/ay-000697-1.jpg,"Outdoor Shoes 'STAVA' Nike Sportswear Outdoor shoes These olive mesh outdoor shoes provide reliable support for varying terrain and conditions. The breathable mesh material ensures comfort, and the shoe weighs approximately as little as a paperback book. They offer lightweight stability for day walks and outdoor pursuits."
ay-000698,Midi Dress 'YSTAD',"A discreet back zipper allows for easy dressing. This midi dress, crafted from fine Merino wool, presents in a versatile olive shade. The breathable fabric ensures comfortable all-day wear.",MORE & MORE,women,Dresses,Clothing|Dresses,olive,Merino wool,false,61.00,,,true,4.1,505,XS|S|M|L|XL,https://pub-2e4a163f7e1b4ee49c544ba33966ad8e.r2.dev/catalog/ay-000698-1.jpg,"Midi Dress 'YSTAD' MORE & MORE Dresses A discreet back zipper allows for easy dressing. This midi dress, crafted from fine Merino wool, presents in a versatile olive shade. The breathable fabric ensures comfortable all-day wear."
ay-000699,Mini Bag 'UMEA',"Cotton canvas offers a sturdy, breathable feel. This compact crossbody bag is rendered in a versatile taupe colour. It provides practical storage while maintaining a structured profile for everyday use.",Lauren Ralph Lauren,men,Crossbody bags,Accessories|Bags & backpacks|Bags|Crossbody bags,taupe,Cotton canvas,true,290.21,386.95,25,false,4.0,97,ONE SIZE,https://pub-2e4a163f7e1b4ee49c544ba33966ad8e.r2.dev/catalog/ay-000699-1.jpg,"Mini Bag 'UMEA' Lauren Ralph Lauren Crossbody bags Cotton canvas offers a sturdy, breathable feel. This compact crossbody bag is rendered in a versatile taupe colour. It provides practical storage while maintaining a structured profile for everyday use."
ay-000700,Trainers 'HOLM',"Lace fastening secures this pair of trainers. Constructed from durable synthetic material, these shoes feature a solid brown colourway. The design offers reliable, everyday support for general wear.",Birkenstock,kids,Sneakers,Shoes|Sneakers,brown,Synthetic,false,130.90,,,true,4.2,88,30|31|32|33|34,https://pub-2e4a163f7e1b4ee49c544ba33966ad8e.r2.dev/catalog/ay-000700-1.jpg,"Trainers 'HOLM' Birkenstock Sneakers Lace fastening secures this pair of trainers. Constructed from durable synthetic material, these shoes feature a solid brown colourway. The design offers reliable, everyday support for general wear."
ay-000701,Coat 'LERIDA',"The single-button fastening offers a clean finish to this coat. Constructed from viscose, it is presented in a versatile beige shade. It features deep patch pockets and a smooth drape, making it suitable for daily wear.",RÆRE by Lorena Rae,men,Coats,Clothing|Coats,beige,Viscose,false,155.99,,,true,4.6,31,XS|S|M|L|XL,https://pub-2e4a163f7e1b4ee49c544ba33966ad8e.r2.dev/catalog/ay-000701-1.jpg,"Coat 'LERIDA' RÆRE by Lorena Rae Coats The single-button fastening offers a clean finish to this coat. Constructed from viscose, it is presented in a versatile beige shade. It features deep patch pockets and a smooth drape, making it suitable for daily wear."
ay-000702,Blazer 'UDINE',"This tailored blazer is crafted from lilac crepe, offering a lightweight drape suitable for professional wear. It features structured shoulders and a single-button closure. Please note that crepe fabric requires professional dry cleaning care.",s.Oliver,women,Blazers,Clothing|Blazers,lilac,Crepe,false,59.16,73.95,20,true,4.1,604,XS|S|M|L|XL,https://pub-2e4a163f7e1b4ee49c544ba33966ad8e.r2.dev/catalog/ay-000702-1.jpg,"Blazer 'UDINE' s.Oliver Blazers This tailored blazer is crafted from lilac crepe, offering a lightweight drape suitable for professional wear. It features structured shoulders and a single-button closure. Please note that crepe fabric requires professional dry cleaning care."
ay-000703,Sandals 'YEOVIL',"These sandals are constructed from durable Recycled mesh in a deep navy colour. They offer reliable support and feel lighter than a paperback book. They are suitable for straightforward, everyday casual use.",adidas Originals,men,Sandals,Shoes|Sandals,navy,Recycled mesh,false,18.61,21.90,15,true,,,41|42|43|44|45,https://pub-2e4a163f7e1b4ee49c544ba33966ad8e.r2.dev/catalog/ay-000703-1.jpg,"Sandals 'YEOVIL' adidas Originals Sandals These sandals are constructed from durable Recycled mesh in a deep navy colour. They offer reliable support and feel lighter than a paperback book. They are suitable for straightforward, everyday casual use."
ay-000704,Cardigan 'KERRY',"For versatile layering, this cardigan offers comfortable warmth for semi-casual wear. It is constructed from a breathable cotton blend in a rich emerald hue. This piece provides reliable coverage and simple styling.",millane,kids,Sweaters & knitwear,Clothing|Sweaters & knitwear,emerald,Cotton blend,false,62.32,77.90,20,true,3.8,285,110|116|122|128,https://pub-2e4a163f7e1b4ee49c544ba33966ad8e.r2.dev/catalog/ay-000704-1.jpg,"Cardigan 'KERRY' millane Sweaters & knitwear For versatile layering, this cardigan offers comfortable warmth for semi-casual wear. It is constructed from a breathable cotton blend in a rich emerald hue. This piece provides reliable coverage and simple styling."
ay-000705,Sandals 'ELBA',"These sandals feature a taupe recycled mesh construction. The material is designed to soften and mould comfortably to the foot with regular wear. They will develop a natural patina, ensuring they become increasingly suited to your style.",New Balance,men,Sandals,Shoes|Sandals,taupe,Recycled mesh,false,121.00,,,true,4.2,225,41|42|43|44|45,https://pub-2e4a163f7e1b4ee49c544ba33966ad8e.r2.dev/catalog/ay-000705-1.jpg,"Sandals 'ELBA' New Balance Sandals These sandals feature a taupe recycled mesh construction. The material is designed to soften and mould comfortably to the foot with regular wear. They will develop a natural patina, ensuring they become increasingly suited to your style."
ay-000706,Coat 'ARLES',"Brown coordinates effectively with various tones, offering versatility for smart or casual occasions. This coat is constructed from delicate chiffon, providing a lightweight drape suitable for transitional weather. It offers an elegant and comfortable layer for daily wear.",ONLY,women,Coats,Clothing|Coats,brown,Chiffon,false,152.99,203.99,25,true,4.9,528,XS|S|M|L|XL,https://pub-2e4a163f7e1b4ee49c544ba33966ad8e.r2.dev/catalog/ay-000706-1.jpg,"Coat 'ARLES' ONLY Coats Brown coordinates effectively with various tones, offering versatility for smart or casual occasions. This coat is constructed from delicate chiffon, providing a lightweight drape suitable for transitional weather. It offers an elegant and comfortable layer for daily wear."
ay-000707,Jeans 'COMO',"The metal button fly provides a secure closure to these dependable trousers. Constructed entirely from breathable cotton, they offer a durable and comfortable fit. The deep navy colour makes them versatile for daily wear.",ABOUT YOU,women,Jeans,Clothing|Jeans,navy,Cotton,false,65.40,109.00,40,true,4.2,173,25|26|27|28|29|30|31,https://pub-2e4a163f7e1b4ee49c544ba33966ad8e.r2.dev/catalog/ay-000707-1.jpg,"Jeans 'COMO' ABOUT YOU Jeans The metal button fly provides a secure closure to these dependable trousers. Constructed entirely from breathable cotton, they offer a durable and comfortable fit. The deep navy colour makes them versatile for daily wear."
ay-000708,Slip-Ons 'CORTONA',White slip-ons feature a breathable mesh construction for all-day comfort. These easy-to-wear shoes slip on effortlessly and provide flexible support for casual use. They offer a lightweight and breathable option for everyday footwear.,Nike Sportswear,kids,Slip-ons,Shoes|Slip-ons,white,Mesh,false,130.99,,,true,3.7,538,30|31|32|33|34,https://pub-2e4a163f7e1b4ee49c544ba33966ad8e.r2.dev/catalog/ay-000708-1.jpg,Slip-Ons 'CORTONA' Nike Sportswear Slip-ons White slip-ons feature a breathable mesh construction for all-day comfort. These easy-to-wear shoes slip on effortlessly and provide flexible support for casual use. They offer a lightweight and breathable option for everyday footwear.
ay-000709,Coat 'GALWAY',"When transitional weather arrives, this coat offers versatile wear. Constructed from breathable linen, the deep navy colour provides a classic and comfortable silhouette. It is suitable for numerous daytime occasions.",NU-IN,women,Coats,Clothing|Coats,navy,Linen,false,100.00,,,true,4.0,327,XS|S|M|L|XL,https://pub-2e4a163f7e1b4ee49c544ba33966ad8e.r2.dev/catalog/ay-000709-1.jpg,"Coat 'GALWAY' NU-IN Coats When transitional weather arrives, this coat offers versatile wear. Constructed from breathable linen, the deep navy colour provides a classic and comfortable silhouette. It is suitable for numerous daytime occasions."
ay-000710,Trainers 'KALMAR',"These trainers feature a synthetic upper in a practical shade of sand. They offer dependable comfort and are constructed to withstand routine use, showing minor scuffing consistent with regular wear.",RÆRE by Lorena Rae,men,Sneakers,Shoes|Sneakers,sand,Synthetic,false,34.48,68.95,50,true,3.8,115,41|42|43|44|45,https://pub-2e4a163f7e1b4ee49c544ba33966ad8e.r2.dev/catalog/ay-000710-1.jpg,"Trainers 'KALMAR' RÆRE by Lorena Rae Sneakers These trainers feature a synthetic upper in a practical shade of sand. They offer dependable comfort and are constructed to withstand routine use, showing minor scuffing consistent with regular wear."
ay-000711,Sneakers 'TORINO',"Leather provides a substantial and durable feel. These brown sneakers offer a classic, comfortable fit suitable for daily wear. They are constructed for reliable support and long-lasting style.",Nike Sportswear,women,Sneakers,Shoes|Sneakers,brown,Leather,false,100.43,133.90,25,true,4.7,258,36|37|38|39|40|41,https://pub-2e4a163f7e1b4ee49c544ba33966ad8e.r2.dev/catalog/ay-000711-1.jpg,"Sneakers 'TORINO' Nike Sportswear Sneakers Leather provides a substantial and durable feel. These brown sneakers offer a classic, comfortable fit suitable for daily wear. They are constructed for reliable support and long-lasting style."
ay-000712,Jeans 'SOLNA',"These jeans are finished in an olive colour and constructed from a breathable Cotton blend. The fabric weight feels notably substantial, offering more structure than typical casual trousers. They provide reliable comfort for daily wear.",PIECES,men,Jeans,Clothing|Jeans,olive,Cotton blend,false,78.95,,,true,4.7,386,29|30|31|32|33|34|36,https://pub-2e4a163f7e1b4ee49c544ba33966ad8e.r2.dev/catalog/ay-000712-1.jpg,"Jeans 'SOLNA' PIECES Jeans These jeans are finished in an olive colour and constructed from a breathable Cotton blend. The fabric weight feels notably substantial, offering more structure than typical casual trousers. They provide reliable comfort for daily wear."
ay-000713,Phone Case 'BERGEN',"The beige wool felt case provides natural protection and a soft texture for your smartphone. This durable material is ideal for casual use, making it perfect for keeping your phone secure in a jacket pocket or handbag.",Lauren Ralph Lauren,women,Smartphone cases,Accessories|Smartphone cases,beige,Wool felt,true,36.57,60.95,40,false,4.8,625,ONE SIZE,https://pub-2e4a163f7e1b4ee49c544ba33966ad8e.r2.dev/catalog/ay-000713-1.jpg,"Phone Case 'BERGEN' Lauren Ralph Lauren Smartphone cases The beige wool felt case provides natural protection and a soft texture for your smartphone. This durable material is ideal for casual use, making it perfect for keeping your phone secure in a jacket pocket or handbag."
ay-000714,Hoodie 'SELBY',"This bordeaux viscose hoodie offers comfortable, relaxed wear. The viscose material tends to soften and drape beautifully with regular washing, ensuring a lived-in feel over time. This piece maintains its rich colour while offering reliable comfort.",VILA,women,Hoodies,Clothing|Hoodies,bordeaux,Viscose,false,138.99,,,true,4.9,131,XS|S|M|L|XL,https://pub-2e4a163f7e1b4ee49c544ba33966ad8e.r2.dev/catalog/ay-000714-1.jpg,"Hoodie 'SELBY' VILA Hoodies This bordeaux viscose hoodie offers comfortable, relaxed wear. The viscose material tends to soften and drape beautifully with regular washing, ensuring a lived-in feel over time. This piece maintains its rich colour while offering reliable comfort."
ay-000715,Handbag 'HANOI',"For daily errands, this durable bag is an ideal choice. It is constructed from breathable cotton canvas and features a rich cognac colourway. This versatile bag makes a practical accessory for many settings.",NU-IN,women,Handbags,Accessories|Bags & backpacks|Bags|Handbags,cognac,Cotton canvas,false,232.00,,,true,4.7,401,ONE SIZE,https://pub-2e4a163f7e1b4ee49c544ba33966ad8e.r2.dev/catalog/ay-000715-1.jpg,"Handbag 'HANOI' NU-IN Handbags For daily errands, this durable bag is an ideal choice. It is constructed from breathable cotton canvas and features a rich cognac colourway. This versatile bag makes a practical accessory for many settings."
ay-000716,Jacket 'MALAGA',"Wool blend offers comfortable warmth for transitional seasons. This black jacket is designed with a classic, reliable fit. It provides durable coverage and straightforward style suitable for daily wear.",VERO MODA,women,Jackets,Clothing|Jackets,black,Wool blend,false,40.53,57.90,30,true,4.7,374,XS|S|M|L|XL,https://pub-2e4a163f7e1b4ee49c544ba33966ad8e.r2.dev/catalog/ay-000716-1.jpg,"Jacket 'MALAGA' VERO MODA Jackets Wool blend offers comfortable warmth for transitional seasons. This black jacket is designed with a classic, reliable fit. It provides durable coverage and straightforward style suitable for daily wear."
ay-000717,T-Shirt 'VILNA',"This t-shirt, rendered in bordeaux, is constructed from a comfortable Alpaca blend fabric. The material is designed to soften with washing, ensuring continued comfort. It maintains its shape while improving its drape for a lasting, worn-in feel.",MORE & MORE,women,Tops,Clothing|Tops,bordeaux,Alpaca blend,false,32.95,,,true,4.5,203,XS|S|M|L|XL,https://pub-2e4a163f7e1b4ee49c544ba33966ad8e.r2.dev/catalog/ay-000717-1.jpg,"T-Shirt 'VILNA' MORE & MORE Tops This t-shirt, rendered in bordeaux, is constructed from a comfortable Alpaca blend fabric. The material is designed to soften with washing, ensuring continued comfort. It maintains its shape while improving its drape for a lasting, worn-in feel."
ay-000718,Commuter Bag 'CORFU',"Featuring a secure zip closure, this polyester commuter bag is designed for daily professional transport. It includes a padded sleeve suitable for up to a 15-inch laptop and dedicated pockets for documents. The lilac finish provides a smart, reliable briefcase alternative.",BOSS,men,Business & laptop bags,Accessories|Bags & backpacks|Bags|Business & laptop bags,lilac,Polyester,true,520.99,,,true,4.4,496,ONE SIZE,https://pub-2e4a163f7e1b4ee49c544ba33966ad8e.r2.dev/catalog/ay-000718-1.jpg,"Commuter Bag 'CORFU' BOSS Business & laptop bags Featuring a secure zip closure, this polyester commuter bag is designed for daily professional transport. It includes a padded sleeve suitable for up to a 15-inch laptop and dedicated pockets for documents. The lilac finish provides a smart, reliable briefcase alternative."
ay-000719,Work Tote 'WALDEN',"Nylon offers a lightweight feel. This lilac tote is designed for the commuter, featuring a padded 15-inch laptop sleeve and multiple compartments for documents. It functions efficiently as a professional briefcase.",HUGO,men,Business & laptop bags,Accessories|Bags & backpacks|Bags|Business & laptop bags,lilac,Nylon,false,114.71,152.95,25,true,3.6,57,ONE SIZE,https://pub-2e4a163f7e1b4ee49c544ba33966ad8e.r2.dev/catalog/ay-000719-1.jpg,"Work Tote 'WALDEN' HUGO Business & laptop bags Nylon offers a lightweight feel. This lilac tote is designed for the commuter, featuring a padded 15-inch laptop sleeve and multiple compartments for documents. It functions efficiently as a professional briefcase."
ay-000720,T-Shirt 'DERBY',"For comfortable everyday wear, this t-shirt is constructed from an alpaca blend and offered in a neutral grey colour. The fabric provides a soft texture and is suitable for general casual use throughout the seasons.",BOSS,women,Tops,Clothing|Tops,grey,Alpaca blend,true,45.56,56.95,20,true,4.6,391,XS|S|M|L|XL,https://pub-2e4a163f7e1b4ee49c544ba33966ad8e.r2.dev/catalog/ay-000720-1.jpg,"T-Shirt 'DERBY' BOSS Tops For comfortable everyday wear, this t-shirt is constructed from an alpaca blend and offered in a neutral grey colour. The fabric provides a soft texture and is suitable for general casual use throughout the seasons."
ay-000721,Sports Shoes 'CANNES',"These sports shoes feature a breathable mesh upper and a deep chocolate colourway. Weighing less than a paperback book, they offer reliable support for rigorous activity, ensuring comfort during long periods of use.",Reebok Classics,women,Sports shoes,Shoes|Sports shoes,chocolate,Mesh,false,110.90,,,true,3.8,157,36|37|38|39|40|41,https://pub-2e4a163f7e1b4ee49c544ba33966ad8e.r2.dev/catalog/ay-000721-1.jpg,"Sports Shoes 'CANNES' Reebok Classics Sports shoes These sports shoes feature a breathable mesh upper and a deep chocolate colourway. Weighing less than a paperback book, they offer reliable support for rigorous activity, ensuring comfort during long periods of use."
ay-000722,Jacket 'SORIA',This lilac denim jacket provides a durable and lightweight option for casual wear. The soft hue and classic denim material make it highly versatile. It is ideal for transitional weather and relaxed weekend outings.,VERO MODA,men,Jackets,Clothing|Jackets,lilac,Denim,false,60.00,,,true,4.4,189,XS|S|M|L|XL,https://pub-2e4a163f7e1b4ee49c544ba33966ad8e.r2.dev/catalog/ay-000722-1.jpg,Jacket 'SORIA' VERO MODA Jackets This lilac denim jacket provides a durable and lightweight option for casual wear. The soft hue and classic denim material make it highly versatile. It is ideal for transitional weather and relaxed weekend outings.
ay-000723,Ballet Flats 'LISMORE',A delicate strap fastening secures the foot. These ballet flats are constructed from durable leather in a deep bordeaux hue. The design offers a comfortable and understated option for daily wear.,Birkenstock,women,Ballet flats,Shoes|Ballet flats,bordeaux,Leather,false,31.95,,,true,4.8,626,36|37|38|39|40|41,https://pub-2e4a163f7e1b4ee49c544ba33966ad8e.r2.dev/catalog/ay-000723-1.jpg,Ballet Flats 'LISMORE' Birkenstock Ballet flats A delicate strap fastening secures the foot. These ballet flats are constructed from durable leather in a deep bordeaux hue. The design offers a comfortable and understated option for daily wear.
ay-000724,Boots 'HALDEN',"For pairing with smart trousers or casual denim, these mesh boots feature a distinctive cognac finish. The breathable mesh construction offers comfort while maintaining a polished appearance. They are designed for versatile, everyday wear.",Marco Tozzi,women,Boots,Shoes|Boots,cognac,Mesh,false,32.50,65.00,50,true,4.5,104,36|37|38|39|40|41,https://pub-2e4a163f7e1b4ee49c544ba33966ad8e.r2.dev/catalog/ay-000724-1.jpg,"Boots 'HALDEN' Marco Tozzi Boots For pairing with smart trousers or casual denim, these mesh boots feature a distinctive cognac finish. The breathable mesh construction offers comfort while maintaining a polished appearance. They are designed for versatile, everyday wear."
ay-000725,Necklace 'BALTIC',"Suitable for both professional and casual settings, this necklace is fashioned from Acetate. The material provides a structured feel, presented in a solid navy colour. It is designed as a versatile accessory for daily wear.",Guess,women,Jewelry,Accessories|Jewelry,navy,Acetate,false,38.48,76.95,50,true,3.6,138,ONE SIZE,https://pub-2e4a163f7e1b4ee49c544ba33966ad8e.r2.dev/catalog/ay-000725-1.jpg,"Necklace 'BALTIC' Guess Jewelry Suitable for both professional and casual settings, this necklace is fashioned from Acetate. The material provides a structured feel, presented in a solid navy colour. It is designed as a versatile accessory for daily wear."
ay-000726,Boots 'TURIN',Leather offers durable structure and dependable comfort. These practical boots feature a reliable fit and versatile design. The sand coloured leather makes them suitable for varied outdoor use.,Birkenstock,women,Boots,Shoes|Boots,sand,Leather,false,39.50,79.00,50,true,3.7,503,36|37|38|39|40|41,https://pub-2e4a163f7e1b4ee49c544ba33966ad8e.r2.dev/catalog/ay-000726-1.jpg,Boots 'TURIN' Birkenstock Boots Leather offers durable structure and dependable comfort. These practical boots feature a reliable fit and versatile design. The sand coloured leather makes them suitable for varied outdoor use.
ay-000727,Coat 'OLBIA',"Rose, this coat pairs easily with both dark denim and tailored trousers. Constructed from breathable cotton twill, it offers a comfortable fit for transitional British weather. The light weight ensures versatility throughout the season.",Lauren Ralph Lauren,women,Coats,Clothing|Coats,rose,Cotton twill,true,292.50,584.99,50,true,4.8,266,XS|S|M|L|XL,https://pub-2e4a163f7e1b4ee49c544ba33966ad8e.r2.dev/catalog/ay-000727-1.jpg,"Coat 'OLBIA' Lauren Ralph Lauren Coats Rose, this coat pairs easily with both dark denim and tailored trousers. Constructed from breathable cotton twill, it offers a comfortable fit for transitional British weather. The light weight ensures versatility throughout the season."
ay-000728,Mini Bag 'GRASSE',This small crossbody bag is constructed from durable olive cotton canvas. It offers compact storage for essentials and is designed to be worn across the body. Please note that this material requires occasional spot cleaning to maintain its appearance.,Liebeskind Berlin,women,Crossbody bags,Accessories|Bags & backpacks|Bags|Crossbody bags,olive,Cotton canvas,false,26.21,34.95,25,false,,,ONE SIZE,https://pub-2e4a163f7e1b4ee49c544ba33966ad8e.r2.dev/catalog/ay-000728-1.jpg,Mini Bag 'GRASSE' Liebeskind Berlin Crossbody bags This small crossbody bag is constructed from durable olive cotton canvas. It offers compact storage for essentials and is designed to be worn across the body. Please note that this material requires occasional spot cleaning to maintain its appearance.
ay-000729,Boots 'BRIGHTON',These anthracite suede boots provide a durable and refined alternative to leather. They are suitable for daily wear and navigating wet urban environments. The quality suede material offers reliable comfort and a classic appearance.,Polo Ralph Lauren,women,Boots,Shoes|Boots,anthracite,Suede,true,185.90,,,true,4.8,536,36|37|38|39|40|41,https://pub-2e4a163f7e1b4ee49c544ba33966ad8e.r2.dev/catalog/ay-000729-1.jpg,Boots 'BRIGHTON' Polo Ralph Lauren Boots These anthracite suede boots provide a durable and refined alternative to leather. They are suitable for daily wear and navigating wet urban environments. The quality suede material offers reliable comfort and a classic appearance.
ay-000730,Document Bag 'ARBOR',"Nubuck provides a soft, refined touch. This lilac briefcase is designed for the professional commuter, accommodating 15-inch laptops and vital documents. It features a padded sleeve and secure compartments for daily travel.",Tommy Hilfiger,women,Business & laptop bags,Accessories|Bags & backpacks|Bags|Business & laptop bags,lilac,Nubuck,false,51.75,69.00,25,true,,,ONE SIZE,https://pub-2e4a163f7e1b4ee49c544ba33966ad8e.r2.dev/catalog/ay-000730-1.jpg,"Document Bag 'ARBOR' Tommy Hilfiger Business & laptop bags Nubuck provides a soft, refined touch. This lilac briefcase is designed for the professional commuter, accommodating 15-inch laptops and vital documents. It features a padded sleeve and secure compartments for daily travel."
ay-000731,Blazer 'SOPOT',"This navy viscose blazer provides a comfortable fit for professional environments. The viscose blend maintains its structured drape, becoming softer and more tailored with repeated wear. It is designed to develop a desirable patina over time.",BOSS,women,Blazers,Clothing|Blazers,navy,Viscose,true,277.52,346.90,20,true,4.4,471,XS|S|M|L|XL,https://pub-2e4a163f7e1b4ee49c544ba33966ad8e.r2.dev/catalog/ay-000731-1.jpg,"Blazer 'SOPOT' BOSS Blazers This navy viscose blazer provides a comfortable fit for professional environments. The viscose blend maintains its structured drape, becoming softer and more tailored with repeated wear. It is designed to develop a desirable patina over time."
ay-000732,Sports Top 'TOLEDO',"Emerald pairs well with various bottoms, offering comfort during activity. This sports top is made from soft Organic cotton, providing breathability for daily use. It offers a reliable and breathable option for your workout routine.",ABOUT YOU,women,Sports tops,Sportswear|Sports tops,emerald,Organic cotton,false,68.00,,,true,4.1,437,XS|S|M|L|XL,https://pub-2e4a163f7e1b4ee49c544ba33966ad8e.r2.dev/catalog/ay-000732-1.jpg,"Sports Top 'TOLEDO' ABOUT YOU Sports tops Emerald pairs well with various bottoms, offering comfort during activity. This sports top is made from soft Organic cotton, providing breathability for daily use. It offers a reliable and breathable option for your workout routine."
ay-000733,Belt 'ZAMORA',"Bordeaux complements dark trousers and casual wear. Constructed from durable faux leather, this belt features a reliable adjustable buckle. It offers a classic finish suitable for daily use and various formal occasions.",Tommy Hilfiger,men,Belts,Accessories|Belts,bordeaux,Faux leather,false,39.67,52.90,25,true,4.9,431,85|90|95|100,https://pub-2e4a163f7e1b4ee49c544ba33966ad8e.r2.dev/catalog/ay-000733-1.jpg,"Belt 'ZAMORA' Tommy Hilfiger Belts Bordeaux complements dark trousers and casual wear. Constructed from durable faux leather, this belt features a reliable adjustable buckle. It offers a classic finish suitable for daily use and various formal occasions."
ay-000734,Jacket 'ATRANI',"This crepe jacket features a soft drape and is presented in a versatile sage colour. The lightweight design feels as manageable as a thick paperback book. It offers a simple, refined layering piece for smart casual wear.",NA-KD,men,Jackets,Clothing|Jackets,sage,Crepe,false,80.21,106.95,25,true,4.5,139,XS|S|M|L|XL,https://pub-2e4a163f7e1b4ee49c544ba33966ad8e.r2.dev/catalog/ay-000734-1.jpg,"Jacket 'ATRANI' NA-KD Jackets This crepe jacket features a soft drape and is presented in a versatile sage colour. The lightweight design feels as manageable as a thick paperback book. It offers a simple, refined layering piece for smart casual wear."
ay-000735,Sports Jacket 'CASCAIS',"For sporting occasions, this jacket offers breathable comfort. Constructed from linen, the mocha colourway provides a classic, relaxed fit. It is designed for comfortable wear during warm weather activities.",JDY,women,Sports jackets,Sportswear|Sports jackets,mocha,Linen,false,52.19,86.99,40,true,4.7,208,XS|S|M|L|XL,https://pub-2e4a163f7e1b4ee49c544ba33966ad8e.r2.dev/catalog/ay-000735-1.jpg,"Sports Jacket 'CASCAIS' JDY Sports jackets For sporting occasions, this jacket offers breathable comfort. Constructed from linen, the mocha colourway provides a classic, relaxed fit. It is designed for comfortable wear during warm weather activities."
ay-000736,Document Bag 'LEIRIA',"For the professional commuter, this olive faux leather briefcase is suitable for daily use. It includes a padded sleeve for a 15-inch laptop and dedicated space for important documents. The robust design maintains a professional appearance when carrying essential gear.",HUGO,men,Business & laptop bags,Accessories|Bags & backpacks|Bags|Business & laptop bags,olive,Faux leather,false,54.00,72.00,25,true,4.6,546,ONE SIZE,https://pub-2e4a163f7e1b4ee49c544ba33966ad8e.r2.dev/catalog/ay-000736-1.jpg,"Document Bag 'LEIRIA' HUGO Business & laptop bags For the professional commuter, this olive faux leather briefcase is suitable for daily use. It includes a padded sleeve for a 15-inch laptop and dedicated space for important documents. The robust design maintains a professional appearance when carrying essential gear."
ay-000737,Sweater 'SALERNO',Cotton offers a lightweight and soft feel. This cream sweater provides comfort while offering warmth without bulk. It is a highly versatile piece suitable for casual daily wear.,VERO MODA,women,Sweaters & knitwear,Clothing|Sweaters & knitwear,cream,Cotton,false,46.95,,,true,4.7,527,XS|S|M|L|XL,https://pub-2e4a163f7e1b4ee49c544ba33966ad8e.r2.dev/catalog/ay-000737-1.jpg,Sweater 'SALERNO' VERO MODA Sweaters & knitwear Cotton offers a lightweight and soft feel. This cream sweater provides comfort while offering warmth without bulk. It is a highly versatile piece suitable for casual daily wear.
ay-000738,Jeans 'OVIEDO',"These white viscose jeans provide a soft feel and clean appearance. The material offers a lightweight drape, comparable to a thick bedsheet. They are designed for comfortable wear while maintaining a tailored structure.",American Vintage,men,Jeans,Clothing|Jeans,white,Viscose,false,75.20,94.00,20,true,3.9,605,29|30|31|32|33|34|36,https://pub-2e4a163f7e1b4ee49c544ba33966ad8e.r2.dev/catalog/ay-000738-1.jpg,"Jeans 'OVIEDO' American Vintage Jeans These white viscose jeans provide a soft feel and clean appearance. The material offers a lightweight drape, comparable to a thick bedsheet. They are designed for comfortable wear while maintaining a tailored structure."
ay-000739,Running Shoes 'DALIA',"These running shoes feature a breathable canvas upper and a deep chocolate colourway. They are lightweight, weighing roughly the same as a paperback book. They provide reliable support and comfort for daily training runs.",ABOUT YOU,men,Running shoes,Sportswear|Running shoes,chocolate,Canvas,false,27.00,45.00,40,true,3.9,623,41|42|43|44|45,https://pub-2e4a163f7e1b4ee49c544ba33966ad8e.r2.dev/catalog/ay-000739-1.jpg,"Running Shoes 'DALIA' ABOUT YOU Running shoes These running shoes feature a breathable canvas upper and a deep chocolate colourway. They are lightweight, weighing roughly the same as a paperback book. They provide reliable support and comfort for daily training runs."
ay-000740,Skirt 'BARI',"This midi skirt features a versatile wash in rich cognac tones. Over time, the material will develop a unique patina, softening the colour and enhancing its depth. It offers a comfortable fit suitable for professional or casual wear.",s.Oliver,women,Skirts,Clothing|Skirts,cognac,,false,45.46,64.95,30,true,3.8,497,XS|S|M|L|XL,https://pub-2e4a163f7e1b4ee49c544ba33966ad8e.r2.dev/catalog/ay-000740-1.jpg,"Skirt 'BARI' s.Oliver Skirts This midi skirt features a versatile wash in rich cognac tones. Over time, the material will develop a unique patina, softening the colour and enhancing its depth. It offers a comfortable fit suitable for professional or casual wear."
ay-000741,Document Bag 'TERAMO',A secure magnetic clasp closure fastens the olive cotton canvas body. This commuter bag features a padded sleeve for a 15-inch laptop and dedicated compartments for documents. It serves as a practical briefcase for professional daily use.,Camel Active,men,Business & laptop bags,Accessories|Bags & backpacks|Bags|Business & laptop bags,olive,Cotton canvas,false,104.72,130.90,20,true,4.0,227,ONE SIZE,https://pub-2e4a163f7e1b4ee49c544ba33966ad8e.r2.dev/catalog/ay-000741-1.jpg,Document Bag 'TERAMO' Camel Active Business & laptop bags A secure magnetic clasp closure fastens the olive cotton canvas body. This commuter bag features a padded sleeve for a 15-inch laptop and dedicated compartments for documents. It serves as a practical briefcase for professional daily use.
ay-000742,Ring Set 'ASPEN',"Acetate provides a lightweight and smooth feel, suitable for daily wear. This ring set is presented in a distinctive khaki shade. Its solid construction offers a simple, structured aesthetic for any casual occasion.",Kapten & Son,kids,Jewelry,Accessories|Jewelry,khaki,Acetate,false,9.95,19.90,50,true,4.1,509,ONE SIZE,https://pub-2e4a163f7e1b4ee49c544ba33966ad8e.r2.dev/catalog/ay-000742-1.jpg,"Ring Set 'ASPEN' Kapten & Son Jewelry Acetate provides a lightweight and smooth feel, suitable for daily wear. This ring set is presented in a distinctive khaki shade. Its solid construction offers a simple, structured aesthetic for any casual occasion."
ay-000743,Ballet Flats 'MALMO',The lace-up detailing adds a structured element to the flat design. These ballet flats are constructed from durable canvas and feature a warm cognac colourway. The sturdy material and rich hue make them a versatile choice for comfortable casual wear.,New Balance,women,Ballet flats,Shoes|Ballet flats,cognac,Canvas,false,108.00,135.00,20,true,4.9,125,36|37|38|39|40|41,https://pub-2e4a163f7e1b4ee49c544ba33966ad8e.r2.dev/catalog/ay-000743-1.jpg,Ballet Flats 'MALMO' New Balance Ballet flats The lace-up detailing adds a structured element to the flat design. These ballet flats are constructed from durable canvas and feature a warm cognac colourway. The sturdy material and rich hue make them a versatile choice for comfortable casual wear.
ay-000744,Sports Top 'VARESE',"The Wool blend feels smooth against the skin, offering lightweight comfort for activity. This black sports top is designed for reliable performance and breathability. Its durable construction provides dependable warmth during use.",PIECES,kids,Sports tops,Sportswear|Sports tops,black,Wool blend,false,41.65,49.00,15,true,,,110|116|122|128,https://pub-2e4a163f7e1b4ee49c544ba33966ad8e.r2.dev/catalog/ay-000744-1.jpg,"Sports Top 'VARESE' PIECES Sports tops The Wool blend feels smooth against the skin, offering lightweight comfort for activity. This black sports top is designed for reliable performance and breathability. Its durable construction provides dependable warmth during use."
ay-000745,Sports Shoes 'PERUGIA',"These camel mesh sports shoes provide reliable support and airflow for various activities. The breathable Mesh material is durable, but the shoes require careful drying to prevent warping.",adidas Originals,men,Sports shoes,Shoes|Sports shoes,camel,Mesh,false,30.00,,,false,4.0,423,41|42|43|44|45,https://pub-2e4a163f7e1b4ee49c544ba33966ad8e.r2.dev/catalog/ay-000745-1.jpg,"Sports Shoes 'PERUGIA' adidas Originals Sports shoes These camel mesh sports shoes provide reliable support and airflow for various activities. The breathable Mesh material is durable, but the shoes require careful drying to prevent warping."
ay-000746,Sweater 'RAGUSA',"A simple button fastening details this comfortable knitwear piece. Crafted from soft cotton, the sage hue offers reliable layering throughout the season. It provides effortless warmth and a classic fit.",VILA,women,Sweaters & knitwear,Clothing|Sweaters & knitwear,sage,Cotton,false,20.34,33.90,40,true,4.9,351,XS|S|M|L|XL,https://pub-2e4a163f7e1b4ee49c544ba33966ad8e.r2.dev/catalog/ay-000746-1.jpg,"Sweater 'RAGUSA' VILA Sweaters & knitwear A simple button fastening details this comfortable knitwear piece. Crafted from soft cotton, the sage hue offers reliable layering throughout the season. It provides effortless warmth and a classic fit."
ay-000747,Belt 'AVORA',"For general daily use, this belt provides a neutral finishing touch to any outfit. Constructed from durable polyester, the belt features a reliable beige colour that matches most waistbands. It is a straightforward accessory suitable for work or casual occasions.",Tommy Hilfiger,kids,Belts,Accessories|Belts,beige,Polyester,false,66.26,77.95,15,true,3.7,607,85|90|95|100,https://pub-2e4a163f7e1b4ee49c544ba33966ad8e.r2.dev/catalog/ay-000747-1.jpg,"Belt 'AVORA' Tommy Hilfiger Belts For general daily use, this belt provides a neutral finishing touch to any outfit. Constructed from durable polyester, the belt features a reliable beige colour that matches most waistbands. It is a straightforward accessory suitable for work or casual occasions."
ay-000748,Trousers 'HUELVA',"These trousers are cut from a lightweight taupe chiffon, offering drape and movement suitable for professional or casual wear. The fabric retains its structure while falling softly, ensuring they look consistently polished even after extended wear. They maintain their colour and texture well over time.",VERO MODA,women,Pants,Clothing|Pants,taupe,Chiffon,false,69.00,,,true,4.4,109,25|26|27|28|29|30|31,https://pub-2e4a163f7e1b4ee49c544ba33966ad8e.r2.dev/catalog/ay-000748-1.jpg,"Trousers 'HUELVA' VERO MODA Pants These trousers are cut from a lightweight taupe chiffon, offering drape and movement suitable for professional or casual wear. The fabric retains its structure while falling softly, ensuring they look consistently polished even after extended wear. They maintain their colour and texture well over time."
ay-000749,Sports Jacket 'MELIDE',This sports jacket is constructed from breathable emerald cotton poplin. It offers a lightweight fit suitable for various physical activities. Please note that dry cleaning is recommended to preserve the jacket's structure.,Mavi,men,Sports jackets,Sportswear|Sports jackets,emerald,Cotton poplin,false,94.39,117.99,20,true,4.4,300,XS|S|M|L|XL,https://pub-2e4a163f7e1b4ee49c544ba33966ad8e.r2.dev/catalog/ay-000749-1.jpg,Sports Jacket 'MELIDE' Mavi Sports jackets This sports jacket is constructed from breathable emerald cotton poplin. It offers a lightweight fit suitable for various physical activities. Please note that dry cleaning is recommended to preserve the jacket's structure.
ay-000750,Business Backpack 'LUMEN',"Featuring multiple structured pockets, this white backpack is designed for the professional commuter. It includes a dedicated padded sleeve for a 15-inch laptop and ample space for documents and a small briefcase. The durable build ensures reliable transport for daily use.",Tommy Hilfiger,women,Business & laptop bags,Accessories|Bags & backpacks|Bags|Business & laptop bags,white,,false,246.90,,,true,4.3,88,ONE SIZE,https://pub-2e4a163f7e1b4ee49c544ba33966ad8e.r2.dev/catalog/ay-000750-1.jpg,"Business Backpack 'LUMEN' Tommy Hilfiger Business & laptop bags Featuring multiple structured pockets, this white backpack is designed for the professional commuter. It includes a dedicated padded sleeve for a 15-inch laptop and ample space for documents and a small briefcase. The durable build ensures reliable transport for daily use."
ay-000751,Daypack 'WEXFORD',"For daily use, this daypack provides a practical and professional carry solution. It is constructed from durable leather in a rich mocha finish. This versatile bag is designed for reliable, everyday storage.",Copenhagen Studios,women,Backpacks,Accessories|Bags & backpacks|Bags|Backpacks,mocha,Leather,true,223.99,319.99,30,true,3.9,201,ONE SIZE,https://pub-2e4a163f7e1b4ee49c544ba33966ad8e.r2.dev/catalog/ay-000751-1.jpg,"Daypack 'WEXFORD' Copenhagen Studios Backpacks For daily use, this daypack provides a practical and professional carry solution. It is constructed from durable leather in a rich mocha finish. This versatile bag is designed for reliable, everyday storage."
ay-000752,Blouse 'CADIZ',"This burgundy alpaca blend blouse provides soft comfort for transitional seasons. The fabric feels surprisingly light, similar to a thick scarf, while maintaining warmth. It features a refined cut suitable for smart casual wear.",NA-KD,women,Blouses & tunics,Clothing|Blouses & tunics,burgundy,Alpaca blend,false,54.59,77.99,30,true,4.4,344,XS|S|M|L|XL,https://pub-2e4a163f7e1b4ee49c544ba33966ad8e.r2.dev/catalog/ay-000752-1.jpg,"Blouse 'CADIZ' NA-KD Blouses & tunics This burgundy alpaca blend blouse provides soft comfort for transitional seasons. The fabric feels surprisingly light, similar to a thick scarf, while maintaining warmth. It features a refined cut suitable for smart casual wear."
ay-000753,Belt Bag 'ASCONA',"Recycled polyester offers a durable, lightweight feel. This bum bag is presented in ecru and is constructed entirely from recycled polyester material. It provides a secure and practical way to carry essential items.",BOSS,kids,Bum bags,Accessories|Bags & backpacks|Bags|Bum bags,ecru,Recycled polyester,true,130.89,153.99,15,true,4.3,583,ONE SIZE,https://pub-2e4a163f7e1b4ee49c544ba33966ad8e.r2.dev/catalog/ay-000753-1.jpg,"Belt Bag 'ASCONA' BOSS Bum bags Recycled polyester offers a durable, lightweight feel. This bum bag is presented in ecru and is constructed entirely from recycled polyester material. It provides a secure and practical way to carry essential items."
ay-000754,Blazer 'NOVARA',"Taupe, a versatile colour that complements various wardrobes. This blazer is constructed from soft Merino wool, providing a breathable fit suitable for professional use. The fabric drapes smoothly, offering both style and comfort.",MORE & MORE,men,Blazers,Clothing|Blazers,taupe,Merino wool,false,44.99,89.99,50,true,4.8,582,XS|S|M|L|XL,https://pub-2e4a163f7e1b4ee49c544ba33966ad8e.r2.dev/catalog/ay-000754-1.jpg,"Blazer 'NOVARA' MORE & MORE Blazers Taupe, a versatile colour that complements various wardrobes. This blazer is constructed from soft Merino wool, providing a breathable fit suitable for professional use. The fabric drapes smoothly, offering both style and comfort."
ay-000755,Phone Case 'INGOLD',"For reliable daily protection, this case is constructed from durable silicone. It offers a snug fit and is finished in a professional navy colour. This covering helps secure your smartphone against minor knocks and scratches when out and about.",Lauren Ralph Lauren,women,Smartphone cases,Accessories|Smartphone cases,navy,Silicone,true,77.00,,,true,3.6,449,ONE SIZE,https://pub-2e4a163f7e1b4ee49c544ba33966ad8e.r2.dev/catalog/ay-000755-1.jpg,"Phone Case 'INGOLD' Lauren Ralph Lauren Smartphone cases For reliable daily protection, this case is constructed from durable silicone. It offers a snug fit and is finished in a professional navy colour. This covering helps secure your smartphone against minor knocks and scratches when out and about."
ay-000756,Trainers 'VIGO',"Made from recycled mesh in a muted emerald, cut for everyday wear rather than occasions. The seams sit flat and the shape holds up after washing, which makes it an easy thing to reach for on an ordinary morning.",adidas Originals,men,Sneakers,Shoes|Sneakers,emerald,Recycled mesh,false,113.18,150.90,25,true,4.7,132,41|42|43|44|45,https://pub-2e4a163f7e1b4ee49c544ba33966ad8e.r2.dev/catalog/ay-000756-1.jpg,"Trainers 'VIGO' adidas Originals Sneakers Made from recycled mesh in a muted emerald, cut for everyday wear rather than occasions. The seams sit flat and the shape holds up after washing, which makes it an easy thing to reach for on an ordinary morning."
ay-000757,Sneakers 'MEDINA',Recycled mesh provides breathability and a lightweight feel for daily wear. These practical sneakers feature a durable design and are finished in a deep anthracite colour. They offer reliable support for everyday casual activities.,Birkenstock,kids,Sneakers,Shoes|Sneakers,anthracite,Recycled mesh,false,77.47,154.95,50,true,4.0,235,30|31|32|33|34,https://pub-2e4a163f7e1b4ee49c544ba33966ad8e.r2.dev/catalog/ay-000757-1.jpg,Sneakers 'MEDINA' Birkenstock Sneakers Recycled mesh provides breathability and a lightweight feel for daily wear. These practical sneakers feature a durable design and are finished in a deep anthracite colour. They offer reliable support for everyday casual activities.
ay-000758,Midi Dress 'MATERA',"A tie-waist cinches this midi dress silhouette. It is constructed from breathable linen, giving it a relaxed drape. The uniform sand tone makes this a versatile summer piece.",Mavi,women,Dresses,Clothing|Dresses,sand,Linen,false,22.20,37.00,40,true,4.3,352,XS|S|M|L|XL,https://pub-2e4a163f7e1b4ee49c544ba33966ad8e.r2.dev/catalog/ay-000758-1.jpg,"Midi Dress 'MATERA' Mavi Dresses A tie-waist cinches this midi dress silhouette. It is constructed from breathable linen, giving it a relaxed drape. The uniform sand tone makes this a versatile summer piece."
ay-000759,Jeans 'HAMAR',"These brown denim jeans provide a durable, reliable fit for everyday wear. The natural denim material will develop a unique patina, darkening and softening with regular washing. They offer a classic appearance that improves with age.",PIECES,men,Jeans,Clothing|Jeans,brown,Denim,false,95.97,112.90,15,true,4.2,439,29|30|31|32|33|34|36,https://pub-2e4a163f7e1b4ee49c544ba33966ad8e.r2.dev/catalog/ay-000759-1.jpg,"Jeans 'HAMAR' PIECES Jeans These brown denim jeans provide a durable, reliable fit for everyday wear. The natural denim material will develop a unique patina, darkening and softening with regular washing. They offer a classic appearance that improves with age."
ay-000760,Laptop Sleeve 'ARDEN',"This sand suede sleeve provides a padded laptop compartment for 15-inch devices and essential documents. It is suitable for the commuter, offering protection when transitioning from work to travel.",BOSS,kids,Business & laptop bags,Accessories|Bags & backpacks|Bags|Business & laptop bags,sand,Suede,true,312.00,623.99,50,true,4.6,481,ONE SIZE,https://pub-2e4a163f7e1b4ee49c544ba33966ad8e.r2.dev/catalog/ay-000760-1.jpg,"Laptop Sleeve 'ARDEN' BOSS Business & laptop bags This sand suede sleeve provides a padded laptop compartment for 15-inch devices and essential documents. It is suitable for the commuter, offering protection when transitioning from work to travel."
ay-000761,Jacket 'OLTEN',"Merino wool offers natural warmth and a soft touch. This jacket, presented in a versatile khaki colour, provides adaptable comfort for everyday use. It is designed for reliable wear across changing seasons.",Copenhagen Studios,women,Jackets,Clothing|Jackets,khaki,Merino wool,true,280.00,,,true,4.9,620,XS|S|M|L|XL,https://pub-2e4a163f7e1b4ee49c544ba33966ad8e.r2.dev/catalog/ay-000761-1.jpg,"Jacket 'OLTEN' Copenhagen Studios Jackets Merino wool offers natural warmth and a soft touch. This jacket, presented in a versatile khaki colour, provides adaptable comfort for everyday use. It is designed for reliable wear across changing seasons."
ay-000762,Ankle Boots 'DOVER',"Rose, a versatile shade that complements various outfits. These ankle boots are constructed from durable canvas material. The straightforward design provides a comfortable fit and a simple, practical style for daily wear.",Puma,men,Ankle boots,Shoes|Ankle boots,rose,Canvas,false,22.99,,,true,4.6,213,41|42|43|44|45,https://pub-2e4a163f7e1b4ee49c544ba33966ad8e.r2.dev/catalog/ay-000762-1.jpg,"Ankle Boots 'DOVER' Puma Ankle boots Rose, a versatile shade that complements various outfits. These ankle boots are constructed from durable canvas material. The straightforward design provides a comfortable fit and a simple, practical style for daily wear."
ay-000763,Belt 'PALMA',"Polyester offers a lightweight and durable feel, making this a reliable everyday accessory. The belt is finished in a classic camel shade. It provides a neat and practical fit suitable for various formal and casual ensembles.",HUGO,women,Belts,Accessories|Belts,camel,Polyester,false,48.45,57.00,15,true,4.5,565,85|90|95|100,https://pub-2e4a163f7e1b4ee49c544ba33966ad8e.r2.dev/catalog/ay-000763-1.jpg,"Belt 'PALMA' HUGO Belts Polyester offers a lightweight and durable feel, making this a reliable everyday accessory. The belt is finished in a classic camel shade. It provides a neat and practical fit suitable for various formal and casual ensembles."
ay-000764,Sports Top 'VELLA',"Alpaca blend provides exceptional softness and breathable comfort for activity. This sports top is designed for reliable support during training, offering flattering coverage. The neutral grey colour ensures it pairs easily with multiple workout outfits.",NA-KD,kids,Sports tops,Sportswear|Sports tops,grey,Alpaca blend,false,132.90,,,true,4.8,434,110|116|122|128,https://pub-2e4a163f7e1b4ee49c544ba33966ad8e.r2.dev/catalog/ay-000764-1.jpg,"Sports Top 'VELLA' NA-KD Sports tops Alpaca blend provides exceptional softness and breathable comfort for activity. This sports top is designed for reliable support during training, offering flattering coverage. The neutral grey colour ensures it pairs easily with multiple workout outfits."
ay-000765,Jacket 'MONZA',"The jacket is constructed from breathable emerald cotton poplin. This durable material will soften beautifully over time, acquiring a desirable, lived-in patina. It offers consistent comfort and style for seasons to come.",Polo Ralph Lauren,men,Jackets,Clothing|Jackets,emerald,Cotton poplin,true,272.72,340.90,20,true,3.7,574,XS|S|M|L|XL,https://pub-2e4a163f7e1b4ee49c544ba33966ad8e.r2.dev/catalog/ay-000765-1.jpg,"Jacket 'MONZA' Polo Ralph Lauren Jackets The jacket is constructed from breathable emerald cotton poplin. This durable material will soften beautifully over time, acquiring a desirable, lived-in patina. It offers consistent comfort and style for seasons to come."
ay-000766,Trainers 'DUBLIN',"Synthetic material provides a breathable, lightweight feel suitable for daily activity. These trainers are finished in a versatile ecru colourway. They offer consistent support and comfort for general wear.",ABOUT YOU,women,Sneakers,Shoes|Sneakers,ecru,Synthetic,false,95.99,,,true,4.4,423,36|37|38|39|40|41,https://pub-2e4a163f7e1b4ee49c544ba33966ad8e.r2.dev/catalog/ay-000766-1.jpg,"Trainers 'DUBLIN' ABOUT YOU Sneakers Synthetic material provides a breathable, lightweight feel suitable for daily activity. These trainers are finished in a versatile ecru colourway. They offer consistent support and comfort for general wear."
ay-000767,Ankle Boots 'KIRUNA',These black mesh ankle boots provide a lightweight and breathable style. They feature an elasticated ankle cuff for a secure fit. Please note that the mesh material requires careful spot cleaning to maintain its appearance.,Nike Sportswear,men,Ankle boots,Shoes|Ankle boots,black,Mesh,false,60.00,120.00,50,true,3.7,433,41|42|43|44|45,https://pub-2e4a163f7e1b4ee49c544ba33966ad8e.r2.dev/catalog/ay-000767-1.jpg,Ankle Boots 'KIRUNA' Nike Sportswear Ankle boots These black mesh ankle boots provide a lightweight and breathable style. They feature an elasticated ankle cuff for a secure fit. Please note that the mesh material requires careful spot cleaning to maintain its appearance.
ay-000768,Hoodie 'PADUA',"Merino wool provides exceptional comfort and warmth, making this hoodie a reliable staple. The soft fabric is presented in a deep anthracite colour. It features a classic design suitable for year-round wear in temperate climates.",Lauren Ralph Lauren,women,Hoodies,Clothing|Hoodies,anthracite,Merino wool,true,230.30,329.00,30,true,4.2,232,XS|S|M|L|XL,https://pub-2e4a163f7e1b4ee49c544ba33966ad8e.r2.dev/catalog/ay-000768-1.jpg,"Hoodie 'PADUA' Lauren Ralph Lauren Hoodies Merino wool provides exceptional comfort and warmth, making this hoodie a reliable staple. The soft fabric is presented in a deep anthracite colour. It features a classic design suitable for year-round wear in temperate climates."
ay-000769,T-Shirt 'DELFT',"The crew neckline provides a simple, comfortable fit. This t-shirt is constructed from a breathable cotton jersey and available in a solid mocha colour. It is designed for basic, everyday casual wear.",NA-KD,women,Tops,Clothing|Tops,mocha,,false,18.74,24.99,25,true,4.7,167,XS|S|M|L|XL,https://pub-2e4a163f7e1b4ee49c544ba33966ad8e.r2.dev/catalog/ay-000769-1.jpg,"T-Shirt 'DELFT' NA-KD Tops The crew neckline provides a simple, comfortable fit. This t-shirt is constructed from a breathable cotton jersey and available in a solid mocha colour. It is designed for basic, everyday casual wear."
ay-000770,Scarf 'BIARRITZ',"Wool felt offers reliable warmth and a smooth, soft texture. This substantial scarf is presented in deep anthracite, providing excellent coverage for cold weather. It is a durable, essential accessory suitable for daily use.",bugatti,women,Scarves & wraps,Accessories|Scarves & wraps,anthracite,Wool felt,false,25.80,43.00,40,false,4.7,638,ONE SIZE,https://pub-2e4a163f7e1b4ee49c544ba33966ad8e.r2.dev/catalog/ay-000770-1.jpg,"Scarf 'BIARRITZ' bugatti Scarves & wraps Wool felt offers reliable warmth and a smooth, soft texture. This substantial scarf is presented in deep anthracite, providing excellent coverage for cold weather. It is a durable, essential accessory suitable for daily use."
ay-000771,Trainers 'ANDES',"This trainer features a rich bordeaux suede upper, constructed for everyday wear. They are lightweight, weighing less than a standard paperback novel. The durable build provides a solid fit and comfortable structure.",New Balance,men,Sneakers,Shoes|Sneakers,bordeaux,Suede,false,81.60,136.00,40,true,3.7,271,41|42|43|44|45,https://pub-2e4a163f7e1b4ee49c544ba33966ad8e.r2.dev/catalog/ay-000771-1.jpg,"Trainers 'ANDES' New Balance Sneakers This trainer features a rich bordeaux suede upper, constructed for everyday wear. They are lightweight, weighing less than a standard paperback novel. The durable build provides a solid fit and comfortable structure."
ay-000772,Hobo Bag 'MANTUA',"This hobo bag is available in ecru and constructed from recycled polyester. Its durable material ensures it maintains its shape while developing a unique, worn character over time, adding character to the bag.",Diesel,women,Shoulder bags,Accessories|Bags & backpacks|Bags|Shoulder bags,ecru,Recycled polyester,false,41.98,83.95,50,true,4.1,405,ONE SIZE,https://pub-2e4a163f7e1b4ee49c544ba33966ad8e.r2.dev/catalog/ay-000772-1.jpg,"Hobo Bag 'MANTUA' Diesel Shoulder bags This hobo bag is available in ecru and constructed from recycled polyester. Its durable material ensures it maintains its shape while developing a unique, worn character over time, adding character to the bag."
ay-000773,Card Holder 'TREVISO',"Lilac complements neutral tones and sophisticated outfits. This card holder is constructed from quality leather, offering a slim profile for essential cards. Its durable design ensures practical style for daily use.",Copenhagen Studios,men,Wallets & cases,Accessories|Wallets & cases,lilac,Leather,true,335.99,,,true,4.3,203,ONE SIZE,https://pub-2e4a163f7e1b4ee49c544ba33966ad8e.r2.dev/catalog/ay-000773-1.jpg,"Card Holder 'TREVISO' Copenhagen Studios Wallets & cases Lilac complements neutral tones and sophisticated outfits. This card holder is constructed from quality leather, offering a slim profile for essential cards. Its durable design ensures practical style for daily use."
ay-000774,Coat 'ANNECY',This coat features a deep burgundy shade and is constructed from an alpaca blend for warmth. It provides substantial coverage suitable for cooler British weather. Please note that dry cleaning is required to maintain the garment’s shape.,millane,kids,Coats,Clothing|Coats,burgundy,Alpaca blend,false,56.96,75.95,25,true,4.9,546,110|116|122|128,https://pub-2e4a163f7e1b4ee49c544ba33966ad8e.r2.dev/catalog/ay-000774-1.jpg,Coat 'ANNECY' millane Coats This coat features a deep burgundy shade and is constructed from an alpaca blend for warmth. It provides substantial coverage suitable for cooler British weather. Please note that dry cleaning is required to maintain the garment’s shape.
ay-000775,Hobo Bag 'CAMDEN',"This faux leather hobo bag features a versatile camel colourway. Designed as a shoulder bag, it is suitable for managing essentials during daily errands or casual work settings. Its simple structure provides reliable, effortless style.",Guess,men,Shoulder bags,Accessories|Bags & backpacks|Bags|Shoulder bags,camel,Faux leather,false,41.50,83.00,50,true,3.8,262,ONE SIZE,https://pub-2e4a163f7e1b4ee49c544ba33966ad8e.r2.dev/catalog/ay-000775-1.jpg,"Hobo Bag 'CAMDEN' Guess Shoulder bags This faux leather hobo bag features a versatile camel colourway. Designed as a shoulder bag, it is suitable for managing essentials during daily errands or casual work settings. Its simple structure provides reliable, effortless style."
ay-000776,Scarf 'SKAGEN',"Anthracite complements all seasonal wardrobes, adding a sophisticated touch. Constructed from durable stainless steel, this lightweight scarf provides a modern metallic accent. Its reliable design ensures versatile styling for various occasions.",millane,women,Scarves & wraps,Accessories|Scarves & wraps,anthracite,Stainless steel,false,116.00,,,true,3.7,99,ONE SIZE,https://pub-2e4a163f7e1b4ee49c544ba33966ad8e.r2.dev/catalog/ay-000776-1.jpg,"Scarf 'SKAGEN' millane Scarves & wraps Anthracite complements all seasonal wardrobes, adding a sophisticated touch. Constructed from durable stainless steel, this lightweight scarf provides a modern metallic accent. Its reliable design ensures versatile styling for various occasions."
ay-000777,Jeans 'SUNNE',"Suitable for year-round smart casual wear, these jeans feature a soft Alpaca blend material. The creamy finish provides a light, versatile alternative to standard denim. They offer both comfort and a refined appearance.",Copenhagen Studios,women,Jeans,Clothing|Jeans,cream,Alpaca blend,true,160.14,266.90,40,true,4.0,196,25|26|27|28|29|30|31,https://pub-2e4a163f7e1b4ee49c544ba33966ad8e.r2.dev/catalog/ay-000777-1.jpg,"Jeans 'SUNNE' Copenhagen Studios Jeans Suitable for year-round smart casual wear, these jeans feature a soft Alpaca blend material. The creamy finish provides a light, versatile alternative to standard denim. They offer both comfort and a refined appearance."
ay-000778,Pants 'RUGBY',"These ecru trousers, made from a wool blend, offer reliable comfort and a refined fit. They are designed to improve with wear, developing a subtle patina that enhances their smart, lasting appearance.",LASCANA,kids,Pants,Clothing|Pants,ecru,Wool blend,false,71.95,,,true,3.7,379,110|116|122|128,https://pub-2e4a163f7e1b4ee49c544ba33966ad8e.r2.dev/catalog/ay-000778-1.jpg,"Pants 'RUGBY' LASCANA Pants These ecru trousers, made from a wool blend, offer reliable comfort and a refined fit. They are designed to improve with wear, developing a subtle patina that enhances their smart, lasting appearance."
ay-000779,Jacket 'SEGOVIA',This jacket is crafted from viscose and presented in a delicate rose shade. Its lightweight structure offers comfort and versatility throughout the season. Care instructions recommend careful dry cleaning to preserve the material.,VERO MODA,men,Jackets,Clothing|Jackets,rose,Viscose,false,118.00,,,true,,,XS|S|M|L|XL,https://pub-2e4a163f7e1b4ee49c544ba33966ad8e.r2.dev/catalog/ay-000779-1.jpg,Jacket 'SEGOVIA' VERO MODA Jackets This jacket is crafted from viscose and presented in a delicate rose shade. Its lightweight structure offers comfort and versatility throughout the season. Care instructions recommend careful dry cleaning to preserve the material.
ay-000780,Sports Top 'BRECON',"Grey wool blend sports top, suitable for pairing with various training gear. This breathable blend provides warmth and stretch for optimal performance during intense workouts. Designed for comfort and durability, it supports movement through all routines.",NU-IN,women,Sports tops,Sportswear|Sports tops,grey,Wool blend,false,70.40,88.00,20,true,3.8,136,XS|S|M|L|XL,https://pub-2e4a163f7e1b4ee49c544ba33966ad8e.r2.dev/catalog/ay-000780-1.jpg,"Sports Top 'BRECON' NU-IN Sports tops Grey wool blend sports top, suitable for pairing with various training gear. This breathable blend provides warmth and stretch for optimal performance during intense workouts. Designed for comfort and durability, it supports movement through all routines."
ay-000781,Blazer 'QUIMPER',This cotton blazer is offered in a classic cognac shade. Its breathable fabric makes it ideal for semi-formal daytime occasions. It provides a refined fit that transitions easily from day to evening.,Polo Ralph Lauren,women,Blazers,Clothing|Blazers,cognac,Cotton,true,244.72,305.90,20,true,3.9,224,XS|S|M|L|XL,https://pub-2e4a163f7e1b4ee49c544ba33966ad8e.r2.dev/catalog/ay-000781-1.jpg,Blazer 'QUIMPER' Polo Ralph Lauren Blazers This cotton blazer is offered in a classic cognac shade. Its breathable fabric makes it ideal for semi-formal daytime occasions. It provides a refined fit that transitions easily from day to evening.
ay-000782,Laptop Backpack 'UTRERA',"This rose nylon backpack provides a reliable carrier for a 15-inch laptop, padded sleeve, and documents for the commuter. The robust nylon construction ensures durability, developing a comfortable patina with regular professional use.",Camel Active,kids,Business & laptop bags,Accessories|Bags & backpacks|Bags|Business & laptop bags,rose,Nylon,false,87.90,,,false,4.9,634,ONE SIZE,https://pub-2e4a163f7e1b4ee49c544ba33966ad8e.r2.dev/catalog/ay-000782-1.jpg,"Laptop Backpack 'UTRERA' Camel Active Business & laptop bags This rose nylon backpack provides a reliable carrier for a 15-inch laptop, padded sleeve, and documents for the commuter. The robust nylon construction ensures durability, developing a comfortable patina with regular professional use."
ay-000783,Mini Bag 'ALBA',"Soft to the touch, this suede mini bag offers a muted khaki tone and compact design. Slung across the body, it functions as a practical and lightweight accessory. This crossbody bag holds essentials while maintaining a sophisticated profile.",Tommy Hilfiger,women,Crossbody bags,Accessories|Bags & backpacks|Bags|Crossbody bags,khaki,Suede,false,74.18,98.90,25,true,3.9,639,ONE SIZE,https://pub-2e4a163f7e1b4ee49c544ba33966ad8e.r2.dev/catalog/ay-000783-1.jpg,"Mini Bag 'ALBA' Tommy Hilfiger Crossbody bags Soft to the touch, this suede mini bag offers a muted khaki tone and compact design. Slung across the body, it functions as a practical and lightweight accessory. This crossbody bag holds essentials while maintaining a sophisticated profile."
ay-000784,Briefcase 'PRATO',"This chocolate Nylon briefcase is designed for the commuter, featuring a 15-inch padded sleeve and dedicated document compartments. Its resilient structure will develop a suitable patina over time, maintaining a professional appearance for daily use.",Calvin Klein,women,Business & laptop bags,Accessories|Bags & backpacks|Bags|Business & laptop bags,chocolate,Nylon,false,214.90,,,true,4.0,414,ONE SIZE,https://pub-2e4a163f7e1b4ee49c544ba33966ad8e.r2.dev/catalog/ay-000784-1.jpg,"Briefcase 'PRATO' Calvin Klein Business & laptop bags This chocolate Nylon briefcase is designed for the commuter, featuring a 15-inch padded sleeve and dedicated document compartments. Its resilient structure will develop a suitable patina over time, maintaining a professional appearance for daily use."
ay-000785,T-Shirt 'EPSOM',"This basic t-shirt, constructed from a taupe cotton blend, offers comfortable and reliable wear. The fabric weight feels similar to a standard bath towel, ensuring durability. This simple top is suitable for everyday casual use.",American Vintage,men,Tops,Clothing|Tops,taupe,Cotton blend,false,10.74,17.90,40,true,3.6,302,XS|S|M|L|XL,https://pub-2e4a163f7e1b4ee49c544ba33966ad8e.r2.dev/catalog/ay-000785-1.jpg,"T-Shirt 'EPSOM' American Vintage Tops This basic t-shirt, constructed from a taupe cotton blend, offers comfortable and reliable wear. The fabric weight feels similar to a standard bath towel, ensuring durability. This simple top is suitable for everyday casual use."
ay-000786,Pants 'ELDER',"Chiffon offers a lightweight and airy feel, making these pants comfortable for all-day wear. The solid black design features a lovely drape and flowing silhouette. These versatile trousers are suitable for both relaxed daily outfits and evening occasions.",BOSS,women,Pants,Clothing|Pants,black,Chiffon,true,246.99,,,true,4.5,293,25|26|27|28|29|30|31,https://pub-2e4a163f7e1b4ee49c544ba33966ad8e.r2.dev/catalog/ay-000786-1.jpg,"Pants 'ELDER' BOSS Pants Chiffon offers a lightweight and airy feel, making these pants comfortable for all-day wear. The solid black design features a lovely drape and flowing silhouette. These versatile trousers are suitable for both relaxed daily outfits and evening occasions."
ay-000787,Coat 'URBINO',"This mocha coat is constructed from breathable linen, suitable for transitional British weather. While linen offers comfort, it wrinkles easily, requiring gentle steaming after washing. It provides a lightweight outer layer for cool days.",VILA,women,Coats,Clothing|Coats,mocha,Linen,false,191.90,,,true,4.4,105,XS|S|M|L|XL,https://pub-2e4a163f7e1b4ee49c544ba33966ad8e.r2.dev/catalog/ay-000787-1.jpg,"Coat 'URBINO' VILA Coats This mocha coat is constructed from breathable linen, suitable for transitional British weather. While linen offers comfort, it wrinkles easily, requiring gentle steaming after washing. It provides a lightweight outer layer for cool days."
ay-000788,Slip-Ons 'GENOA',"These lilac slip-ons feature a comfortable suede construction. They are surprisingly light, feeling about as weighty as a paperback book. This simple design ensures ease of wear for everyday use.",Nike Sportswear,women,Slip-ons,Shoes|Slip-ons,lilac,Suede,false,27.48,54.95,50,true,4.9,127,36|37|38|39|40|41,https://pub-2e4a163f7e1b4ee49c544ba33966ad8e.r2.dev/catalog/ay-000788-1.jpg,"Slip-Ons 'GENOA' Nike Sportswear Slip-ons These lilac slip-ons feature a comfortable suede construction. They are surprisingly light, feeling about as weighty as a paperback book. This simple design ensures ease of wear for everyday use."
ay-000789,Mini Bag 'MOSTAR',"This crossbody bag features a recycled polyester composition in a versatile sand colour. It is a lightweight and durable accessory suitable for everyday wear. The material is designed to age gracefully, developing a unique patina over time.",Calvin Klein,women,Crossbody bags,Accessories|Bags & backpacks|Bags|Crossbody bags,sand,Recycled polyester,false,32.40,54.00,40,true,3.6,391,ONE SIZE,https://pub-2e4a163f7e1b4ee49c544ba33966ad8e.r2.dev/catalog/ay-000789-1.jpg,"Mini Bag 'MOSTAR' Calvin Klein Crossbody bags This crossbody bag features a recycled polyester composition in a versatile sand colour. It is a lightweight and durable accessory suitable for everyday wear. The material is designed to age gracefully, developing a unique patina over time."
ay-000790,Boots 'RONDA',"These bordeaux canvas boots provide durable support for daily use. Constructed from robust canvas material, they are surprisingly light, weighing less than a standard textbook. They offer reliable footing across varied terrains.",Reebok Classics,women,Boots,Shoes|Boots,bordeaux,Canvas,false,33.59,55.99,40,true,4.1,563,36|37|38|39|40|41,https://pub-2e4a163f7e1b4ee49c544ba33966ad8e.r2.dev/catalog/ay-000790-1.jpg,"Boots 'RONDA' Reebok Classics Boots These bordeaux canvas boots provide durable support for daily use. Constructed from robust canvas material, they are surprisingly light, weighing less than a standard textbook. They offer reliable footing across varied terrains."
ay-000791,Document Bag 'ULSTER',"Suede offers a refined feel for this durable cream document bag. It includes a padded sleeve for a 15-inch laptop and ample space for documents, making it suitable for the commuter or professional. This structured briefcase provides reliable carrying capacity for daily use.",Calvin Klein,men,Business & laptop bags,Accessories|Bags & backpacks|Bags|Business & laptop bags,cream,Suede,false,140.76,175.95,20,true,4.4,365,ONE SIZE,https://pub-2e4a163f7e1b4ee49c544ba33966ad8e.r2.dev/catalog/ay-000791-1.jpg,"Document Bag 'ULSTER' Calvin Klein Business & laptop bags Suede offers a refined feel for this durable cream document bag. It includes a padded sleeve for a 15-inch laptop and ample space for documents, making it suitable for the commuter or professional. This structured briefcase provides reliable carrying capacity for daily use."
ay-000792,Mini Bag 'FARO',"The soft texture of Nubuck provides a refined finish to this compact bag. Finished in deep anthracite, this mini crossbody bag offers secure, stylish carry for daily essentials. It is sized appropriately for modern city use.",Tommy Hilfiger,men,Crossbody bags,Accessories|Bags & backpacks|Bags|Crossbody bags,anthracite,Nubuck,false,127.95,,,true,3.6,491,ONE SIZE,https://pub-2e4a163f7e1b4ee49c544ba33966ad8e.r2.dev/catalog/ay-000792-1.jpg,"Mini Bag 'FARO' Tommy Hilfiger Crossbody bags The soft texture of Nubuck provides a refined finish to this compact bag. Finished in deep anthracite, this mini crossbody bag offers secure, stylish carry for daily essentials. It is sized appropriately for modern city use."
ay-000793,Jeans 'PORTO',"For everyday wear, these jeans offer a crisp and clean aesthetic. Constructed from durable white cotton twill, they provide comfortable structure suitable for various occasions. They are a versatile wardrobe staple.",American Vintage,women,Jeans,Clothing|Jeans,white,Cotton twill,false,40.20,67.00,40,true,4.5,219,25|26|27|28|29|30|31,https://pub-2e4a163f7e1b4ee49c544ba33966ad8e.r2.dev/catalog/ay-000793-1.jpg,"Jeans 'PORTO' American Vintage Jeans For everyday wear, these jeans offer a crisp and clean aesthetic. Constructed from durable white cotton twill, they provide comfortable structure suitable for various occasions. They are a versatile wardrobe staple."
ay-000794,Backpack 'SALO',"The external zip pockets offer easy access to small items. This spacious, sand-coloured backpack is constructed from durable suede and features reinforced straps for comfortable carrying. It serves as a practical day bag for routine use.",Camel Active,kids,Backpacks,Accessories|Bags & backpacks|Bags|Backpacks,sand,Suede,false,24.98,49.95,50,true,4.5,56,ONE SIZE,https://pub-2e4a163f7e1b4ee49c544ba33966ad8e.r2.dev/catalog/ay-000794-1.jpg,"Backpack 'SALO' Camel Active Backpacks The external zip pockets offer easy access to small items. This spacious, sand-coloured backpack is constructed from durable suede and features reinforced straps for comfortable carrying. It serves as a practical day bag for routine use."
ay-000795,Coat 'LAHTI',"Brown complements deep tones and works well with various autumnal colours. This durable coat features a classic denim construction, offering reliable warmth and a smart silhouette for daytime wear. It is designed to be a versatile staple in your outerwear collection.",Copenhagen Studios,kids,Coats,Clothing|Coats,brown,Denim,true,511.70,602.00,15,true,3.6,209,110|116|122|128,https://pub-2e4a163f7e1b4ee49c544ba33966ad8e.r2.dev/catalog/ay-000795-1.jpg,"Coat 'LAHTI' Copenhagen Studios Coats Brown complements deep tones and works well with various autumnal colours. This durable coat features a classic denim construction, offering reliable warmth and a smart silhouette for daytime wear. It is designed to be a versatile staple in your outerwear collection."
ay-000796,Top 'GIRONA',"This basic top is constructed from soft cotton in a versatile chocolate shade. It provides simple, comfortable coverage for everyday wear. Machine wash at 30 degrees to ensure the longevity of the fabric.",s.Oliver,men,Tops,Clothing|Tops,chocolate,Cotton,false,17.96,23.95,25,true,4.7,62,XS|S|M|L|XL,https://pub-2e4a163f7e1b4ee49c544ba33966ad8e.r2.dev/catalog/ay-000796-1.jpg,"Top 'GIRONA' s.Oliver Tops This basic top is constructed from soft cotton in a versatile chocolate shade. It provides simple, comfortable coverage for everyday wear. Machine wash at 30 degrees to ensure the longevity of the fabric."
ay-000797,Dress 'AARHUS',This simple brown viscose dress provides comfortable coverage for everyday occasions. The breathable viscose fabric offers a gentle drape and easy wear. Please remember that viscose requires careful washing to maintain its shape.,MORE & MORE,women,Dresses,Clothing|Dresses,brown,Viscose,false,97.59,121.99,20,true,4.1,157,XS|S|M|L|XL,https://pub-2e4a163f7e1b4ee49c544ba33966ad8e.r2.dev/catalog/ay-000797-1.jpg,Dress 'AARHUS' MORE & MORE Dresses This simple brown viscose dress provides comfortable coverage for everyday occasions. The breathable viscose fabric offers a gentle drape and easy wear. Please remember that viscose requires careful washing to maintain its shape.
ay-000798,Pants 'EVORA',"Rose, pairing well with navy or black. These crepe trousers offer a soft drape and a comfortable fit throughout the day. They are suitable for smart casual and professional wear alike.",ABOUT YOU,women,Pants,Clothing|Pants,rose,Crepe,false,39.99,49.99,20,true,3.8,101,25|26|27|28|29|30|31,https://pub-2e4a163f7e1b4ee49c544ba33966ad8e.r2.dev/catalog/ay-000798-1.jpg,"Pants 'EVORA' ABOUT YOU Pants Rose, pairing well with navy or black. These crepe trousers offer a soft drape and a comfortable fit throughout the day. They are suitable for smart casual and professional wear alike."
ay-000799,Sweater 'NIMES',"The ribbed cuffs provide a secure fit. This cream wool blend sweater is designed for comfort, offering substantial warmth and a classic appearance. Its simple crew neckline makes it suitable for layering during cooler weather.",American Vintage,men,Sweaters & knitwear,Clothing|Sweaters & knitwear,cream,Wool blend,false,35.49,70.99,50,true,3.8,301,XS|S|M|L|XL,https://pub-2e4a163f7e1b4ee49c544ba33966ad8e.r2.dev/catalog/ay-000799-1.jpg,"Sweater 'NIMES' American Vintage Sweaters & knitwear The ribbed cuffs provide a secure fit. This cream wool blend sweater is designed for comfort, offering substantial warmth and a classic appearance. Its simple crew neckline makes it suitable for layering during cooler weather."
ay-000800,Slip-Ons 'THIRSK',These comfortable slip-on shoes feature a clean cream colourway and are constructed from durable Suede. They provide effortless wear for daily outings. Please note that the suede material requires occasional brushing to maintain its texture.,adidas Originals,men,Slip-ons,Shoes|Slip-ons,cream,Suede,false,41.61,48.95,15,true,4.1,292,41|42|43|44|45,https://pub-2e4a163f7e1b4ee49c544ba33966ad8e.r2.dev/catalog/ay-000800-1.jpg,Slip-Ons 'THIRSK' adidas Originals Slip-ons These comfortable slip-on shoes feature a clean cream colourway and are constructed from durable Suede. They provide effortless wear for daily outings. Please note that the suede material requires occasional brushing to maintain its texture.
ay-000801,Phone Case 'ZARAGOZA',"When durable protection is required, this case provides reliable defense for your phone. Constructed from black stainless steel, it offers robust resilience against daily wear and tear. The finish ensures a professional, discreet appearance.",Guess,men,Smartphone cases,Accessories|Smartphone cases,black,Stainless steel,false,18.40,23.00,20,true,4.1,74,ONE SIZE,https://pub-2e4a163f7e1b4ee49c544ba33966ad8e.r2.dev/catalog/ay-000801-1.jpg,"Phone Case 'ZARAGOZA' Guess Smartphone cases When durable protection is required, this case provides reliable defense for your phone. Constructed from black stainless steel, it offers robust resilience against daily wear and tear. The finish ensures a professional, discreet appearance."
ay-000802,Work Tote 'JEREZ',"This camel tote, constructed from durable recycled polyester, features a padded sleeve and dedicated compartment for documents or a 15-inch laptop. Suitable for the commuter, it holds essential professional items. Note that polyester requires professional cleaning to maintain its structure.",Tommy Hilfiger,men,Business & laptop bags,Accessories|Bags & backpacks|Bags|Business & laptop bags,camel,Recycled polyester,false,93.00,124.00,25,true,4.8,62,ONE SIZE,https://pub-2e4a163f7e1b4ee49c544ba33966ad8e.r2.dev/catalog/ay-000802-1.jpg,"Work Tote 'JEREZ' Tommy Hilfiger Business & laptop bags This camel tote, constructed from durable recycled polyester, features a padded sleeve and dedicated compartment for documents or a 15-inch laptop. Suitable for the commuter, it holds essential professional items. Note that polyester requires professional cleaning to maintain its structure."
ay-000803,High Heels 'OSTUNI',These anthracite leather high heels offer a sophisticated silhouette for formal wear. The durable leather construction requires regular conditioning to maintain its deep colour. Please ensure they are stored away from direct sunlight.,adidas Originals,women,High heels,Shoes|High heels,anthracite,Leather,false,49.00,70.00,30,true,3.7,68,36|37|38|39|40|41,https://pub-2e4a163f7e1b4ee49c544ba33966ad8e.r2.dev/catalog/ay-000803-1.jpg,High Heels 'OSTUNI' adidas Originals High heels These anthracite leather high heels offer a sophisticated silhouette for formal wear. The durable leather construction requires regular conditioning to maintain its deep colour. Please ensure they are stored away from direct sunlight.
ay-000804,Skirt 'BRUGES',"Featuring a zip fastening and functional side pockets, this skirt provides a comfortable fit. Constructed from breathable cotton twill, the sage coloured piece is ideal for casual daytime wear.",VILA,women,Skirts,Clothing|Skirts,sage,Cotton twill,false,59.00,,,true,4.4,561,XS|S|M|L|XL,https://pub-2e4a163f7e1b4ee49c544ba33966ad8e.r2.dev/catalog/ay-000804-1.jpg,"Skirt 'BRUGES' VILA Skirts Featuring a zip fastening and functional side pockets, this skirt provides a comfortable fit. Constructed from breathable cotton twill, the sage coloured piece is ideal for casual daytime wear."
ay-000805,Trainers 'JARVA',"White synthetic trainers offer a lightweight and durable option for daily wear. The breathable synthetic upper ensures comfort, while the robust design provides reliable support. These trainers feature a practical lace-up fastening.",Nike Sportswear,men,Sneakers,Shoes|Sneakers,white,Synthetic,false,150.00,,,true,3.8,48,41|42|43|44|45,https://pub-2e4a163f7e1b4ee49c544ba33966ad8e.r2.dev/catalog/ay-000805-1.jpg,"Trainers 'JARVA' Nike Sportswear Sneakers White synthetic trainers offer a lightweight and durable option for daily wear. The breathable synthetic upper ensures comfort, while the robust design provides reliable support. These trainers feature a practical lace-up fastening."
ay-000806,Knit 'TUDELA',"Organic cotton offers a soft, breathable feel for everyday comfort. This knit sweater is presented in a versatile beige shade. It provides reliable warmth and a classic finish for general wear.",VERO MODA,men,Sweaters & knitwear,Clothing|Sweaters & knitwear,beige,Organic cotton,false,64.56,75.95,15,true,4.5,79,XS|S|M|L|XL,https://pub-2e4a163f7e1b4ee49c544ba33966ad8e.r2.dev/catalog/ay-000806-1.jpg,"Knit 'TUDELA' VERO MODA Sweaters & knitwear Organic cotton offers a soft, breathable feel for everyday comfort. This knit sweater is presented in a versatile beige shade. It provides reliable warmth and a classic finish for general wear."
ay-000807,Boots 'VIANA',These canvas boots are finished in a neutral sand colour and provide reliable support for daily use. The sturdy material offers comfortable ankle coverage and durable wear. Note that the canvas surface requires occasional brushing to prevent scuff marks.,Nike Sportswear,kids,Boots,Shoes|Boots,sand,Canvas,false,95.90,,,true,4.1,484,30|31|32|33|34,https://pub-2e4a163f7e1b4ee49c544ba33966ad8e.r2.dev/catalog/ay-000807-1.jpg,Boots 'VIANA' Nike Sportswear Boots These canvas boots are finished in a neutral sand colour and provide reliable support for daily use. The sturdy material offers comfortable ankle coverage and durable wear. Note that the canvas surface requires occasional brushing to prevent scuff marks.
ay-000808,Tote Bag 'DORSET',"Saffiano leather provides a durable, structured, and polished finish. This functional black tote bag maintains its shape while offering ample space for daily essentials. It serves as a reliable and professional carry bag.",Polo Ralph Lauren,men,Tote bags,Accessories|Bags & backpacks|Bags|Tote bags,black,Saffiano leather,true,246.90,,,true,3.8,245,ONE SIZE,https://pub-2e4a163f7e1b4ee49c544ba33966ad8e.r2.dev/catalog/ay-000808-1.jpg,"Tote Bag 'DORSET' Polo Ralph Lauren Tote bags Saffiano leather provides a durable, structured, and polished finish. This functional black tote bag maintains its shape while offering ample space for daily essentials. It serves as a reliable and professional carry bag."
ay-000809,Sandals 'ZERMATT',These taupe suede sandals offer both comfort and a polished look. The sturdy suede material is ideal for casual weekend outings or evening strolling. They provide a versatile piece suitable for various daytime occasions.,adidas Originals,women,Sandals,Shoes|Sandals,taupe,Suede,false,25.90,,,false,3.9,606,36|37|38|39|40|41,https://pub-2e4a163f7e1b4ee49c544ba33966ad8e.r2.dev/catalog/ay-000809-1.jpg,Sandals 'ZERMATT' adidas Originals Sandals These taupe suede sandals offer both comfort and a polished look. The sturdy suede material is ideal for casual weekend outings or evening strolling. They provide a versatile piece suitable for various daytime occasions.
ay-000810,Sneakers 'SINTRA',"The matching laces secure the foot in this pair of canvas sneakers. Finished in a pale lilac colour, the durable canvas upper provides reliable, everyday support. These trainers feature robust stitching and are designed for comfortable daily wear.",Tamaris,women,Sneakers,Shoes|Sneakers,lilac,Canvas,false,133.95,,,true,,,36|37|38|39|40|41,https://pub-2e4a163f7e1b4ee49c544ba33966ad8e.r2.dev/catalog/ay-000810-1.jpg,"Sneakers 'SINTRA' Tamaris Sneakers The matching laces secure the foot in this pair of canvas sneakers. Finished in a pale lilac colour, the durable canvas upper provides reliable, everyday support. These trainers feature robust stitching and are designed for comfortable daily wear."
ay-000811,Beanie 'SPOLETO',"The beanie is constructed from breathable silicone and offered in a versatile ecru shade. It is remarkably lightweight, weighing less than a few sheets of A4 paper. This simple design provides reliable head coverage for cooler days.",Calvin Klein,women,Hats & caps,Accessories|Hats & caps,ecru,Silicone,false,66.49,94.99,30,true,4.5,54,ONE SIZE,https://pub-2e4a163f7e1b4ee49c544ba33966ad8e.r2.dev/catalog/ay-000811-1.jpg,"Beanie 'SPOLETO' Calvin Klein Hats & caps The beanie is constructed from breathable silicone and offered in a versatile ecru shade. It is remarkably lightweight, weighing less than a few sheets of A4 paper. This simple design provides reliable head coverage for cooler days."
ay-000812,Top 'JURA',"For a comfortable look this season, this top is ideal. It features a soft Alpaca blend construction in a classic chocolate shade. This versatile piece can be worn for both professional or casual settings.",s.Oliver,men,Tops,Clothing|Tops,chocolate,Alpaca blend,false,37.90,,,true,4.1,406,XS|S|M|L|XL,https://pub-2e4a163f7e1b4ee49c544ba33966ad8e.r2.dev/catalog/ay-000812-1.jpg,"Top 'JURA' s.Oliver Tops For a comfortable look this season, this top is ideal. It features a soft Alpaca blend construction in a classic chocolate shade. This versatile piece can be worn for both professional or casual settings."
ay-000813,Jeans 'GRANADA',This pair of mocha denim jeans provides a versatile fit and a comfortable feel. The durable denim material makes them ideal for professional daytime use. They are built to handle everyday wear with reliable comfort.,s.Oliver,men,Jeans,Clothing|Jeans,mocha,Denim,false,36.54,60.90,40,true,4.3,248,29|30|31|32|33|34|36,https://pub-2e4a163f7e1b4ee49c544ba33966ad8e.r2.dev/catalog/ay-000813-1.jpg,Jeans 'GRANADA' s.Oliver Jeans This pair of mocha denim jeans provides a versatile fit and a comfortable feel. The durable denim material makes them ideal for professional daytime use. They are built to handle everyday wear with reliable comfort.
ay-000814,Knit 'NARVIK',"This chocolate Cotton blend knit provides warmth and comfort suitable for casual wear. The knit offers a classic finish, though it must be machine washed on a gentle cycle to maintain its integrity.",Mavi,women,Sweaters & knitwear,Clothing|Sweaters & knitwear,chocolate,Cotton blend,false,47.25,63.00,25,true,4.1,602,XS|S|M|L|XL,https://pub-2e4a163f7e1b4ee49c544ba33966ad8e.r2.dev/catalog/ay-000814-1.jpg,"Knit 'NARVIK' Mavi Sweaters & knitwear This chocolate Cotton blend knit provides warmth and comfort suitable for casual wear. The knit offers a classic finish, though it must be machine washed on a gentle cycle to maintain its integrity."
ay-000815,Coat 'FLORA',"This navy satin coat offers a sophisticated drape, making it ideal for formal evening occasions or dinner outings. The smooth satin material provides a refined look while ensuring adequate warmth throughout the cooler months.",BOSS,women,Coats,Clothing|Coats,navy,Satin,true,550.79,647.99,15,true,4.8,412,XS|S|M|L|XL,https://pub-2e4a163f7e1b4ee49c544ba33966ad8e.r2.dev/catalog/ay-000815-1.jpg,"Coat 'FLORA' BOSS Coats This navy satin coat offers a sophisticated drape, making it ideal for formal evening occasions or dinner outings. The smooth satin material provides a refined look while ensuring adequate warmth throughout the cooler months."
ay-000816,Running Shoes 'EIGER',"These grey suede running shoes provide durable support for daily training runs. The lightweight design feels comparable to a sturdy magazine, ensuring comfortable mileage. They offer reliable grip and a smooth ride for consistent performance.",Nike Sportswear,men,Running shoes,Sportswear|Running shoes,grey,Suede,false,13.97,27.95,50,true,4.0,495,41|42|43|44|45,https://pub-2e4a163f7e1b4ee49c544ba33966ad8e.r2.dev/catalog/ay-000816-1.jpg,"Running Shoes 'EIGER' Nike Sportswear Running shoes These grey suede running shoes provide durable support for daily training runs. The lightweight design feels comparable to a sturdy magazine, ensuring comfortable mileage. They offer reliable grip and a smooth ride for consistent performance."
ay-000817,Document Bag 'TAVIRA',"For the daily commuter, this structured Nubuck briefcase provides reliable transport for professional documents. The cognac finish and durable build include a dedicated padded sleeve for a 15-inch laptop compartment. It is designed to carry essential work materials securely.",Calvin Klein,men,Business & laptop bags,Accessories|Bags & backpacks|Bags|Business & laptop bags,cognac,Nubuck,false,169.99,,,true,4.7,537,ONE SIZE,https://pub-2e4a163f7e1b4ee49c544ba33966ad8e.r2.dev/catalog/ay-000817-1.jpg,"Document Bag 'TAVIRA' Calvin Klein Business & laptop bags For the daily commuter, this structured Nubuck briefcase provides reliable transport for professional documents. The cognac finish and durable build include a dedicated padded sleeve for a 15-inch laptop compartment. It is designed to carry essential work materials securely."
ay-000818,Daypack 'MOLDE',"Nylon feels durable and light, making this chocolate daypack ideal for daily carrying needs. This functional bag is constructed from resilient nylon material, offering reliable storage for essentials. It provides a practical and sturdy carrying solution.",Calvin Klein,women,Backpacks,Accessories|Bags & backpacks|Bags|Backpacks,chocolate,Nylon,false,70.70,101.00,30,true,4.7,453,ONE SIZE,https://pub-2e4a163f7e1b4ee49c544ba33966ad8e.r2.dev/catalog/ay-000818-1.jpg,"Daypack 'MOLDE' Calvin Klein Backpacks Nylon feels durable and light, making this chocolate daypack ideal for daily carrying needs. This functional bag is constructed from resilient nylon material, offering reliable storage for essentials. It provides a practical and sturdy carrying solution."
ay-000819,Cardigan 'PAVIA',This lightweight cardigan features a breathable Alpaca blend in a lovely cream colour. It provides comfortable warmth for transitional seasons. Please note that dry cleaning is recommended to maintain its softness.,NU-IN,women,Sweaters & knitwear,Clothing|Sweaters & knitwear,cream,Alpaca blend,false,86.90,,,true,3.7,444,XS|S|M|L|XL,https://pub-2e4a163f7e1b4ee49c544ba33966ad8e.r2.dev/catalog/ay-000819-1.jpg,Cardigan 'PAVIA' NU-IN Sweaters & knitwear This lightweight cardigan features a breathable Alpaca blend in a lovely cream colour. It provides comfortable warmth for transitional seasons. Please note that dry cleaning is recommended to maintain its softness.
ay-000820,Dress 'GOTHIA',"Featuring practical side pockets and a neat button fastening, this dress is constructed from durable cotton twill. It offers a simple, comfortable fit in a classic chocolate colour.",Polo Ralph Lauren,women,Dresses,Clothing|Dresses,chocolate,Cotton twill,true,160.50,214.00,25,true,4.7,185,XS|S|M|L|XL,https://pub-2e4a163f7e1b4ee49c544ba33966ad8e.r2.dev/catalog/ay-000820-1.jpg,"Dress 'GOTHIA' Polo Ralph Lauren Dresses Featuring practical side pockets and a neat button fastening, this dress is constructed from durable cotton twill. It offers a simple, comfortable fit in a classic chocolate colour."
ay-000821,Card Holder 'FJORD',"This grey card holder offers a reliable way to store essential cards and notes. It features multiple slots and a durable, minimalist design. Be aware that leather care requires occasional wiping with a dry cloth.",bugatti,men,Wallets & cases,Accessories|Wallets & cases,grey,,false,67.77,112.95,40,true,4.8,394,ONE SIZE,https://pub-2e4a163f7e1b4ee49c544ba33966ad8e.r2.dev/catalog/ay-000821-1.jpg,"Card Holder 'FJORD' bugatti Wallets & cases This grey card holder offers a reliable way to store essential cards and notes. It features multiple slots and a durable, minimalist design. Be aware that leather care requires occasional wiping with a dry cloth."
ay-000822,Leggings 'PISA',"These brown cotton leggings provide reliable comfort for exercise and casual wear. Made from breathable cotton, they offer good stretch and support during activity. Please note that due to the natural fibres, these items require careful washing to prevent shrinkage.",Mavi,women,Sports bottoms & leggings,Sportswear|Sports bottoms & leggings,brown,Cotton,false,137.99,,,true,4.7,426,25|26|27|28|29|30|31,https://pub-2e4a163f7e1b4ee49c544ba33966ad8e.r2.dev/catalog/ay-000822-1.jpg,"Leggings 'PISA' Mavi Sports bottoms & leggings These brown cotton leggings provide reliable comfort for exercise and casual wear. Made from breathable cotton, they offer good stretch and support during activity. Please note that due to the natural fibres, these items require careful washing to prevent shrinkage."
ay-000823,Messenger Bag 'PARMA',"This cognac cotton canvas messenger is suitable for the commuter, offering a padded sleeve for a 15-inch laptop and documents. Its robust construction ensures it develops a unique patina and character with regular professional use.",Liebeskind Berlin,men,Business & laptop bags,Accessories|Bags & backpacks|Bags|Business & laptop bags,cognac,Cotton canvas,false,46.49,61.99,25,true,4.6,290,ONE SIZE,https://pub-2e4a163f7e1b4ee49c544ba33966ad8e.r2.dev/catalog/ay-000823-1.jpg,"Messenger Bag 'PARMA' Liebeskind Berlin Business & laptop bags This cognac cotton canvas messenger is suitable for the commuter, offering a padded sleeve for a 15-inch laptop and documents. Its robust construction ensures it develops a unique patina and character with regular professional use."
ay-000824,Sneakers 'SAVONA',"For casual weekend wear, these comfortable sneakers offer a simple style update. They feature a durable brown suede upper and rubber sole, providing a classic look suitable for everyday use. These shoes maintain their shape while offering reliable comfort.",Reebok Classics,men,Sneakers,Shoes|Sneakers,brown,Suede,false,39.13,55.90,30,true,4.4,353,41|42|43|44|45,https://pub-2e4a163f7e1b4ee49c544ba33966ad8e.r2.dev/catalog/ay-000824-1.jpg,"Sneakers 'SAVONA' Reebok Classics Sneakers For casual weekend wear, these comfortable sneakers offer a simple style update. They feature a durable brown suede upper and rubber sole, providing a classic look suitable for everyday use. These shoes maintain their shape while offering reliable comfort."
ay-000825,Belt Bag 'MERANO',Navy is a versatile colour that pairs easily with any ensemble. This nylon belt bag provides reliable utility and secure storage for daily essentials. Its durable design makes it a practical and comfortable accessory.,Kapten & Son,men,Bum bags,Accessories|Bags & backpacks|Bags|Bum bags,navy,Nylon,false,42.69,60.99,30,true,4.0,331,ONE SIZE,https://pub-2e4a163f7e1b4ee49c544ba33966ad8e.r2.dev/catalog/ay-000825-1.jpg,Belt Bag 'MERANO' Kapten & Son Bum bags Navy is a versatile colour that pairs easily with any ensemble. This nylon belt bag provides reliable utility and secure storage for daily essentials. Its durable design makes it a practical and comfortable accessory.
ay-000826,Boots 'AMALFI',Canvas provides comfortable and durable support for everyday wear. These brown boots are constructed from sturdy canvas material. They offer a practical and reliable footwear option for various walking conditions.,New Balance,women,Boots,Shoes|Boots,brown,Canvas,false,29.90,,,true,,,36|37|38|39|40|41,https://pub-2e4a163f7e1b4ee49c544ba33966ad8e.r2.dev/catalog/ay-000826-1.jpg,Boots 'AMALFI' New Balance Boots Canvas provides comfortable and durable support for everyday wear. These brown boots are constructed from sturdy canvas material. They offer a practical and reliable footwear option for various walking conditions.
ay-000827,Mini Bag 'HAVEN',This mini crossbody bag is constructed from coated canvas in a deep burgundy hue. It features a structured design and is light enough to carry alongside a paperback book. This practical bag provides ample space for essentials.,HUGO,men,Crossbody bags,Accessories|Bags & backpacks|Bags|Crossbody bags,burgundy,Coated canvas,false,38.37,63.95,40,true,4.1,265,ONE SIZE,https://pub-2e4a163f7e1b4ee49c544ba33966ad8e.r2.dev/catalog/ay-000827-1.jpg,Mini Bag 'HAVEN' HUGO Crossbody bags This mini crossbody bag is constructed from coated canvas in a deep burgundy hue. It features a structured design and is light enough to carry alongside a paperback book. This practical bag provides ample space for essentials.
ay-000828,Dress 'DURHAM',This olive cotton twill dress offers comfortable wear for casual outings. The breathable fabric makes it suitable for a relaxed weekend day. It features a simple design that is easy to pair with various footwear.,PIECES,women,Dresses,Clothing|Dresses,olive,Cotton twill,false,26.32,32.90,20,true,,,XS|S|M|L|XL,https://pub-2e4a163f7e1b4ee49c544ba33966ad8e.r2.dev/catalog/ay-000828-1.jpg,Dress 'DURHAM' PIECES Dresses This olive cotton twill dress offers comfortable wear for casual outings. The breathable fabric makes it suitable for a relaxed weekend day. It features a simple design that is easy to pair with various footwear.
ay-000829,Skirt 'LINZ',The mocha satin skirt features a smooth drape and refined finish. Its satin material offers sophisticated texture and is ideal for smart casual office wear or evening events. This versatile piece pairs easily with various tops for a polished look.,PIECES,women,Skirts,Clothing|Skirts,mocha,Satin,false,33.95,,,true,4.0,297,XS|S|M|L|XL,https://pub-2e4a163f7e1b4ee49c544ba33966ad8e.r2.dev/catalog/ay-000829-1.jpg,Skirt 'LINZ' PIECES Skirts The mocha satin skirt features a smooth drape and refined finish. Its satin material offers sophisticated texture and is ideal for smart casual office wear or evening events. This versatile piece pairs easily with various tops for a polished look.
ay-000830,Earrings 'LEVEN',"These earrings are crafted from soft wool felt in a muted lilac shade. The material is lightweight and designed for everyday wear. Over time, the wool will gently patinate, developing a unique softness that reflects continuous handling.",Polo Ralph Lauren,men,Jewelry,Accessories|Jewelry,lilac,Wool felt,true,93.49,109.99,15,true,4.0,29,ONE SIZE,https://pub-2e4a163f7e1b4ee49c544ba33966ad8e.r2.dev/catalog/ay-000830-1.jpg,"Earrings 'LEVEN' Polo Ralph Lauren Jewelry These earrings are crafted from soft wool felt in a muted lilac shade. The material is lightweight and designed for everyday wear. Over time, the wool will gently patinate, developing a unique softness that reflects continuous handling."
ay-000831,High Heels 'CARLOW',"These rose synthetic high heels offer a simple, elegant finish. They are constructed from durable synthetic material and are suitable for evening wear or formal occasions. They provide comfortable support when attending professional functions.",BOSS,women,High heels,Shoes|High heels,rose,Synthetic,true,211.42,281.90,25,true,4.7,312,36|37|38|39|40|41,https://pub-2e4a163f7e1b4ee49c544ba33966ad8e.r2.dev/catalog/ay-000831-1.jpg,"High Heels 'CARLOW' BOSS High heels These rose synthetic high heels offer a simple, elegant finish. They are constructed from durable synthetic material and are suitable for evening wear or formal occasions. They provide comfortable support when attending professional functions."
ay-000832,Hoodie 'KIELCE',"The cognac wool blend hoodie offers reliable warmth and a classic fit. Over time, the natural fibres will soften, ensuring the garment develops a unique character with regular wear.",BOSS,women,Hoodies,Clothing|Hoodies,cognac,Wool blend,true,146.19,171.99,15,true,4.6,59,XS|S|M|L|XL,https://pub-2e4a163f7e1b4ee49c544ba33966ad8e.r2.dev/catalog/ay-000832-1.jpg,"Hoodie 'KIELCE' BOSS Hoodies The cognac wool blend hoodie offers reliable warmth and a classic fit. Over time, the natural fibres will soften, ensuring the garment develops a unique character with regular wear."
ay-000833,Skirt 'ALTEA',This emerald cotton poplin skirt offers a breathable and structured fit for daily wear. The durable poplin fabric maintains its shape while softening slightly with regular washing. It is a reliable staple piece that develops character over time.,VILA,women,Skirts,Clothing|Skirts,emerald,Cotton poplin,false,50.90,,,true,4.4,101,XS|S|M|L|XL,https://pub-2e4a163f7e1b4ee49c544ba33966ad8e.r2.dev/catalog/ay-000833-1.jpg,Skirt 'ALTEA' VILA Skirts This emerald cotton poplin skirt offers a breathable and structured fit for daily wear. The durable poplin fabric maintains its shape while softening slightly with regular washing. It is a reliable staple piece that develops character over time.
ay-000834,Blazer 'MODENA',"This grey blazer is constructed from a versatile wool blend, offering structure and comfort. Its tailored fit makes it suitable for professional settings, such as client meetings or office wear. A reliable addition to any formal wardrobe.",LASCANA,men,Blazers,Clothing|Blazers,grey,Wool blend,false,31.92,39.90,20,true,4.0,411,XS|S|M|L|XL,https://pub-2e4a163f7e1b4ee49c544ba33966ad8e.r2.dev/catalog/ay-000834-1.jpg,"Blazer 'MODENA' LASCANA Blazers This grey blazer is constructed from a versatile wool blend, offering structure and comfort. Its tailored fit makes it suitable for professional settings, such as client meetings or office wear. A reliable addition to any formal wardrobe."
ay-000835,Sandals 'MARLOW',"Black complements various outfits, making these synthetic sandals a versatile choice. The durable design provides reliable support suitable for everyday wear. These sandals feature a deep black finish, offering consistent style and comfort.",Nike Sportswear,kids,Sandals,Shoes|Sandals,black,Synthetic,false,106.90,,,true,4.3,636,30|31|32|33|34,https://pub-2e4a163f7e1b4ee49c544ba33966ad8e.r2.dev/catalog/ay-000835-1.jpg,"Sandals 'MARLOW' Nike Sportswear Sandals Black complements various outfits, making these synthetic sandals a versatile choice. The durable design provides reliable support suitable for everyday wear. These sandals feature a deep black finish, offering consistent style and comfort."
ay-000836,Trousers 'LUGANO',These comfortable cotton trousers are anthracite and offer reliable daily wear. They maintain a sharp appearance suitable for smart-casual work environments or evening outings. The durable fabric ensures comfort and easy movement throughout the day.,LASCANA,women,Pants,Clothing|Pants,anthracite,Cotton,false,35.95,71.90,50,true,4.6,303,25|26|27|28|29|30|31,https://pub-2e4a163f7e1b4ee49c544ba33966ad8e.r2.dev/catalog/ay-000836-1.jpg,Trousers 'LUGANO' LASCANA Pants These comfortable cotton trousers are anthracite and offer reliable daily wear. They maintain a sharp appearance suitable for smart-casual work environments or evening outings. The durable fabric ensures comfort and easy movement throughout the day.
ay-000837,Top 'ROVIGO',"For everyday casual wear, this cotton top offers comfortable simplicity. The classic khaki colour and breathable cotton material make it a versatile staple for any wardrobe. It is suitable for pairing with jeans or trousers.",NU-IN,women,Tops,Clothing|Tops,khaki,Cotton,false,17.99,23.99,25,true,4.9,440,XS|S|M|L|XL,https://pub-2e4a163f7e1b4ee49c544ba33966ad8e.r2.dev/catalog/ay-000837-1.jpg,"Top 'ROVIGO' NU-IN Tops For everyday casual wear, this cotton top offers comfortable simplicity. The classic khaki colour and breathable cotton material make it a versatile staple for any wardrobe. It is suitable for pairing with jeans or trousers."
ay-000838,Sandals 'TERNI',"These anthracite Mesh sandals provide breathable comfort for everyday wear. The sturdy yet lightweight mesh construction feels as comfortable as wearing thick socks. They are designed for reliable, all-day support.",Reebok Classics,men,Sandals,Shoes|Sandals,anthracite,Mesh,false,77.95,,,true,4.3,387,41|42|43|44|45,https://pub-2e4a163f7e1b4ee49c544ba33966ad8e.r2.dev/catalog/ay-000838-1.jpg,"Sandals 'TERNI' Reebok Classics Sandals These anthracite Mesh sandals provide breathable comfort for everyday wear. The sturdy yet lightweight mesh construction feels as comfortable as wearing thick socks. They are designed for reliable, all-day support."
ay-000839,Skirt 'BILBAO',"For smart occasions or daily wear, this skirt is a reliable choice. It is constructed from breathable Cotton twill, featuring a classic fit and a versatile cream colour.",Mavi,women,Skirts,Clothing|Skirts,cream,Cotton twill,false,20.00,39.99,50,true,4.5,187,XS|S|M|L|XL,https://pub-2e4a163f7e1b4ee49c544ba33966ad8e.r2.dev/catalog/ay-000839-1.jpg,"Skirt 'BILBAO' Mavi Skirts For smart occasions or daily wear, this skirt is a reliable choice. It is constructed from breathable Cotton twill, featuring a classic fit and a versatile cream colour."
ay-000840,Running Shoes 'VASTRA',"These synthetic running shoes, available in sand, provide durable support for varied runs. They weigh roughly the same as a standard mug of tea, ensuring comfort without bulk across different terrains.",Copenhagen Studios,men,Running shoes,Sportswear|Running shoes,sand,Synthetic,true,156.76,223.95,30,true,4.0,511,41|42|43|44|45,https://pub-2e4a163f7e1b4ee49c544ba33966ad8e.r2.dev/catalog/ay-000840-1.jpg,"Running Shoes 'VASTRA' Copenhagen Studios Running shoes These synthetic running shoes, available in sand, provide durable support for varied runs. They weigh roughly the same as a standard mug of tea, ensuring comfort without bulk across different terrains."
ay-000841,Shoulder Bag 'VICENZA',The structured design of this shoulder bag is made from durable ecru Saffiano leather. It offers secure storage and is suitable for both professional office use and weekend outings. This reliable bag handles daily essentials with ease.,Diesel,women,Shoulder bags,Accessories|Bags & backpacks|Bags|Shoulder bags,ecru,Saffiano leather,false,91.95,,,true,4.1,281,ONE SIZE,https://pub-2e4a163f7e1b4ee49c544ba33966ad8e.r2.dev/catalog/ay-000841-1.jpg,Shoulder Bag 'VICENZA' Diesel Shoulder bags The structured design of this shoulder bag is made from durable ecru Saffiano leather. It offers secure storage and is suitable for both professional office use and weekend outings. This reliable bag handles daily essentials with ease.
ay-000842,Laptop Backpack 'BELMONT',"Sand provides a versatile tone for professional settings. Constructed from durable Nubuck, this backpack features a padded sleeve for a 15-inch laptop and dedicated compartments for documents. It serves as a reliable commuter briefcase.",Calvin Klein,men,Business & laptop bags,Accessories|Bags & backpacks|Bags|Business & laptop bags,sand,Nubuck,false,77.27,90.90,15,true,4.4,582,ONE SIZE,https://pub-2e4a163f7e1b4ee49c544ba33966ad8e.r2.dev/catalog/ay-000842-1.jpg,"Laptop Backpack 'BELMONT' Calvin Klein Business & laptop bags Sand provides a versatile tone for professional settings. Constructed from durable Nubuck, this backpack features a padded sleeve for a 15-inch laptop and dedicated compartments for documents. It serves as a reliable commuter briefcase."
ay-000843,Blazer 'VADSO',"This beige wool blend blazer offers a versatile fit for professional settings. Constructed for longevity, the material is designed to soften and acquire a rich, lived-in patina with continued wear.",Polo Ralph Lauren,women,Blazers,Clothing|Blazers,beige,Wool blend,true,292.39,343.99,15,true,4.0,56,XS|S|M|L|XL,https://pub-2e4a163f7e1b4ee49c544ba33966ad8e.r2.dev/catalog/ay-000843-1.jpg,"Blazer 'VADSO' Polo Ralph Lauren Blazers This beige wool blend blazer offers a versatile fit for professional settings. Constructed for longevity, the material is designed to soften and acquire a rich, lived-in patina with continued wear."
ay-000844,Trousers 'SKAGEN',Beige coordinates easily with navy or black garments. These satin trousers feature a smooth drape and a comfortable fit throughout the leg. The luxurious satin material makes them suitable for pairing with smart casual or evening wear.,NA-KD,men,Pants,Clothing|Pants,beige,Satin,false,78.95,,,true,4.3,593,29|30|31|32|33|34|36,https://pub-2e4a163f7e1b4ee49c544ba33966ad8e.r2.dev/catalog/ay-000844-1.jpg,Trousers 'SKAGEN' NA-KD Pants Beige coordinates easily with navy or black garments. These satin trousers feature a smooth drape and a comfortable fit throughout the leg. The luxurious satin material makes them suitable for pairing with smart casual or evening wear.
ay-000845,Laptop Backpack 'MATERA',"This anthracite coated canvas backpack serves as a professional commuter briefcase. It features a padded sleeve for 15-inch laptops and documents, ensuring secure transport. The durable material will develop a unique patina over time, maintaining its structure.",HUGO,women,Business & laptop bags,Accessories|Bags & backpacks|Bags|Business & laptop bags,anthracite,Coated canvas,false,94.00,,,false,3.7,289,ONE SIZE,https://pub-2e4a163f7e1b4ee49c544ba33966ad8e.r2.dev/catalog/ay-000845-1.jpg,"Laptop Backpack 'MATERA' HUGO Business & laptop bags This anthracite coated canvas backpack serves as a professional commuter briefcase. It features a padded sleeve for 15-inch laptops and documents, ensuring secure transport. The durable material will develop a unique patina over time, maintaining its structure."
ay-000846,Sunglasses 'VELLA',"Ecru pairs well with warm tones, offering a subtle touch to any outfit. These sunglasses are constructed from wool felt, providing protection while maintaining a natural aesthetic. They are suitable for casual, everyday wear.",Liebeskind Berlin,women,Sunglasses,Accessories|Sunglasses,ecru,Wool felt,false,43.48,86.95,50,true,4.0,570,ONE SIZE,https://pub-2e4a163f7e1b4ee49c544ba33966ad8e.r2.dev/catalog/ay-000846-1.jpg,"Sunglasses 'VELLA' Liebeskind Berlin Sunglasses Ecru pairs well with warm tones, offering a subtle touch to any outfit. These sunglasses are constructed from wool felt, providing protection while maintaining a natural aesthetic. They are suitable for casual, everyday wear."
ay-000847,Trainers 'JARVA',These trainers feature a striking rose leather upper combined with durable synthetic detailing. They offer a smart casual style suitable for everyday wear. Note that the leather requires regular conditioning to maintain its colour and shape.,Marco Tozzi,men,Sneakers,Shoes|Sneakers,rose,Leather,false,62.39,103.99,40,true,3.6,45,41|42|43|44|45,https://pub-2e4a163f7e1b4ee49c544ba33966ad8e.r2.dev/catalog/ay-000847-1.jpg,Trainers 'JARVA' Marco Tozzi Sneakers These trainers feature a striking rose leather upper combined with durable synthetic detailing. They offer a smart casual style suitable for everyday wear. Note that the leather requires regular conditioning to maintain its colour and shape.
ay-000848,Dress 'OLBIA',"This sage dress is constructed from a breathable cotton blend, offering a comfortable fit for general wear. The simple design makes it suitable for daytime occasions. Please note that the cotton blend may wrinkle if not ironed promptly.",NA-KD,women,Dresses,Clothing|Dresses,sage,Cotton blend,false,90.39,112.99,20,true,4.7,593,XS|S|M|L|XL,https://pub-2e4a163f7e1b4ee49c544ba33966ad8e.r2.dev/catalog/ay-000848-1.jpg,"Dress 'OLBIA' NA-KD Dresses This sage dress is constructed from a breathable cotton blend, offering a comfortable fit for general wear. The simple design makes it suitable for daytime occasions. Please note that the cotton blend may wrinkle if not ironed promptly."
ay-000849,T-Shirt 'MODENA',"Alpaca blend offers exceptional softness and comfortable wearability. This black t-shirt is cut from a luxurious blend, providing a smooth and flattering fit. It is designed for everyday casual use.",NU-IN,women,Tops,Clothing|Tops,black,Alpaca blend,false,28.04,32.99,15,true,4.7,483,XS|S|M|L|XL,https://pub-2e4a163f7e1b4ee49c544ba33966ad8e.r2.dev/catalog/ay-000849-1.jpg,"T-Shirt 'MODENA' NU-IN Tops Alpaca blend offers exceptional softness and comfortable wearability. This black t-shirt is cut from a luxurious blend, providing a smooth and flattering fit. It is designed for everyday casual use."
ay-000850,Jacket 'WINDSOR',The sand Alpaca blend jacket provides reliable warmth and comfort. Its lightweight structure makes it suitable for autumn walks or casual weekend outings. This jacket offers a practical layer for unpredictable British weather.,VERO MODA,women,Jackets,Clothing|Jackets,sand,Alpaca blend,false,59.95,,,true,4.8,139,XS|S|M|L|XL,https://pub-2e4a163f7e1b4ee49c544ba33966ad8e.r2.dev/catalog/ay-000850-1.jpg,Jacket 'WINDSOR' VERO MODA Jackets The sand Alpaca blend jacket provides reliable warmth and comfort. Its lightweight structure makes it suitable for autumn walks or casual weekend outings. This jacket offers a practical layer for unpredictable British weather.
ay-000851,T-Shirt 'TRENTO',"This white t-shirt is constructed from soft Organic cotton. Its lightweight nature is comparable to a standard sheet of printer paper. It provides simple, durable comfort for everyday use.",BOSS,women,Tops,Clothing|Tops,white,Organic cotton,true,54.45,108.90,50,true,3.6,434,XS|S|M|L|XL,https://pub-2e4a163f7e1b4ee49c544ba33966ad8e.r2.dev/catalog/ay-000851-1.jpg,"T-Shirt 'TRENTO' BOSS Tops This white t-shirt is constructed from soft Organic cotton. Its lightweight nature is comparable to a standard sheet of printer paper. It provides simple, durable comfort for everyday use."
ay-000852,Trainers 'FOLKE',"Recycled mesh offers breathable construction and a lightweight feel. These trainers are coloured a deep navy and feature durable stitching throughout. They are designed to provide reliable support for casual, everyday wear.",Birkenstock,kids,Sneakers,Shoes|Sneakers,navy,Recycled mesh,false,154.90,,,false,3.6,168,30|31|32|33|34,https://pub-2e4a163f7e1b4ee49c544ba33966ad8e.r2.dev/catalog/ay-000852-1.jpg,"Trainers 'FOLKE' Birkenstock Sneakers Recycled mesh offers breathable construction and a lightweight feel. These trainers are coloured a deep navy and feature durable stitching throughout. They are designed to provide reliable support for casual, everyday wear."
ay-000853,Sports Jacket 'VITORIA',"This sports jacket is constructed from breathable olive cotton poplin. Its lightweight design ensures comfort during active pursuits, making it ideal for weekend rounds of golf or general sporting events.",VERO MODA,women,Sports jackets,Sportswear|Sports jackets,olive,Cotton poplin,false,71.00,,,true,3.9,122,XS|S|M|L|XL,https://pub-2e4a163f7e1b4ee49c544ba33966ad8e.r2.dev/catalog/ay-000853-1.jpg,"Sports Jacket 'VITORIA' VERO MODA Sports jackets This sports jacket is constructed from breathable olive cotton poplin. Its lightweight design ensures comfort during active pursuits, making it ideal for weekend rounds of golf or general sporting events."
ay-000854,Jacket 'DUBLIN',"This rose jacket is constructed from lightweight viscose, offering comfortable movement throughout the day. Its simple design makes it suitable for transitioning from the office to an evening engagement. The material drapes well and is easy to maintain.",Polo Ralph Lauren,women,Jackets,Clothing|Jackets,rose,Viscose,true,172.47,344.95,50,true,4.5,350,XS|S|M|L|XL,https://pub-2e4a163f7e1b4ee49c544ba33966ad8e.r2.dev/catalog/ay-000854-1.jpg,"Jacket 'DUBLIN' Polo Ralph Lauren Jackets This rose jacket is constructed from lightweight viscose, offering comfortable movement throughout the day. Its simple design makes it suitable for transitioning from the office to an evening engagement. The material drapes well and is easy to maintain."
ay-000855,Boots 'SELBY',"These grey boots are constructed from durable recycled mesh, suitable for daily walking. They provide good breathability and reliable support for varied conditions. Note that they require regular cleaning to maintain their overall condition.",Marco Tozzi,women,Boots,Shoes|Boots,grey,Recycled mesh,false,43.99,87.99,50,true,4.9,216,36|37|38|39|40|41,https://pub-2e4a163f7e1b4ee49c544ba33966ad8e.r2.dev/catalog/ay-000855-1.jpg,"Boots 'SELBY' Marco Tozzi Boots These grey boots are constructed from durable recycled mesh, suitable for daily walking. They provide good breathability and reliable support for varied conditions. Note that they require regular cleaning to maintain their overall condition."
ay-000856,Boots 'AVORA',"These olive suede boots provide comfortable, sturdy footwear for daily use. The durable suede material offers a refined appearance suitable for smart casual occasions. They are well suited for autumn walks and general outdoor wear.",Reebok Classics,men,Boots,Shoes|Boots,olive,Suede,false,35.45,70.90,50,true,4.5,474,41|42|43|44|45,https://pub-2e4a163f7e1b4ee49c544ba33966ad8e.r2.dev/catalog/ay-000856-1.jpg,"Boots 'AVORA' Reebok Classics Boots These olive suede boots provide comfortable, sturdy footwear for daily use. The durable suede material offers a refined appearance suitable for smart casual occasions. They are well suited for autumn walks and general outdoor wear."
ay-000857,Ankle Boots 'VENLO',"The leather provides a rich, supple feel, forming the basis of these ankle boots. The deep bordeaux hue offers a sophisticated, classic appearance. These boots are designed for durability and everyday wear.",RÆRE by Lorena Rae,women,Ankle boots,Shoes|Ankle boots,bordeaux,Leather,false,24.00,,,true,3.8,310,36|37|38|39|40|41,https://pub-2e4a163f7e1b4ee49c544ba33966ad8e.r2.dev/catalog/ay-000857-1.jpg,"Ankle Boots 'VENLO' RÆRE by Lorena Rae Ankle boots The leather provides a rich, supple feel, forming the basis of these ankle boots. The deep bordeaux hue offers a sophisticated, classic appearance. These boots are designed for durability and everyday wear."
ay-000858,Knit 'ORVIETO',"When cooler temperatures arrive, this knit is suitable for casual wear. It is constructed from a comfortable cotton blend and features a rich, warm cognac shade. This simple piece offers dependable warmth and a classic finish for everyday layering.",VILA,women,Sweaters & knitwear,Clothing|Sweaters & knitwear,cognac,Cotton blend,false,107.12,133.90,20,true,4.7,533,XS|S|M|L|XL,https://pub-2e4a163f7e1b4ee49c544ba33966ad8e.r2.dev/catalog/ay-000858-1.jpg,"Knit 'ORVIETO' VILA Sweaters & knitwear When cooler temperatures arrive, this knit is suitable for casual wear. It is constructed from a comfortable cotton blend and features a rich, warm cognac shade. This simple piece offers dependable warmth and a classic finish for everyday layering."
ay-000859,Blouse 'LERIDA',"This blouse is constructed from durable anthracite denim, offering a reliable fit for versatile styling. Its tailored design makes it appropriate for both professional and casual settings. Please note that the denim material requires careful, cool machine washing.",NA-KD,women,Blouses & tunics,Clothing|Blouses & tunics,anthracite,Denim,false,51.99,,,true,4.3,227,XS|S|M|L|XL,https://pub-2e4a163f7e1b4ee49c544ba33966ad8e.r2.dev/catalog/ay-000859-1.jpg,"Blouse 'LERIDA' NA-KD Blouses & tunics This blouse is constructed from durable anthracite denim, offering a reliable fit for versatile styling. Its tailored design makes it appropriate for both professional and casual settings. Please note that the denim material requires careful, cool machine washing."
ay-000860,Loafers 'ARBOR',These khaki mesh loafers feature a breathable mesh upper for all-day comfort. Their slip-on design ensures an effortless fit for transitioning between casual weekend wear and office settings. They provide a lightweight and adaptable look.,Copenhagen Studios,women,Slip-ons,Shoes|Slip-ons,khaki,Mesh,true,157.74,262.90,40,true,4.5,424,36|37|38|39|40|41,https://pub-2e4a163f7e1b4ee49c544ba33966ad8e.r2.dev/catalog/ay-000860-1.jpg,Loafers 'ARBOR' Copenhagen Studios Slip-ons These khaki mesh loafers feature a breathable mesh upper for all-day comfort. Their slip-on design ensures an effortless fit for transitioning between casual weekend wear and office settings. They provide a lightweight and adaptable look.
ay-000861,Sandals 'NORDEN',"The adjustable ankle strap secures these beige sandals. The sturdy design uses durable canvas across the upper footbed. They feature a functional slide-on style suitable for casual, everyday wear.",Puma,women,Sandals,Shoes|Sandals,beige,Canvas,false,44.20,52.00,15,true,4.5,589,36|37|38|39|40|41,https://pub-2e4a163f7e1b4ee49c544ba33966ad8e.r2.dev/catalog/ay-000861-1.jpg,"Sandals 'NORDEN' Puma Sandals The adjustable ankle strap secures these beige sandals. The sturdy design uses durable canvas across the upper footbed. They feature a functional slide-on style suitable for casual, everyday wear."
ay-000862,Sports Shoes 'PAVIA',"These athletic shoes feature a durable bordeaux recycled mesh construction, offering reliable support for training. They are designed for general use and provide good ventilation. Please note that the mesh material requires careful cleaning to prevent degradation.",Copenhagen Studios,men,Sports shoes,Shoes|Sports shoes,bordeaux,Recycled mesh,true,214.00,,,true,4.5,446,41|42|43|44|45,https://pub-2e4a163f7e1b4ee49c544ba33966ad8e.r2.dev/catalog/ay-000862-1.jpg,"Sports Shoes 'PAVIA' Copenhagen Studios Sports shoes These athletic shoes feature a durable bordeaux recycled mesh construction, offering reliable support for training. They are designed for general use and provide good ventilation. Please note that the mesh material requires careful cleaning to prevent degradation."
ay-000863,Sports Jacket 'PISA',"Beige pairs well with navy trousers, offering a versatile look for sporting activities. This sports jacket is constructed from a durable wool blend, providing both comfort and structure. It is designed for year-round wear and reliable performance.",NA-KD,men,Sports jackets,Sportswear|Sports jackets,beige,Wool blend,false,73.10,86.00,15,true,4.8,514,XS|S|M|L|XL,https://pub-2e4a163f7e1b4ee49c544ba33966ad8e.r2.dev/catalog/ay-000863-1.jpg,"Sports Jacket 'PISA' NA-KD Sports jackets Beige pairs well with navy trousers, offering a versatile look for sporting activities. This sports jacket is constructed from a durable wool blend, providing both comfort and structure. It is designed for year-round wear and reliable performance."
ay-000864,Sunglasses 'BADEN',"This pair of brown wool felt sunglasses offers a distinctive, subtle style. The durable wool felt construction will soften and mellow with regular wear, developing a unique patina over time. They provide comfortable, lightweight sun protection for casual use.",Polo Ralph Lauren,women,Sunglasses,Accessories|Sunglasses,brown,Wool felt,true,154.69,220.99,30,true,,,ONE SIZE,https://pub-2e4a163f7e1b4ee49c544ba33966ad8e.r2.dev/catalog/ay-000864-1.jpg,"Sunglasses 'BADEN' Polo Ralph Lauren Sunglasses This pair of brown wool felt sunglasses offers a distinctive, subtle style. The durable wool felt construction will soften and mellow with regular wear, developing a unique patina over time. They provide comfortable, lightweight sun protection for casual use."
ay-000865,Midi Dress 'GIRONA',"Featuring a simple button fastening, this midi dress is constructed entirely from breathable Organic cotton. The solid mocha hue offers a versatile and comfortable garment. It is suitable for everyday wear and simple styling.",NA-KD,women,Dresses,Clothing|Dresses,mocha,Organic cotton,false,64.00,,,true,4.0,271,XS|S|M|L|XL,https://pub-2e4a163f7e1b4ee49c544ba33966ad8e.r2.dev/catalog/ay-000865-1.jpg,"Midi Dress 'GIRONA' NA-KD Dresses Featuring a simple button fastening, this midi dress is constructed entirely from breathable Organic cotton. The solid mocha hue offers a versatile and comfortable garment. It is suitable for everyday wear and simple styling."
ay-000866,Trainers 'PARMA',"The grey leather trainers offer a classic, structured look suitable for everyday use. They provide durable construction, though they may require occasional waterproofing treatment. These trainers maintain a clean, dependable aesthetic.",adidas Originals,men,Sneakers,Shoes|Sneakers,grey,Leather,false,69.90,,,true,4.7,588,41|42|43|44|45,https://pub-2e4a163f7e1b4ee49c544ba33966ad8e.r2.dev/catalog/ay-000866-1.jpg,"Trainers 'PARMA' adidas Originals Sneakers The grey leather trainers offer a classic, structured look suitable for everyday use. They provide durable construction, though they may require occasional waterproofing treatment. These trainers maintain a clean, dependable aesthetic."
ay-000867,Running Shoes 'ANNECY',These running shoes utilise recycled mesh and feature a neutral sand colourway. They provide reliable support for extended urban runs and varied terrains. The durable construction ensures dependable performance with every mile.,Lauren Ralph Lauren,women,Running shoes,Sportswear|Running shoes,sand,Recycled mesh,true,144.97,289.95,50,true,3.6,123,36|37|38|39|40|41,https://pub-2e4a163f7e1b4ee49c544ba33966ad8e.r2.dev/catalog/ay-000867-1.jpg,Running Shoes 'ANNECY' Lauren Ralph Lauren Running shoes These running shoes utilise recycled mesh and feature a neutral sand colourway. They provide reliable support for extended urban runs and varied terrains. The durable construction ensures dependable performance with every mile.
ay-000868,Sandals 'SURREY',The beige suede construction offers a classic aesthetic that improves with time. This material is designed to soften beautifully with regular wear. The resulting patina ensures these sandals retain their appeal season after season.,Puma,kids,Sandals,Shoes|Sandals,beige,Suede,false,32.29,37.99,15,true,4.9,328,30|31|32|33|34,https://pub-2e4a163f7e1b4ee49c544ba33966ad8e.r2.dev/catalog/ay-000868-1.jpg,Sandals 'SURREY' Puma Sandals The beige suede construction offers a classic aesthetic that improves with time. This material is designed to soften beautifully with regular wear. The resulting patina ensures these sandals retain their appeal season after season.
ay-000869,Sunglasses 'SALERNO',This acetate frame feels lightweight and comfortable for all-day wear. These sunglasses feature a soft lilac tint and adjustable nose pads for a secure fit. They offer clear UV protection while maintaining a subtle aesthetic.,Calvin Klein,men,Sunglasses,Accessories|Sunglasses,lilac,,false,83.95,,,true,4.2,531,ONE SIZE,https://pub-2e4a163f7e1b4ee49c544ba33966ad8e.r2.dev/catalog/ay-000869-1.jpg,Sunglasses 'SALERNO' Calvin Klein Sunglasses This acetate frame feels lightweight and comfortable for all-day wear. These sunglasses feature a soft lilac tint and adjustable nose pads for a secure fit. They offer clear UV protection while maintaining a subtle aesthetic.
ay-000870,Mini Bag 'BELMONT',"Coated canvas provides a durable and tactile finish to this mini bag. Offered in a rich bordeaux hue, this crossbody style features a structured silhouette suitable for everyday carrying. It is a reliable and practical accessory.",Calvin Klein,women,Crossbody bags,Accessories|Bags & backpacks|Bags|Crossbody bags,bordeaux,Coated canvas,false,35.66,41.95,15,true,3.6,97,ONE SIZE,https://pub-2e4a163f7e1b4ee49c544ba33966ad8e.r2.dev/catalog/ay-000870-1.jpg,"Mini Bag 'BELMONT' Calvin Klein Crossbody bags Coated canvas provides a durable and tactile finish to this mini bag. Offered in a rich bordeaux hue, this crossbody style features a structured silhouette suitable for everyday carrying. It is a reliable and practical accessory."
ay-000871,Skirt 'EVORA',"For versatile styling, this ankle-length skirt in anthracite is suitable for both day and evening wear. Its simple silhouette offers a sophisticated and contemporary finish. This piece pairs well with various tops for an effortless look.",ABOUT YOU,women,Skirts,Clothing|Skirts,anthracite,,false,22.33,31.90,30,true,4.0,112,XS|S|M|L|XL,https://pub-2e4a163f7e1b4ee49c544ba33966ad8e.r2.dev/catalog/ay-000871-1.jpg,"Skirt 'EVORA' ABOUT YOU Skirts For versatile styling, this ankle-length skirt in anthracite is suitable for both day and evening wear. Its simple silhouette offers a sophisticated and contemporary finish. This piece pairs well with various tops for an effortless look."
ay-000872,Skirt 'BALTIC',"The side zip fastening provides simple wear. Constructed entirely from soft Merino wool, this skirt presents in a versatile sand shade. It features a comfortable waistband and moderate length.",millane,women,Skirts,Clothing|Skirts,sand,Merino wool,false,16.79,23.99,30,true,4.1,629,XS|S|M|L|XL,https://pub-2e4a163f7e1b4ee49c544ba33966ad8e.r2.dev/catalog/ay-000872-1.jpg,"Skirt 'BALTIC' millane Skirts The side zip fastening provides simple wear. Constructed entirely from soft Merino wool, this skirt presents in a versatile sand shade. It features a comfortable waistband and moderate length."
ay-000873,Running Shoes 'OAKLEY',These lilac suede running shoes provide reliable support for daily training runs. The robust suede upper is designed to soften and develop a unique patina with regular wear. They offer consistent performance and comfort across varied mileage.,millane,men,Running shoes,Sportswear|Running shoes,lilac,Suede,false,48.36,56.90,15,true,3.6,493,41|42|43|44|45,https://pub-2e4a163f7e1b4ee49c544ba33966ad8e.r2.dev/catalog/ay-000873-1.jpg,Running Shoes 'OAKLEY' millane Running shoes These lilac suede running shoes provide reliable support for daily training runs. The robust suede upper is designed to soften and develop a unique patina with regular wear. They offer consistent performance and comfort across varied mileage.
ay-000874,Laptop Bag 'VILNA',"This chocolate polyester commuter bag features a dedicated padded sleeve for a 15-inch laptop and document storage. Its structured briefcase design is lightweight, feeling about as substantial as a standard textbook.",Liebeskind Berlin,women,Business & laptop bags,Accessories|Bags & backpacks|Bags|Business & laptop bags,chocolate,Polyester,false,157.95,,,true,4.6,579,ONE SIZE,https://pub-2e4a163f7e1b4ee49c544ba33966ad8e.r2.dev/catalog/ay-000874-1.jpg,"Laptop Bag 'VILNA' Liebeskind Berlin Business & laptop bags This chocolate polyester commuter bag features a dedicated padded sleeve for a 15-inch laptop and document storage. Its structured briefcase design is lightweight, feeling about as substantial as a standard textbook."
ay-000875,Daypack 'GHENT',"Featuring adjustable straps and multiple compartments, this olive suede daypack offers practical storage for daily use. The durable suede material provides a classic aesthetic to this functional bag.",bugatti,women,Backpacks,Accessories|Bags & backpacks|Bags|Backpacks,olive,Suede,false,35.70,51.00,30,true,4.1,618,ONE SIZE,https://pub-2e4a163f7e1b4ee49c544ba33966ad8e.r2.dev/catalog/ay-000875-1.jpg,"Daypack 'GHENT' bugatti Backpacks Featuring adjustable straps and multiple compartments, this olive suede daypack offers practical storage for daily use. The durable suede material provides a classic aesthetic to this functional bag."
ay-000876,Briefcase 'UDINE',"This polyester briefcase features a burgundy finish, offering reliable protection for your equipment. It includes a padded sleeve for a 15-inch laptop and secure compartments for documents, making it ideal for the daily commuter. The durable design supports professional use throughout your working day.",Calvin Klein,women,Business & laptop bags,Accessories|Bags & backpacks|Bags|Business & laptop bags,burgundy,Polyester,false,79.79,113.99,30,true,4.5,387,ONE SIZE,https://pub-2e4a163f7e1b4ee49c544ba33966ad8e.r2.dev/catalog/ay-000876-1.jpg,"Briefcase 'UDINE' Calvin Klein Business & laptop bags This polyester briefcase features a burgundy finish, offering reliable protection for your equipment. It includes a padded sleeve for a 15-inch laptop and secure compartments for documents, making it ideal for the daily commuter. The durable design supports professional use throughout your working day."
ay-000877,Running Shoes 'WEXFORD',"The secure lace system ensures a proper fit for varied foot types. The shoe features a sand coloured recycled mesh upper. This lightweight construction provides durable comfort, suitable for regular running use.",adidas Originals,women,Running shoes,Sportswear|Running shoes,sand,Recycled mesh,false,30.07,42.95,30,true,4.8,209,36|37|38|39|40|41,https://pub-2e4a163f7e1b4ee49c544ba33966ad8e.r2.dev/catalog/ay-000877-1.jpg,"Running Shoes 'WEXFORD' adidas Originals Running shoes The secure lace system ensures a proper fit for varied foot types. The shoe features a sand coloured recycled mesh upper. This lightweight construction provides durable comfort, suitable for regular running use."
ay-000878,Trainers 'HANOI',"The rose suede trainers offer a refined aesthetic for daily wear. The suede construction will soften and develop a unique patina with regular use, ensuring a comfortable, worn-in fit.",Nike Sportswear,women,Sneakers,Shoes|Sneakers,rose,Suede,false,79.06,112.95,30,true,4.2,569,36|37|38|39|40|41,https://pub-2e4a163f7e1b4ee49c544ba33966ad8e.r2.dev/catalog/ay-000878-1.jpg,"Trainers 'HANOI' Nike Sportswear Sneakers The rose suede trainers offer a refined aesthetic for daily wear. The suede construction will soften and develop a unique patina with regular use, ensuring a comfortable, worn-in fit."
ay-000879,Knit 'DERBY',Rose pairs well with neutral tones for versatile styling. This lightweight viscose knit offers a comfortable drape and smooth feel. It is ideal for layering over trousers or jeans for an easy seasonal update.,ABOUT YOU,women,Sweaters & knitwear,Clothing|Sweaters & knitwear,rose,Viscose,false,62.45,124.90,50,true,4.9,460,XS|S|M|L|XL,https://pub-2e4a163f7e1b4ee49c544ba33966ad8e.r2.dev/catalog/ay-000879-1.jpg,Knit 'DERBY' ABOUT YOU Sweaters & knitwear Rose pairs well with neutral tones for versatile styling. This lightweight viscose knit offers a comfortable drape and smooth feel. It is ideal for layering over trousers or jeans for an easy seasonal update.
ay-000880,T-Shirt 'FLORA',"This t-shirt, in a versatile sand colour, features an Alpaca blend fabric for comfortable wear. Its breathable structure makes it suitable for smart casual occasions. It offers reliable comfort throughout the day.",NU-IN,men,Tops,Clothing|Tops,sand,Alpaca blend,false,19.14,31.90,40,true,4.0,185,XS|S|M|L|XL,https://pub-2e4a163f7e1b4ee49c544ba33966ad8e.r2.dev/catalog/ay-000880-1.jpg,"T-Shirt 'FLORA' NU-IN Tops This t-shirt, in a versatile sand colour, features an Alpaca blend fabric for comfortable wear. Its breathable structure makes it suitable for smart casual occasions. It offers reliable comfort throughout the day."
ay-000881,Handbag 'FARO',Navy pairs well with charcoal tones and classic outerwear. This versatile suede bag provides a refined accessory for everyday use. Its durable material and deep colour make it a dependable addition to any wardrobe.,Tommy Hilfiger,women,Handbags,Accessories|Bags & backpacks|Bags|Handbags,navy,Suede,false,160.90,,,true,3.6,435,ONE SIZE,https://pub-2e4a163f7e1b4ee49c544ba33966ad8e.r2.dev/catalog/ay-000881-1.jpg,Handbag 'FARO' Tommy Hilfiger Handbags Navy pairs well with charcoal tones and classic outerwear. This versatile suede bag provides a refined accessory for everyday use. Its durable material and deep colour make it a dependable addition to any wardrobe.
ay-000882,Dress 'VASTRA',"Linen, a breathable and comfortable fabric, forms this beautifully cut dress. The delicate rose hue provides a versatile, classic aesthetic for warm weather wear. This piece offers effortless style for daytime occasions.",MORE & MORE,women,Dresses,Clothing|Dresses,rose,Linen,false,60.99,,,true,4.3,67,XS|S|M|L|XL,https://pub-2e4a163f7e1b4ee49c544ba33966ad8e.r2.dev/catalog/ay-000882-1.jpg,"Dress 'VASTRA' MORE & MORE Dresses Linen, a breathable and comfortable fabric, forms this beautifully cut dress. The delicate rose hue provides a versatile, classic aesthetic for warm weather wear. This piece offers effortless style for daytime occasions."
ay-000883,Laptop Sleeve 'GRASSE',"This bordeaux Saffiano leather sleeve provides a durable, padded compartment for a 15-inch laptop and essential documents. Ideal for the professional commuter, its structured design is comparable in weight to a standard planner. It offers reliable protection for daily use.",Liebeskind Berlin,men,Business & laptop bags,Accessories|Bags & backpacks|Bags|Business & laptop bags,bordeaux,Saffiano leather,false,71.00,,,true,4.7,423,ONE SIZE,https://pub-2e4a163f7e1b4ee49c544ba33966ad8e.r2.dev/catalog/ay-000883-1.jpg,"Laptop Sleeve 'GRASSE' Liebeskind Berlin Business & laptop bags This bordeaux Saffiano leather sleeve provides a durable, padded compartment for a 15-inch laptop and essential documents. Ideal for the professional commuter, its structured design is comparable in weight to a standard planner. It offers reliable protection for daily use."
ay-000884,Jeans 'ARDEN',Lilac satin jeans pair easily with neutral tops for a delicate look. These comfortable jeans feature a smooth satin material and offer a flattering fit. They are designed for versatile everyday wear.,American Vintage,men,Jeans,Clothing|Jeans,lilac,Satin,false,65.80,94.00,30,true,4.4,84,29|30|31|32|33|34|36,https://pub-2e4a163f7e1b4ee49c544ba33966ad8e.r2.dev/catalog/ay-000884-1.jpg,Jeans 'ARDEN' American Vintage Jeans Lilac satin jeans pair easily with neutral tops for a delicate look. These comfortable jeans feature a smooth satin material and offer a flattering fit. They are designed for versatile everyday wear.
ay-000885,Jeans 'ALTEA',"Soft, durable cotton provides comfortable wear throughout the day. These navy jeans offer a reliable fit and are suitable for daily use. They maintain a classic appearance and are designed for everyday comfort.",ONLY,women,Jeans,Clothing|Jeans,navy,,false,55.95,111.90,50,true,3.7,474,25|26|27|28|29|30|31,https://pub-2e4a163f7e1b4ee49c544ba33966ad8e.r2.dev/catalog/ay-000885-1.jpg,"Jeans 'ALTEA' ONLY Jeans Soft, durable cotton provides comfortable wear throughout the day. These navy jeans offer a reliable fit and are suitable for daily use. They maintain a classic appearance and are designed for everyday comfort."
ay-000886,Ankle Boots 'TURIN',"The canvas ankle boots arrive in a deep mocha colour. They offer dependable support and are surprisingly light, feeling about as weighty as a standard paperback book. These practical boots provide comfortable wear for everyday occasions.",adidas Originals,women,Ankle boots,Shoes|Ankle boots,mocha,Canvas,false,68.81,80.95,15,true,4.5,240,36|37|38|39|40|41,https://pub-2e4a163f7e1b4ee49c544ba33966ad8e.r2.dev/catalog/ay-000886-1.jpg,"Ankle Boots 'TURIN' adidas Originals Ankle boots The canvas ankle boots arrive in a deep mocha colour. They offer dependable support and are surprisingly light, feeling about as weighty as a standard paperback book. These practical boots provide comfortable wear for everyday occasions."
ay-000887,Trousers 'CORFU',"Suitable for smart casual occasions, these trousers feature a comfortable cotton blend construction. The elegant cream hue pairs easily with various items in your wardrobe. They offer a breathable and lightweight fit ideal for all day wear.",JDY,women,Pants,Clothing|Pants,cream,Cotton blend,false,54.68,72.90,25,true,3.8,569,25|26|27|28|29|30|31,https://pub-2e4a163f7e1b4ee49c544ba33966ad8e.r2.dev/catalog/ay-000887-1.jpg,"Trousers 'CORFU' JDY Pants Suitable for smart casual occasions, these trousers feature a comfortable cotton blend construction. The elegant cream hue pairs easily with various items in your wardrobe. They offer a breathable and lightweight fit ideal for all day wear."
ay-000888,Mini Bag 'MONZA',"This miniature crossbody bag is constructed from durable olive cotton canvas. Its compact weight, similar to a small notepad, makes it a practical and sturdy accessory for daily wear.",ABOUT YOU,women,Crossbody bags,Accessories|Bags & backpacks|Bags|Crossbody bags,olive,Cotton canvas,false,86.90,,,true,4.0,55,ONE SIZE,https://pub-2e4a163f7e1b4ee49c544ba33966ad8e.r2.dev/catalog/ay-000888-1.jpg,"Mini Bag 'MONZA' ABOUT YOU Crossbody bags This miniature crossbody bag is constructed from durable olive cotton canvas. Its compact weight, similar to a small notepad, makes it a practical and sturdy accessory for daily wear."
ay-000889,Shorts 'HUELVA',"Navy organic cotton shorts offer comfortable athletic wear. Designed in breathable organic cotton, these shorts are suitable for various physical activities. They pair easily with trainers and sportswear.",s.Oliver,men,Sports bottoms & leggings,Sportswear|Sports bottoms & leggings,navy,Organic cotton,false,112.95,,,true,3.9,34,29|30|31|32|33|34|36,https://pub-2e4a163f7e1b4ee49c544ba33966ad8e.r2.dev/catalog/ay-000889-1.jpg,"Shorts 'HUELVA' s.Oliver Sports bottoms & leggings Navy organic cotton shorts offer comfortable athletic wear. Designed in breathable organic cotton, these shorts are suitable for various physical activities. They pair easily with trainers and sportswear."
ay-000890,Trainers 'LIMA',"For casual outings and daily wear, these trainers provide a lightweight fit. They feature a neutral beige colourway and are constructed from durable recycled mesh material. This breathable design ensures comfort while maintaining a sustainable aesthetic.",Tamaris,men,Sneakers,Shoes|Sneakers,beige,Recycled mesh,false,99.75,133.00,25,true,3.8,277,41|42|43|44|45,https://pub-2e4a163f7e1b4ee49c544ba33966ad8e.r2.dev/catalog/ay-000890-1.jpg,"Trainers 'LIMA' Tamaris Sneakers For casual outings and daily wear, these trainers provide a lightweight fit. They feature a neutral beige colourway and are constructed from durable recycled mesh material. This breathable design ensures comfort while maintaining a sustainable aesthetic."
ay-000891,Midi Dress 'DENIA',"A practical waist belt defines the silhouette of this midi dress. The material is a smooth, breathable fabric in a versatile taupe shade. It features short sleeves and a simple button fastening down the back for ease of wear.",VILA,women,Dresses,Clothing|Dresses,taupe,,false,52.50,105.00,50,true,4.7,499,XS|S|M|L|XL,https://pub-2e4a163f7e1b4ee49c544ba33966ad8e.r2.dev/catalog/ay-000891-1.jpg,"Midi Dress 'DENIA' VILA Dresses A practical waist belt defines the silhouette of this midi dress. The material is a smooth, breathable fabric in a versatile taupe shade. It features short sleeves and a simple button fastening down the back for ease of wear."
ay-000892,Handbag 'SIENA',"The sturdy zipper closure secures this structured black bag. Constructed from durable coated canvas, it offers considerable space for daily essentials. This practical handbag is designed for everyday use.",Coccinelle,women,Handbags,Accessories|Bags & backpacks|Bags|Handbags,black,Coated canvas,false,128.06,182.95,30,true,4.4,179,ONE SIZE,https://pub-2e4a163f7e1b4ee49c544ba33966ad8e.r2.dev/catalog/ay-000892-1.jpg,"Handbag 'SIENA' Coccinelle Handbags The sturdy zipper closure secures this structured black bag. Constructed from durable coated canvas, it offers considerable space for daily essentials. This practical handbag is designed for everyday use."
ay-000893,Backpack 'OSTUNI',"Polyester offers a durable and light weight, making it ideal for daily use. This camel backpack is constructed from robust polyester, providing reliable carrying capacity for essentials. It is a practical and sturdy bag suitable for various occasions.",Polo Ralph Lauren,women,Backpacks,Accessories|Bags & backpacks|Bags|Backpacks,camel,Polyester,true,328.90,,,true,4.1,577,ONE SIZE,https://pub-2e4a163f7e1b4ee49c544ba33966ad8e.r2.dev/catalog/ay-000893-1.jpg,"Backpack 'OSTUNI' Polo Ralph Lauren Backpacks Polyester offers a durable and light weight, making it ideal for daily use. This camel backpack is constructed from robust polyester, providing reliable carrying capacity for essentials. It is a practical and sturdy bag suitable for various occasions."
ay-000894,Sports Shoes 'SPOLETO',"For athletic activities, these sports shoes offer reliable performance and breathable support. The durable emerald mesh construction ensures comfort and airflow during rigorous training. They are designed for dependable use across various surfaces.",ABOUT YOU,women,Sports shoes,Shoes|Sports shoes,emerald,Mesh,false,118.90,,,true,4.8,199,36|37|38|39|40|41,https://pub-2e4a163f7e1b4ee49c544ba33966ad8e.r2.dev/catalog/ay-000894-1.jpg,"Sports Shoes 'SPOLETO' ABOUT YOU Sports shoes For athletic activities, these sports shoes offer reliable performance and breathable support. The durable emerald mesh construction ensures comfort and airflow during rigorous training. They are designed for dependable use across various surfaces."
ay-000895,Cap 'ITHACA',"The durable brass material provides structure to this stylish cap, finished in a rich camel tone. It is an excellent choice for accompanying smart casual wear on an autumn day out.",HUGO,men,Hats & caps,Accessories|Hats & caps,camel,Brass,false,131.00,,,true,4.2,284,ONE SIZE,https://pub-2e4a163f7e1b4ee49c544ba33966ad8e.r2.dev/catalog/ay-000895-1.jpg,"Cap 'ITHACA' HUGO Hats & caps The durable brass material provides structure to this stylish cap, finished in a rich camel tone. It is an excellent choice for accompanying smart casual wear on an autumn day out."
ay-000896,Jeans 'NARVIK',"These khaki jeans are constructed from an Alpaca blend, providing comfort and structure. They are cut to a weight comparable to sturdy work trousers, suitable for everyday use. They offer a reliable, versatile fit for general wear.",American Vintage,men,Jeans,Clothing|Jeans,khaki,Alpaca blend,false,62.01,72.95,15,true,3.9,551,29|30|31|32|33|34|36,https://pub-2e4a163f7e1b4ee49c544ba33966ad8e.r2.dev/catalog/ay-000896-1.jpg,"Jeans 'NARVIK' American Vintage Jeans These khaki jeans are constructed from an Alpaca blend, providing comfort and structure. They are cut to a weight comparable to sturdy work trousers, suitable for everyday use. They offer a reliable, versatile fit for general wear."
ay-000897,Sneakers 'NOVARA',"Canvas provides a breathable and lightweight material for comfortable wear. These casual sneakers are presented in a distinct rose colour. They offer reliable, everyday support suitable for general daily activity.",Tamaris,men,Sneakers,Shoes|Sneakers,rose,Canvas,false,130.05,153.00,15,true,4.3,498,41|42|43|44|45,https://pub-2e4a163f7e1b4ee49c544ba33966ad8e.r2.dev/catalog/ay-000897-1.jpg,"Sneakers 'NOVARA' Tamaris Sneakers Canvas provides a breathable and lightweight material for comfortable wear. These casual sneakers are presented in a distinct rose colour. They offer reliable, everyday support suitable for general daily activity."
ay-000898,Shopper Bag 'MALMO',"The reinforced grab handles allow for comfortable carrying of this shopper bag. Made from durable polyester, this practical bag features a deep pocket and a versatile camel colourway. It provides ample storage capacity for daily essentials.",Camel Active,women,Tote bags,Accessories|Bags & backpacks|Bags|Tote bags,camel,Polyester,false,23.37,38.95,40,true,4.6,174,ONE SIZE,https://pub-2e4a163f7e1b4ee49c544ba33966ad8e.r2.dev/catalog/ay-000898-1.jpg,"Shopper Bag 'MALMO' Camel Active Tote bags The reinforced grab handles allow for comfortable carrying of this shopper bag. Made from durable polyester, this practical bag features a deep pocket and a versatile camel colourway. It provides ample storage capacity for daily essentials."
ay-000899,Sandals 'ASPEN',"These sandals feature a breathable design using recycled mesh in an emerald hue. They offer reliable comfort, making them suitable for extended wear during a summer day out or an evening stroll.",Copenhagen Studios,women,Sandals,Shoes|Sandals,emerald,Recycled mesh,true,210.00,,,true,4.8,155,36|37|38|39|40|41,https://pub-2e4a163f7e1b4ee49c544ba33966ad8e.r2.dev/catalog/ay-000899-1.jpg,"Sandals 'ASPEN' Copenhagen Studios Sandals These sandals feature a breathable design using recycled mesh in an emerald hue. They offer reliable comfort, making them suitable for extended wear during a summer day out or an evening stroll."
ay-000900,Trainers 'KIRUNA',"Anthracite pairs effectively with dark trousers and casual wear. Constructed from durable leather, these trainers offer a refined yet robust appearance. They provide a comfortable fit suitable for everyday use.",millane,men,Sneakers,Shoes|Sneakers,anthracite,Leather,false,108.95,,,true,,,41|42|43|44|45,https://pub-2e4a163f7e1b4ee49c544ba33966ad8e.r2.dev/catalog/ay-000900-1.jpg,"Trainers 'KIRUNA' millane Sneakers Anthracite pairs effectively with dark trousers and casual wear. Constructed from durable leather, these trainers offer a refined yet robust appearance. They provide a comfortable fit suitable for everyday use."
ay-000901,Leggings 'MANTUA',"Suitable for daily movement, these burgundy cotton twill leggings offer comfort and durability. The fabric provides a reliable fit, making them ideal for casual wear or light sporting activities.",BOSS,women,Sports bottoms & leggings,Sportswear|Sports bottoms & leggings,burgundy,Cotton twill,true,277.60,347.00,20,true,3.7,254,25|26|27|28|29|30|31,https://pub-2e4a163f7e1b4ee49c544ba33966ad8e.r2.dev/catalog/ay-000901-1.jpg,"Leggings 'MANTUA' BOSS Sports bottoms & leggings Suitable for daily movement, these burgundy cotton twill leggings offer comfort and durability. The fabric provides a reliable fit, making them ideal for casual wear or light sporting activities."
ay-000902,Jeans 'RUGBY',"The button fastening secures these five-pocket jeans. Constructed from durable denim, they feature a deep burgundy wash that is suitable for regular wear. These trousers offer a reliable and comfortable fit for daily use.",NA-KD,men,Jeans,Clothing|Jeans,burgundy,Denim,false,99.20,124.00,20,true,3.8,380,29|30|31|32|33|34|36,https://pub-2e4a163f7e1b4ee49c544ba33966ad8e.r2.dev/catalog/ay-000902-1.jpg,"Jeans 'RUGBY' NA-KD Jeans The button fastening secures these five-pocket jeans. Constructed from durable denim, they feature a deep burgundy wash that is suitable for regular wear. These trousers offer a reliable and comfortable fit for daily use."
ay-000903,Jeans 'LEVEN',"Featuring a durable five-pocket design, these jeans are constructed from soft Merino wool. The camel colour provides a versatile appearance. This fabric blend offers natural warmth and consistent comfort for everyday wear.",JDY,men,Jeans,Clothing|Jeans,camel,Merino wool,false,45.90,54.00,15,true,4.7,503,29|30|31|32|33|34|36,https://pub-2e4a163f7e1b4ee49c544ba33966ad8e.r2.dev/catalog/ay-000903-1.jpg,"Jeans 'LEVEN' JDY Jeans Featuring a durable five-pocket design, these jeans are constructed from soft Merino wool. The camel colour provides a versatile appearance. This fabric blend offers natural warmth and consistent comfort for everyday wear."
ay-000904,Business Backpack 'CAMDEN',"This rose faux leather backpack provides a professional alternative to a traditional briefcase. It features a dedicated laptop compartment and padded sleeve for a 15-inch device, making it ideal for the daily commuter. Securely carries documents and essentials for meetings and travel.",BOSS,women,Business & laptop bags,Accessories|Bags & backpacks|Bags|Business & laptop bags,rose,Faux leather,true,234.43,334.90,30,false,3.9,204,ONE SIZE,https://pub-2e4a163f7e1b4ee49c544ba33966ad8e.r2.dev/catalog/ay-000904-1.jpg,"Business Backpack 'CAMDEN' BOSS Business & laptop bags This rose faux leather backpack provides a professional alternative to a traditional briefcase. It features a dedicated laptop compartment and padded sleeve for a 15-inch device, making it ideal for the daily commuter. Securely carries documents and essentials for meetings and travel."
ay-000905,Crossbody Bag 'KOTOR',"This ecru cotton canvas bag offers a sturdy, hands-free carrying solution. Suitable for daily use, this cross-body design is durable, though the cotton material requires occasional spot cleaning.",Lauren Ralph Lauren,women,Crossbody bags,Accessories|Bags & backpacks|Bags|Crossbody bags,ecru,Cotton canvas,true,223.00,,,true,4.7,266,ONE SIZE,https://pub-2e4a163f7e1b4ee49c544ba33966ad8e.r2.dev/catalog/ay-000905-1.jpg,"Crossbody Bag 'KOTOR' Lauren Ralph Lauren Crossbody bags This ecru cotton canvas bag offers a sturdy, hands-free carrying solution. Suitable for daily use, this cross-body design is durable, though the cotton material requires occasional spot cleaning."
ay-000906,Tunic 'LUCCA',"Black pairs well with everything. This tunic is constructed from durable cotton twill, offering a comfortable and versatile fit. It is designed for simple, reliable wear throughout the season.",ONLY,women,Blouses & tunics,Clothing|Blouses & tunics,black,Cotton twill,false,62.04,72.99,15,false,3.9,339,XS|S|M|L|XL,https://pub-2e4a163f7e1b4ee49c544ba33966ad8e.r2.dev/catalog/ay-000906-1.jpg,"Tunic 'LUCCA' ONLY Blouses & tunics Black pairs well with everything. This tunic is constructed from durable cotton twill, offering a comfortable and versatile fit. It is designed for simple, reliable wear throughout the season."
ay-000907,Coat 'BRIGHTON',"This beige coat provides reliable warmth and a classic silhouette. Its substantial weight feels comparable to a standard picnic basket, offering solid coverage. The straightforward design ensures practical use across various autumnal settings.",VERO MODA,women,Coats,Clothing|Coats,beige,,false,90.39,112.99,20,true,3.7,484,XS|S|M|L|XL,https://pub-2e4a163f7e1b4ee49c544ba33966ad8e.r2.dev/catalog/ay-000907-1.jpg,"Coat 'BRIGHTON' VERO MODA Coats This beige coat provides reliable warmth and a classic silhouette. Its substantial weight feels comparable to a standard picnic basket, offering solid coverage. The straightforward design ensures practical use across various autumnal settings."
ay-000908,Bracelet 'EIGER',"For smart-casual or formal occasions, this bracelet provides a subtle, deep accent. It is constructed from natural wool felt, presenting a rich bordeaux hue. This piece adds a simple, textural element to any outfit.",ABOUT YOU,women,Jewelry,Accessories|Jewelry,bordeaux,Wool felt,false,34.95,,,true,4.6,313,ONE SIZE,https://pub-2e4a163f7e1b4ee49c544ba33966ad8e.r2.dev/catalog/ay-000908-1.jpg,"Bracelet 'EIGER' ABOUT YOU Jewelry For smart-casual or formal occasions, this bracelet provides a subtle, deep accent. It is constructed from natural wool felt, presenting a rich bordeaux hue. This piece adds a simple, textural element to any outfit."
ay-000909,Laptop Bag 'COMO',"This sage faux leather bag provides a structured briefcase for professional commuters. It features a padded sleeve and laptop compartment, accommodating up to a 15-inch laptop and essential documents. It is suitable for day use when travelling between locations.",bugatti,women,Business & laptop bags,Accessories|Bags & backpacks|Bags|Business & laptop bags,sage,Faux leather,false,121.54,142.99,15,true,4.2,225,ONE SIZE,https://pub-2e4a163f7e1b4ee49c544ba33966ad8e.r2.dev/catalog/ay-000909-1.jpg,"Laptop Bag 'COMO' bugatti Business & laptop bags This sage faux leather bag provides a structured briefcase for professional commuters. It features a padded sleeve and laptop compartment, accommodating up to a 15-inch laptop and essential documents. It is suitable for day use when travelling between locations."
ay-000910,Jeans 'ASTRA',"These beige crepe jeans offer a polished alternative to traditional denim. The crepe material maintains a structured fit, feeling as stable as a pair of tailored chinos. They are suitable for smart casual wear.",RÆRE by Lorena Rae,women,Jeans,Clothing|Jeans,beige,Crepe,false,45.49,90.99,50,true,4.4,561,25|26|27|28|29|30|31,https://pub-2e4a163f7e1b4ee49c544ba33966ad8e.r2.dev/catalog/ay-000910-1.jpg,"Jeans 'ASTRA' RÆRE by Lorena Rae Jeans These beige crepe jeans offer a polished alternative to traditional denim. The crepe material maintains a structured fit, feeling as stable as a pair of tailored chinos. They are suitable for smart casual wear."
ay-000911,Crossbody Bag 'BRECON',"This lilac suede crossbody bag offers a lightweight capacity, feeling only slightly heavier than a paperback book. The adjustable strap ensures comfortable wear across the body. It is a practical and structured bag suitable for daily use.",Coccinelle,women,Crossbody bags,Accessories|Bags & backpacks|Bags|Crossbody bags,lilac,Suede,false,58.77,83.95,30,true,4.6,634,ONE SIZE,https://pub-2e4a163f7e1b4ee49c544ba33966ad8e.r2.dev/catalog/ay-000911-1.jpg,"Crossbody Bag 'BRECON' Coccinelle Crossbody bags This lilac suede crossbody bag offers a lightweight capacity, feeling only slightly heavier than a paperback book. The adjustable strap ensures comfortable wear across the body. It is a practical and structured bag suitable for daily use."
ay-000912,Midi Dress 'VARESE',"This camel midi dress is constructed from a breathable cotton blend. It provides a comfortable, easy-to-wear silhouette for day-to-day occasions. Please note that due to the material composition, machine drying should be avoided.",MORE & MORE,women,Dresses,Clothing|Dresses,camel,Cotton blend,false,45.81,53.90,15,true,4.2,56,XS|S|M|L|XL,https://pub-2e4a163f7e1b4ee49c544ba33966ad8e.r2.dev/catalog/ay-000912-1.jpg,"Midi Dress 'VARESE' MORE & MORE Dresses This camel midi dress is constructed from a breathable cotton blend. It provides a comfortable, easy-to-wear silhouette for day-to-day occasions. Please note that due to the material composition, machine drying should be avoided."
ay-000913,Outdoor Shoes 'PALMA',"These outdoor shoes feature durable recycled mesh in a neutral sand colour. They provide reliable support for various terrains while maintaining a lightweight feel. Weighing less than a paperback book, they are designed for comfortable, all-day wear.",Marco Tozzi,women,Outdoor shoes,Sportswear|Outdoor shoes,sand,Recycled mesh,false,132.99,,,true,4.9,73,36|37|38|39|40|41,https://pub-2e4a163f7e1b4ee49c544ba33966ad8e.r2.dev/catalog/ay-000913-1.jpg,"Outdoor Shoes 'PALMA' Marco Tozzi Outdoor shoes These outdoor shoes feature durable recycled mesh in a neutral sand colour. They provide reliable support for various terrains while maintaining a lightweight feel. Weighing less than a paperback book, they are designed for comfortable, all-day wear."
ay-000914,Cap 'VIANA',"For practical headwear, this cap provides reliable coverage. Constructed from durable silicone, it is available in deep anthracite. Its seamless fit offers dependable protection and comfort for daily wear.",Camel Active,women,Hats & caps,Accessories|Hats & caps,anthracite,Silicone,false,20.90,,,true,4.1,318,ONE SIZE,https://pub-2e4a163f7e1b4ee49c544ba33966ad8e.r2.dev/catalog/ay-000914-1.jpg,"Cap 'VIANA' Camel Active Hats & caps For practical headwear, this cap provides reliable coverage. Constructed from durable silicone, it is available in deep anthracite. Its seamless fit offers dependable protection and comfort for daily wear."
ay-000915,Boots 'DURHAM',These durable leather boots feature a subtle sage colourway and provide reliable support for daily wear. They offer a solid construction suitable for various terrains. Please note that regular treatment with a waterproofing agent is necessary to maintain their condition.,Birkenstock,men,Boots,Shoes|Boots,sage,Leather,false,60.59,100.99,40,true,3.9,592,41|42|43|44|45,https://pub-2e4a163f7e1b4ee49c544ba33966ad8e.r2.dev/catalog/ay-000915-1.jpg,Boots 'DURHAM' Birkenstock Boots These durable leather boots feature a subtle sage colourway and provide reliable support for daily wear. They offer a solid construction suitable for various terrains. Please note that regular treatment with a waterproofing agent is necessary to maintain their condition.
ay-000916,T-Shirt 'IBIZA',"Suitable for everyday comfort, this t-shirt features a breathable sand hue and a comfortable cotton blend construction. Its relaxed fit makes it ideal for casual wear. The fabric provides durable coverage suitable for year-round use.",JDY,men,Tops,Clothing|Tops,sand,Cotton blend,false,15.12,18.90,20,true,4.1,566,XS|S|M|L|XL,https://pub-2e4a163f7e1b4ee49c544ba33966ad8e.r2.dev/catalog/ay-000916-1.jpg,"T-Shirt 'IBIZA' JDY Tops Suitable for everyday comfort, this t-shirt features a breathable sand hue and a comfortable cotton blend construction. Its relaxed fit makes it ideal for casual wear. The fabric provides durable coverage suitable for year-round use."
ay-000917,Laptop Backpack 'AARHUS',"For the professional commuter, this backpack features a protective laptop compartment and padded sleeve suitable for up to a 15-inch device. Constructed from durable mocha cotton canvas, it easily carries documents and essential items.",Camel Active,men,Business & laptop bags,Accessories|Bags & backpacks|Bags|Business & laptop bags,mocha,Cotton canvas,false,88.20,126.00,30,true,,,ONE SIZE,https://pub-2e4a163f7e1b4ee49c544ba33966ad8e.r2.dev/catalog/ay-000917-1.jpg,"Laptop Backpack 'AARHUS' Camel Active Business & laptop bags For the professional commuter, this backpack features a protective laptop compartment and padded sleeve suitable for up to a 15-inch device. Constructed from durable mocha cotton canvas, it easily carries documents and essential items."
ay-000918,Trousers 'PADUA',"Viscose offers a soft, breathable feel ideal for all-day comfort. These trousers feature a rich emerald hue, making them a versatile addition to your wardrobe. They provide a flattering drape and are suitable for both casual and semi-formal occasions.",JDY,women,Pants,Clothing|Pants,emerald,Viscose,false,78.00,130.00,40,true,4.8,95,25|26|27|28|29|30|31,https://pub-2e4a163f7e1b4ee49c544ba33966ad8e.r2.dev/catalog/ay-000918-1.jpg,"Trousers 'PADUA' JDY Pants Viscose offers a soft, breathable feel ideal for all-day comfort. These trousers feature a rich emerald hue, making them a versatile addition to your wardrobe. They provide a flattering drape and are suitable for both casual and semi-formal occasions."
ay-000919,Mini Bag 'BARI',"Featuring an adjustable strap and secure zip fastening, this mini bag is designed as a versatile crossbody accessory. Constructed from durable recycled polyester, the bag arrives in a subtle sage shade. It offers ample space for essentials while maintaining a compact silhouette.",bugatti,men,Crossbody bags,Accessories|Bags & backpacks|Bags|Crossbody bags,sage,Recycled polyester,false,31.98,63.95,50,true,4.7,557,ONE SIZE,https://pub-2e4a163f7e1b4ee49c544ba33966ad8e.r2.dev/catalog/ay-000919-1.jpg,"Mini Bag 'BARI' bugatti Crossbody bags Featuring an adjustable strap and secure zip fastening, this mini bag is designed as a versatile crossbody accessory. Constructed from durable recycled polyester, the bag arrives in a subtle sage shade. It offers ample space for essentials while maintaining a compact silhouette."
ay-000920,Jeans 'VISBY',"These jeans feature a durable construction using anthracite Merino wool. The tailored fit provides comfortable movement, feeling approximately as substantial as a heavy winter coat. They offer a refined alternative to standard denim.",RÆRE by Lorena Rae,men,Jeans,Clothing|Jeans,anthracite,Merino wool,false,34.84,40.99,15,true,4.1,255,29|30|31|32|33|34|36,https://pub-2e4a163f7e1b4ee49c544ba33966ad8e.r2.dev/catalog/ay-000920-1.jpg,"Jeans 'VISBY' RÆRE by Lorena Rae Jeans These jeans feature a durable construction using anthracite Merino wool. The tailored fit provides comfortable movement, feeling approximately as substantial as a heavy winter coat. They offer a refined alternative to standard denim."
ay-000921,Sneakers 'MERANO',"These low-profile athletic trainers feature a breathable black recycled mesh upper and contrasting durable sole. The shoe provides simple, reliable comfort for daily wear. Note that the mesh material requires gentle spot cleaning to maintain its structural integrity.",Polo Ralph Lauren,women,Sneakers,Shoes|Sneakers,black,Recycled mesh,true,179.21,238.95,25,true,3.9,629,36|37|38|39|40|41,https://pub-2e4a163f7e1b4ee49c544ba33966ad8e.r2.dev/catalog/ay-000921-1.jpg,"Sneakers 'MERANO' Polo Ralph Lauren Sneakers These low-profile athletic trainers feature a breathable black recycled mesh upper and contrasting durable sole. The shoe provides simple, reliable comfort for daily wear. Note that the mesh material requires gentle spot cleaning to maintain its structural integrity."
ay-000922,Scarf 'TERAMO',"This scarf, made of lightweight brass, presents a delicate lilac hue. Its substantial size and manageable weight are comparable to a standard A4 sheet of paper, offering versatile warmth.",Calvin Klein,women,Scarves & wraps,Accessories|Scarves & wraps,lilac,Brass,false,104.00,,,true,3.9,587,ONE SIZE,https://pub-2e4a163f7e1b4ee49c544ba33966ad8e.r2.dev/catalog/ay-000922-1.jpg,"Scarf 'TERAMO' Calvin Klein Scarves & wraps This scarf, made of lightweight brass, presents a delicate lilac hue. Its substantial size and manageable weight are comparable to a standard A4 sheet of paper, offering versatile warmth."
ay-000923,Belt 'TRURO',"Recycled polyester provides a lightweight and comfortable feel. This belt is coloured sand and constructed for durability. It offers a sustainable alternative to traditional belts, suitable for everyday use.",Camel Active,women,Belts,Accessories|Belts,sand,Recycled polyester,false,76.00,,,true,4.0,75,85|90|95|100,https://pub-2e4a163f7e1b4ee49c544ba33966ad8e.r2.dev/catalog/ay-000923-1.jpg,"Belt 'TRURO' Camel Active Belts Recycled polyester provides a lightweight and comfortable feel. This belt is coloured sand and constructed for durability. It offers a sustainable alternative to traditional belts, suitable for everyday use."
ay-000924,Hoodie 'SOLNA',"Anthracite pairs well with dark wash denim or charcoal trousers. Made from a durable wool blend, this hoodie offers reliable warmth and a smart, comfortable fit for daily wear.",Lauren Ralph Lauren,women,Hoodies,Clothing|Hoodies,anthracite,Wool blend,true,138.00,230.00,40,true,4.1,253,XS|S|M|L|XL,https://pub-2e4a163f7e1b4ee49c544ba33966ad8e.r2.dev/catalog/ay-000924-1.jpg,"Hoodie 'SOLNA' Lauren Ralph Lauren Hoodies Anthracite pairs well with dark wash denim or charcoal trousers. Made from a durable wool blend, this hoodie offers reliable warmth and a smart, comfortable fit for daily wear."
ay-000925,Work Tote 'BERGEN',Commuting professionals will appreciate this cream nubuck tote. It features a padded sleeve for a 15-inch laptop and ample space for essential documents. This durable briefcase style is suitable for daily travel and professional meetings.,Tommy Hilfiger,women,Business & laptop bags,Accessories|Bags & backpacks|Bags|Business & laptop bags,cream,Nubuck,false,73.09,85.99,15,true,3.8,565,ONE SIZE,https://pub-2e4a163f7e1b4ee49c544ba33966ad8e.r2.dev/catalog/ay-000925-1.jpg,Work Tote 'BERGEN' Tommy Hilfiger Business & laptop bags Commuting professionals will appreciate this cream nubuck tote. It features a padded sleeve for a 15-inch laptop and ample space for essential documents. This durable briefcase style is suitable for daily travel and professional meetings.
ay-000926,Trainers 'STAVA',These durable sneakers are constructed from recycled mesh in a versatile navy colour. They offer straightforward comfort for everyday wear. Please note that the recycled mesh material may require careful cleaning to maintain its texture.,RÆRE by Lorena Rae,women,Sneakers,Shoes|Sneakers,navy,Recycled mesh,false,55.19,68.99,20,true,4.6,201,36|37|38|39|40|41,https://pub-2e4a163f7e1b4ee49c544ba33966ad8e.r2.dev/catalog/ay-000926-1.jpg,Trainers 'STAVA' RÆRE by Lorena Rae Sneakers These durable sneakers are constructed from recycled mesh in a versatile navy colour. They offer straightforward comfort for everyday wear. Please note that the recycled mesh material may require careful cleaning to maintain its texture.
ay-000927,Sandals 'RONDA',"Emerald sandals offer a striking accent against warm tones and neutral linens. These comfortable open-toe sandals feature a deep emerald hue, suitable for pairing with various outfits. They provide both elegance and everyday wearability.",NU-IN,men,Sandals,Shoes|Sandals,emerald,,false,34.00,,,true,4.5,566,41|42|43|44|45,https://pub-2e4a163f7e1b4ee49c544ba33966ad8e.r2.dev/catalog/ay-000927-1.jpg,"Sandals 'RONDA' NU-IN Sandals Emerald sandals offer a striking accent against warm tones and neutral linens. These comfortable open-toe sandals feature a deep emerald hue, suitable for pairing with various outfits. They provide both elegance and everyday wearability."
ay-000928,Business Backpack 'TERNI',"This camel leather backpack is designed for the professional commuter. It features a padded sleeve and laptop compartment, easily holding a 15-inch device and documents. It provides reliable storage for transporting materials to client meetings.",Tommy Hilfiger,men,Business & laptop bags,Accessories|Bags & backpacks|Bags|Business & laptop bags,camel,Leather,false,95.19,135.99,30,false,4.3,398,ONE SIZE,https://pub-2e4a163f7e1b4ee49c544ba33966ad8e.r2.dev/catalog/ay-000928-1.jpg,"Business Backpack 'TERNI' Tommy Hilfiger Business & laptop bags This camel leather backpack is designed for the professional commuter. It features a padded sleeve and laptop compartment, easily holding a 15-inch device and documents. It provides reliable storage for transporting materials to client meetings."
ay-000929,Beanie 'LAHTI',"For casual wear or outdoor events, this beanie offers a distinctive style. It is constructed from cream stainless steel, providing a durable and lightweight head covering. This piece is suitable for adding an industrial edge to any outfit.",Coccinelle,men,Hats & caps,Accessories|Hats & caps,cream,Stainless steel,false,31.00,,,true,,,ONE SIZE,https://pub-2e4a163f7e1b4ee49c544ba33966ad8e.r2.dev/catalog/ay-000929-1.jpg,"Beanie 'LAHTI' Coccinelle Hats & caps For casual wear or outdoor events, this beanie offers a distinctive style. It is constructed from cream stainless steel, providing a durable and lightweight head covering. This piece is suitable for adding an industrial edge to any outfit."
ay-000930,Handbag 'CADIZ',"Polyester provides a lightweight and durable feel to this versatile handbag. This stylish bag is offered in a neutral ecru shade, suitable for daily use. Its practical design ensures it functions well as an everyday accessory.",ABOUT YOU,women,Handbags,Accessories|Bags & backpacks|Bags|Handbags,ecru,Polyester,false,130.17,216.95,40,true,4.4,334,ONE SIZE,https://pub-2e4a163f7e1b4ee49c544ba33966ad8e.r2.dev/catalog/ay-000930-1.jpg,"Handbag 'CADIZ' ABOUT YOU Handbags Polyester provides a lightweight and durable feel to this versatile handbag. This stylish bag is offered in a neutral ecru shade, suitable for daily use. Its practical design ensures it functions well as an everyday accessory."
ay-000931,Pants 'ZERMATT',"Khaki, these cotton poplin trousers pair easily with shirts and blazers. Constructed from breathable cotton poplin, these smart casual pants offer comfort and a tailored fit for daily wear. They are designed for effortless style throughout the season.",NU-IN,women,Pants,Clothing|Pants,khaki,Cotton poplin,false,61.16,71.95,15,true,4.5,511,25|26|27|28|29|30|31,https://pub-2e4a163f7e1b4ee49c544ba33966ad8e.r2.dev/catalog/ay-000931-1.jpg,"Pants 'ZERMATT' NU-IN Pants Khaki, these cotton poplin trousers pair easily with shirts and blazers. Constructed from breathable cotton poplin, these smart casual pants offer comfort and a tailored fit for daily wear. They are designed for effortless style throughout the season."
ay-000932,Coat 'TUDELA',"Featuring deep patch pockets, this coat is constructed from breathable cotton poplin. The sage colour offers a versatile and understated aesthetic for year-round wear. It features simple button fastenings at the waist.",s.Oliver,men,Coats,Clothing|Coats,sage,Cotton poplin,false,98.90,,,true,4.7,552,XS|S|M|L|XL,https://pub-2e4a163f7e1b4ee49c544ba33966ad8e.r2.dev/catalog/ay-000932-1.jpg,"Coat 'TUDELA' s.Oliver Coats Featuring deep patch pockets, this coat is constructed from breathable cotton poplin. The sage colour offers a versatile and understated aesthetic for year-round wear. It features simple button fastenings at the waist."
ay-000933,Sandals 'URBINO',"These white synthetic sandals offer comfortable support for daily wear. Their durable build makes them suitable for casual outings and walks around the garden. They provide reliable, practical footwear.",ABOUT YOU,men,Sandals,Shoes|Sandals,white,Synthetic,false,89.25,119.00,25,true,4.0,363,41|42|43|44|45,https://pub-2e4a163f7e1b4ee49c544ba33966ad8e.r2.dev/catalog/ay-000933-1.jpg,"Sandals 'URBINO' ABOUT YOU Sandals These white synthetic sandals offer comfortable support for daily wear. Their durable build makes them suitable for casual outings and walks around the garden. They provide reliable, practical footwear."
ay-000934,Outdoor Shoes 'ROVIGO',"These outdoor shoes, coloured rose, provide reliable support and grip for traversing varied terrain. They are designed for comfortable use on moderate trails and uneven ground. Please note that they require consistent cleaning to maintain their intended appearance.",Reebok Classics,men,Outdoor shoes,Sportswear|Outdoor shoes,rose,,false,60.54,100.90,40,false,4.4,604,41|42|43|44|45,https://pub-2e4a163f7e1b4ee49c544ba33966ad8e.r2.dev/catalog/ay-000934-1.jpg,"Outdoor Shoes 'ROVIGO' Reebok Classics Outdoor shoes These outdoor shoes, coloured rose, provide reliable support and grip for traversing varied terrain. They are designed for comfortable use on moderate trails and uneven ground. Please note that they require consistent cleaning to maintain their intended appearance."
ay-000935,Belt 'KENDAL',"This belt is constructed from durable Recycled polyester in a rich bordeaux shade. The material maintains its structure and develops a subtle patina over time, ensuring a consistently deep and appealing finish.",Coccinelle,men,Belts,Accessories|Belts,bordeaux,Recycled polyester,false,32.16,45.95,30,true,3.7,67,85|90|95|100,https://pub-2e4a163f7e1b4ee49c544ba33966ad8e.r2.dev/catalog/ay-000935-1.jpg,"Belt 'KENDAL' Coccinelle Belts This belt is constructed from durable Recycled polyester in a rich bordeaux shade. The material maintains its structure and develops a subtle patina over time, ensuring a consistently deep and appealing finish."
ay-000936,Commuter Bag 'YEOVIL',"This grey coated canvas commuter briefcase accommodates a 15-inch laptop and essential documents in a padded sleeve. It features a dedicated compartment for professional equipment, weighing less than a standard paperback book. Ideal for daily commuting requirements.",Camel Active,kids,Business & laptop bags,Accessories|Bags & backpacks|Bags|Business & laptop bags,grey,Coated canvas,false,187.90,,,true,4.5,206,ONE SIZE,https://pub-2e4a163f7e1b4ee49c544ba33966ad8e.r2.dev/catalog/ay-000936-1.jpg,"Commuter Bag 'YEOVIL' Camel Active Business & laptop bags This grey coated canvas commuter briefcase accommodates a 15-inch laptop and essential documents in a padded sleeve. It features a dedicated compartment for professional equipment, weighing less than a standard paperback book. Ideal for daily commuting requirements."
ay-000937,Slip-Ons 'GALWAY',Soft suede slip-ons offer a comfortable and delicate feel. The gentle lilac shade provides a versatile appearance for everyday wear. These slip-on shoes are designed for easy and practical use around the house or when travelling.,New Balance,kids,Slip-ons,Shoes|Slip-ons,lilac,Suede,false,119.00,,,true,4.6,514,30|31|32|33|34,https://pub-2e4a163f7e1b4ee49c544ba33966ad8e.r2.dev/catalog/ay-000937-1.jpg,Slip-Ons 'GALWAY' New Balance Slip-ons Soft suede slip-ons offer a comfortable and delicate feel. The gentle lilac shade provides a versatile appearance for everyday wear. These slip-on shoes are designed for easy and practical use around the house or when travelling.
ay-000938,Running Shoes 'DOVER',"When running requires reliable comfort and style, these athletic shoes provide necessary support. The design features a durable suede upper and is finished in a distinctive lilac shade. These shoes are suitable for routine training runs.",Reebok Classics,women,Running shoes,Sportswear|Running shoes,lilac,Suede,false,94.90,,,true,3.7,616,36|37|38|39|40|41,https://pub-2e4a163f7e1b4ee49c544ba33966ad8e.r2.dev/catalog/ay-000938-1.jpg,"Running Shoes 'DOVER' Reebok Classics Running shoes When running requires reliable comfort and style, these athletic shoes provide necessary support. The design features a durable suede upper and is finished in a distinctive lilac shade. These shoes are suitable for routine training runs."
ay-000939,Pumps 'TREVISO',"These synthetic pumps provide a clean, versatile look in ecru. The structured design is suitable for professional office environments or formal day wear. They offer a stable height and a simple aesthetic.",Nike Sportswear,women,High heels,Shoes|High heels,ecru,Synthetic,false,17.37,28.95,40,true,4.0,441,36|37|38|39|40|41,https://pub-2e4a163f7e1b4ee49c544ba33966ad8e.r2.dev/catalog/ay-000939-1.jpg,"Pumps 'TREVISO' Nike Sportswear High heels These synthetic pumps provide a clean, versatile look in ecru. The structured design is suitable for professional office environments or formal day wear. They offer a stable height and a simple aesthetic."
ay-000940,Boots 'WALDEN',These black mesh boots feature a breathable design suitable for urban environments. The durable mesh material offers reliable support and comfortable wear. They are designed to withstand the demands of daily city life.,Tamaris,men,Boots,Shoes|Boots,black,Mesh,false,64.20,107.00,40,true,4.1,598,41|42|43|44|45,https://pub-2e4a163f7e1b4ee49c544ba33966ad8e.r2.dev/catalog/ay-000940-1.jpg,Boots 'WALDEN' Tamaris Boots These black mesh boots feature a breathable design suitable for urban environments. The durable mesh material offers reliable support and comfortable wear. They are designed to withstand the demands of daily city life.
ay-000941,Sandals 'CASCAIS',These cognac leather sandals provide substantial support for casual wear. The quality leather is designed to develop a rich patina and soften beautifully with continued use. They offer a reliable fit and durable comfort for seasons to come.,Marco Tozzi,women,Sandals,Shoes|Sandals,cognac,Leather,false,10.95,21.90,50,true,4.1,360,36|37|38|39|40|41,https://pub-2e4a163f7e1b4ee49c544ba33966ad8e.r2.dev/catalog/ay-000941-1.jpg,Sandals 'CASCAIS' Marco Tozzi Sandals These cognac leather sandals provide substantial support for casual wear. The quality leather is designed to develop a rich patina and soften beautifully with continued use. They offer a reliable fit and durable comfort for seasons to come.
ay-000942,Jeans 'DORSET',The sturdy brass fastening secures this pair of jeans. They are dyed a rich emerald colour and are made from a durable Alpaca blend. This material offers a comfortable fit suitable for regular wear.,PIECES,women,Jeans,Clothing|Jeans,emerald,Alpaca blend,false,125.99,,,true,4.0,123,25|26|27|28|29|30|31,https://pub-2e4a163f7e1b4ee49c544ba33966ad8e.r2.dev/catalog/ay-000942-1.jpg,Jeans 'DORSET' PIECES Jeans The sturdy brass fastening secures this pair of jeans. They are dyed a rich emerald colour and are made from a durable Alpaca blend. This material offers a comfortable fit suitable for regular wear.
ay-000943,Wallet 'ASCONA',"This wallet is constructed from white cotton canvas and provides practical storage for cards and cash. Its lightweight material makes it a simple, accessible accessory. Please note that the white canvas may absorb minor stains or scuff marks.",Camel Active,men,Wallets & cases,Accessories|Wallets & cases,white,Cotton canvas,false,62.96,83.95,25,true,3.8,111,ONE SIZE,https://pub-2e4a163f7e1b4ee49c544ba33966ad8e.r2.dev/catalog/ay-000943-1.jpg,"Wallet 'ASCONA' Camel Active Wallets & cases This wallet is constructed from white cotton canvas and provides practical storage for cards and cash. Its lightweight material makes it a simple, accessible accessory. Please note that the white canvas may absorb minor stains or scuff marks."
ay-000944,Shoulder Bag 'CHESTER',"This shoulder bag features a rich cognac hue and durable Nubuck material. Its structured design is suitable for daily professional use, providing reliable storage when you are out and about.",Kapten & Son,kids,Shoulder bags,Accessories|Bags & backpacks|Bags|Shoulder bags,cognac,Nubuck,false,49.26,57.95,15,true,3.6,567,ONE SIZE,https://pub-2e4a163f7e1b4ee49c544ba33966ad8e.r2.dev/catalog/ay-000944-1.jpg,"Shoulder Bag 'CHESTER' Kapten & Son Shoulder bags This shoulder bag features a rich cognac hue and durable Nubuck material. Its structured design is suitable for daily professional use, providing reliable storage when you are out and about."
ay-000945,Trousers 'ARLES',"Olive trousers pair easily with tailored shirts and blazers. These cotton poplin pants offer a comfortable, breathable fit for everyday wear. They provide a smart, reliable staple for any wardrobe.",VILA,kids,Pants,Clothing|Pants,olive,Cotton poplin,false,130.90,,,true,4.2,504,110|116|122|128,https://pub-2e4a163f7e1b4ee49c544ba33966ad8e.r2.dev/catalog/ay-000945-1.jpg,"Trousers 'ARLES' VILA Pants Olive trousers pair easily with tailored shirts and blazers. These cotton poplin pants offer a comfortable, breathable fit for everyday wear. They provide a smart, reliable staple for any wardrobe."
ay-000946,Ballet Flats 'RAGUSA',The breathable mesh allows for easy movement and lightweight comfort. These ballet flats are finished in a cognac shade and constructed entirely from recycled mesh material. They provide a simple and durable option for daily wear.,adidas Originals,women,Ballet flats,Shoes|Ballet flats,cognac,Recycled mesh,false,45.48,90.95,50,true,,,36|37|38|39|40|41,https://pub-2e4a163f7e1b4ee49c544ba33966ad8e.r2.dev/catalog/ay-000946-1.jpg,Ballet Flats 'RAGUSA' adidas Originals Ballet flats The breathable mesh allows for easy movement and lightweight comfort. These ballet flats are finished in a cognac shade and constructed entirely from recycled mesh material. They provide a simple and durable option for daily wear.
ay-000947,Hoodie 'SUNNE',"Organic cotton offers a soft, comfortable feel, making this basic hoodie ideal for everyday wear. This durable garment is available in rose and designed for casual, relaxed comfort.",American Vintage,women,Hoodies,Clothing|Hoodies,rose,Organic cotton,false,28.95,,,true,4.7,145,XS|S|M|L|XL,https://pub-2e4a163f7e1b4ee49c544ba33966ad8e.r2.dev/catalog/ay-000947-1.jpg,"Hoodie 'SUNNE' American Vintage Hoodies Organic cotton offers a soft, comfortable feel, making this basic hoodie ideal for everyday wear. This durable garment is available in rose and designed for casual, relaxed comfort."
ay-000948,Wallet 'TARBES',"White complements any style. This wallet is constructed from soft Nubuck leather, providing a durable and refined aesthetic for daily carry. Its quality build ensures longevity while maintaining a crisp, fashionable appearance.",Camel Active,women,Wallets & cases,Accessories|Wallets & cases,white,Nubuck,false,35.48,70.95,50,true,3.7,51,ONE SIZE,https://pub-2e4a163f7e1b4ee49c544ba33966ad8e.r2.dev/catalog/ay-000948-1.jpg,"Wallet 'TARBES' Camel Active Wallets & cases White complements any style. This wallet is constructed from soft Nubuck leather, providing a durable and refined aesthetic for daily carry. Its quality build ensures longevity while maintaining a crisp, fashionable appearance."
ay-000949,Backpack 'BODEN',This mocha Nubuck backpack offers durable storage in a classic design. The robust material will develop a unique patina and character over time with regular wear. It is a reliable and stylish bag for everyday carrying.,Tommy Hilfiger,men,Backpacks,Accessories|Bags & backpacks|Bags|Backpacks,mocha,Nubuck,false,50.40,84.00,40,true,4.8,434,ONE SIZE,https://pub-2e4a163f7e1b4ee49c544ba33966ad8e.r2.dev/catalog/ay-000949-1.jpg,Backpack 'BODEN' Tommy Hilfiger Backpacks This mocha Nubuck backpack offers durable storage in a classic design. The robust material will develop a unique patina and character over time with regular wear. It is a reliable and stylish bag for everyday carrying.
ay-000950,Jacket 'ELBA',Burgundy pairs well with deep neutrals. This alpaca blend jacket provides reliable warmth and a refined finish. It is suitable outer layering for cool autumn and winter periods.,VILA,kids,Jackets,Clothing|Jackets,burgundy,Alpaca blend,false,49.90,,,true,3.7,545,110|116|122|128,https://pub-2e4a163f7e1b4ee49c544ba33966ad8e.r2.dev/catalog/ay-000950-1.jpg,Jacket 'ELBA' VILA Jackets Burgundy pairs well with deep neutrals. This alpaca blend jacket provides reliable warmth and a refined finish. It is suitable outer layering for cool autumn and winter periods.
ay-000951,Document Bag 'ZAMORA',"This anthracite cotton canvas briefcase is designed for the professional commuter, featuring a 15-inch padded sleeve and dedicated document compartments. It provides robust storage for daily essentials. Please note that the cotton canvas material may require professional cleaning after heavy exposure.",Liebeskind Berlin,women,Business & laptop bags,Accessories|Bags & backpacks|Bags|Business & laptop bags,anthracite,Cotton canvas,false,136.80,171.00,20,true,4.8,49,ONE SIZE,https://pub-2e4a163f7e1b4ee49c544ba33966ad8e.r2.dev/catalog/ay-000951-1.jpg,"Document Bag 'ZAMORA' Liebeskind Berlin Business & laptop bags This anthracite cotton canvas briefcase is designed for the professional commuter, featuring a 15-inch padded sleeve and dedicated document compartments. It provides robust storage for daily essentials. Please note that the cotton canvas material may require professional cleaning after heavy exposure."
ay-000952,Boots 'KIELCE',"These boots are constructed from durable synthetic material and presented in a soft rose colour. They provide reliable support and grip, making them suitable for casual walking and damp weather conditions.",Birkenstock,women,Boots,Shoes|Boots,rose,Synthetic,false,50.39,71.99,30,true,3.8,146,36|37|38|39|40|41,https://pub-2e4a163f7e1b4ee49c544ba33966ad8e.r2.dev/catalog/ay-000952-1.jpg,"Boots 'KIELCE' Birkenstock Boots These boots are constructed from durable synthetic material and presented in a soft rose colour. They provide reliable support and grip, making them suitable for casual walking and damp weather conditions."
ay-000953,Sandals 'BRUGES',"These emerald canvas sandals provide a simple and durable fit for everyday walking. The robust canvas material is remarkably lightweight, feeling about as light as a standard paperback novel. They offer practical comfort without excess bulk.",NU-IN,women,Sandals,Shoes|Sandals,emerald,Canvas,false,77.59,96.99,20,true,4.7,409,36|37|38|39|40|41,https://pub-2e4a163f7e1b4ee49c544ba33966ad8e.r2.dev/catalog/ay-000953-1.jpg,"Sandals 'BRUGES' NU-IN Sandals These emerald canvas sandals provide a simple and durable fit for everyday walking. The robust canvas material is remarkably lightweight, feeling about as light as a standard paperback novel. They offer practical comfort without excess bulk."
ay-000954,Midi Dress 'KALMAR',"This white midi dress is constructed from breathable Organic cotton. The lightweight fabric provides comfort during warmer months, but please note that it may require careful steaming to minimise creasing.",American Vintage,women,Dresses,Clothing|Dresses,white,Organic cotton,false,41.56,51.95,20,true,4.1,99,XS|S|M|L|XL,https://pub-2e4a163f7e1b4ee49c544ba33966ad8e.r2.dev/catalog/ay-000954-1.jpg,"Midi Dress 'KALMAR' American Vintage Dresses This white midi dress is constructed from breathable Organic cotton. The lightweight fabric provides comfort during warmer months, but please note that it may require careful steaming to minimise creasing."
ay-000955,Daypack 'LUGANO',"The main compartment features a secure zip closure and multiple internal pockets. Constructed from durable recycled polyester, this practical day bag is presented in a neutral camel colour. It offers reliable storage for daily essentials.",Polo Ralph Lauren,women,Backpacks,Accessories|Bags & backpacks|Bags|Backpacks,camel,Recycled polyester,true,329.90,,,true,4.6,123,ONE SIZE,https://pub-2e4a163f7e1b4ee49c544ba33966ad8e.r2.dev/catalog/ay-000955-1.jpg,"Daypack 'LUGANO' Polo Ralph Lauren Backpacks The main compartment features a secure zip closure and multiple internal pockets. Constructed from durable recycled polyester, this practical day bag is presented in a neutral camel colour. It offers reliable storage for daily essentials."
ay-000956,Blouse 'TORINO',Chocolate pairs well with deep jewel tones. This satin blouse features a smooth drape and an elegant finish. Its versatile design makes it suitable for both formal and casual occasions.,MORE & MORE,women,Blouses & tunics,Clothing|Blouses & tunics,chocolate,Satin,false,107.95,,,true,4.6,171,XS|S|M|L|XL,https://pub-2e4a163f7e1b4ee49c544ba33966ad8e.r2.dev/catalog/ay-000956-1.jpg,Blouse 'TORINO' MORE & MORE Blouses & tunics Chocolate pairs well with deep jewel tones. This satin blouse features a smooth drape and an elegant finish. Its versatile design makes it suitable for both formal and casual occasions.
ay-000957,Laptop Backpack 'ILFORD',Grey cotton canvas provides a professional look for daily commuting. This commuter backpack features a dedicated padded sleeve for up to a 15-inch laptop and ample space for documents and a briefcase.,Liebeskind Berlin,women,Business & laptop bags,Accessories|Bags & backpacks|Bags|Business & laptop bags,grey,Cotton canvas,false,31.48,62.95,50,true,4.8,507,ONE SIZE,https://pub-2e4a163f7e1b4ee49c544ba33966ad8e.r2.dev/catalog/ay-000957-1.jpg,Laptop Backpack 'ILFORD' Liebeskind Berlin Business & laptop bags Grey cotton canvas provides a professional look for daily commuting. This commuter backpack features a dedicated padded sleeve for up to a 15-inch laptop and ample space for documents and a briefcase.
ay-000958,Business Backpack 'ELDER',"Sage coordinates well with professional attire. This Saffiano leather backpack features a padded 15-inch laptop compartment and dedicated sleeves for documents. It provides essential storage for the commuter, functioning as a robust alternative to a briefcase.",Tommy Hilfiger,women,Business & laptop bags,Accessories|Bags & backpacks|Bags|Business & laptop bags,sage,Saffiano leather,false,119.90,,,true,4.2,515,ONE SIZE,https://pub-2e4a163f7e1b4ee49c544ba33966ad8e.r2.dev/catalog/ay-000958-1.jpg,"Business Backpack 'ELDER' Tommy Hilfiger Business & laptop bags Sage coordinates well with professional attire. This Saffiano leather backpack features a padded 15-inch laptop compartment and dedicated sleeves for documents. It provides essential storage for the commuter, functioning as a robust alternative to a briefcase."
ay-000959,Sports Shoes 'HELSTON',"These sand-coloured Mesh sports shoes offer lightweight support and excellent breathability for various physical activities. While highly durable, they require careful drying after use to prevent material damage.",adidas Originals,women,Sports shoes,Shoes|Sports shoes,sand,Mesh,false,112.90,,,true,3.7,193,36|37|38|39|40|41,https://pub-2e4a163f7e1b4ee49c544ba33966ad8e.r2.dev/catalog/ay-000959-1.jpg,"Sports Shoes 'HELSTON' adidas Originals Sports shoes These sand-coloured Mesh sports shoes offer lightweight support and excellent breathability for various physical activities. While highly durable, they require careful drying after use to prevent material damage."
ay-000960,Ballet Flats 'GRANADA',These mesh ballet flats feature a rich cognac colourway. They offer lightweight comfort for daily wear. Please note that the delicate mesh material requires careful hand washing to maintain its structure.,Tamaris,women,Ballet flats,Shoes|Ballet flats,cognac,Mesh,false,105.40,124.00,15,true,3.7,613,36|37|38|39|40|41,https://pub-2e4a163f7e1b4ee49c544ba33966ad8e.r2.dev/catalog/ay-000960-1.jpg,Ballet Flats 'GRANADA' Tamaris Ballet flats These mesh ballet flats feature a rich cognac colourway. They offer lightweight comfort for daily wear. Please note that the delicate mesh material requires careful hand washing to maintain its structure.
ay-000961,Running Shoes 'ATRANI',"For runners requiring a distinctive style, these shoes offer durable support. Constructed from leather and featuring a deep burgundy finish, they provide comfort during long runs. The design ensures reliable performance across various running surfaces.",Birkenstock,women,Running shoes,Sportswear|Running shoes,burgundy,Leather,false,31.19,38.99,20,true,3.9,558,36|37|38|39|40|41,https://pub-2e4a163f7e1b4ee49c544ba33966ad8e.r2.dev/catalog/ay-000961-1.jpg,"Running Shoes 'ATRANI' Birkenstock Running shoes For runners requiring a distinctive style, these shoes offer durable support. Constructed from leather and featuring a deep burgundy finish, they provide comfort during long runs. The design ensures reliable performance across various running surfaces."
ay-000962,Document Bag 'MOLDE',"Nubuck offers a soft, durable finish. This mocha document bag features a padded sleeve for a 15-inch laptop and dedicated compartments for essential documents. It serves as a practical and professional briefcase for the daily commuter.",Tommy Hilfiger,men,Business & laptop bags,Accessories|Bags & backpacks|Bags|Business & laptop bags,mocha,Nubuck,false,150.75,201.00,25,true,4.6,543,ONE SIZE,https://pub-2e4a163f7e1b4ee49c544ba33966ad8e.r2.dev/catalog/ay-000962-1.jpg,"Document Bag 'MOLDE' Tommy Hilfiger Business & laptop bags Nubuck offers a soft, durable finish. This mocha document bag features a padded sleeve for a 15-inch laptop and dedicated compartments for essential documents. It serves as a practical and professional briefcase for the daily commuter."
ay-000963,Sports Shoes 'SAVONA',"For general athletic activity, these durable sports shoes are available in beige. Constructed from synthetic material, they provide reliable support and comfort for daily training or casual wear.",Reebok Classics,women,Sports shoes,Shoes|Sports shoes,beige,Synthetic,false,27.00,36.00,25,true,4.1,135,36|37|38|39|40|41,https://pub-2e4a163f7e1b4ee49c544ba33966ad8e.r2.dev/catalog/ay-000963-1.jpg,"Sports Shoes 'SAVONA' Reebok Classics Sports shoes For general athletic activity, these durable sports shoes are available in beige. Constructed from synthetic material, they provide reliable support and comfort for daily training or casual wear."
ay-000964,Jacket 'PRATO',"This mocha denim jacket is a versatile piece for smart-casual outings. The durable denim construction offers reliable comfort and a practical fit, making it ideal for transitional weather.",Mavi,men,Jackets,Clothing|Jackets,mocha,Denim,false,87.16,108.95,20,true,4.1,404,XS|S|M|L|XL,https://pub-2e4a163f7e1b4ee49c544ba33966ad8e.r2.dev/catalog/ay-000964-1.jpg,"Jacket 'PRATO' Mavi Jackets This mocha denim jacket is a versatile piece for smart-casual outings. The durable denim construction offers reliable comfort and a practical fit, making it ideal for transitional weather."
ay-000965,Knit 'LUMEN',Olive pairs well with neutral trousers. This comfortable knit is constructed from a soft cotton blend. It offers a refined layer suitable for adding warmth to a casual winter wardrobe.,Mavi,women,Sweaters & knitwear,Clothing|Sweaters & knitwear,olive,Cotton blend,false,37.99,,,true,4.8,194,XS|S|M|L|XL,https://pub-2e4a163f7e1b4ee49c544ba33966ad8e.r2.dev/catalog/ay-000965-1.jpg,Knit 'LUMEN' Mavi Sweaters & knitwear Olive pairs well with neutral trousers. This comfortable knit is constructed from a soft cotton blend. It offers a refined layer suitable for adding warmth to a casual winter wardrobe.
ay-000966,High Heels 'JEREZ',These heels feature a canvas upper in a neutral camel shade. The structured design provides a stylish lift for various occasions. Please note that canvas material requires occasional spot cleaning to maintain its appearance.,Lauren Ralph Lauren,women,High heels,Shoes|High heels,camel,Canvas,true,253.39,361.99,30,true,4.3,138,36|37|38|39|40|41,https://pub-2e4a163f7e1b4ee49c544ba33966ad8e.r2.dev/catalog/ay-000966-1.jpg,High Heels 'JEREZ' Lauren Ralph Lauren High heels These heels feature a canvas upper in a neutral camel shade. The structured design provides a stylish lift for various occasions. Please note that canvas material requires occasional spot cleaning to maintain its appearance.
ay-000967,Commuter Bag 'PERUGIA',"This durable mocha Nylon commuter briefcase is designed for professional transport. It features a padded 15-inch laptop compartment and ample space for documents. The material develops a subtle patina over time, maintaining a smart appearance for daily use.",Tommy Hilfiger,kids,Business & laptop bags,Accessories|Bags & backpacks|Bags|Business & laptop bags,mocha,Nylon,false,173.60,248.00,30,true,4.2,76,ONE SIZE,https://pub-2e4a163f7e1b4ee49c544ba33966ad8e.r2.dev/catalog/ay-000967-1.jpg,"Commuter Bag 'PERUGIA' Tommy Hilfiger Business & laptop bags This durable mocha Nylon commuter briefcase is designed for professional transport. It features a padded 15-inch laptop compartment and ample space for documents. The material develops a subtle patina over time, maintaining a smart appearance for daily use."
ay-000968,Ankle Boots 'ESSEN',"Suede provides a comfortable and soft finish to these ankle boots. They are finished in a deep navy hue and designed for reliable, daily wear. This smart silhouette offers a polished alternative suitable for varying seasonal conditions.",RÆRE by Lorena Rae,women,Ankle boots,Shoes|Ankle boots,navy,Suede,false,38.49,54.99,30,true,3.6,390,36|37|38|39|40|41,https://pub-2e4a163f7e1b4ee49c544ba33966ad8e.r2.dev/catalog/ay-000968-1.jpg,"Ankle Boots 'ESSEN' RÆRE by Lorena Rae Ankle boots Suede provides a comfortable and soft finish to these ankle boots. They are finished in a deep navy hue and designed for reliable, daily wear. This smart silhouette offers a polished alternative suitable for varying seasonal conditions."
ay-000969,Pants 'YSTAD',"For casual wear, these trousers provide comfortable, breathable material. Constructed from breathable cotton, the subtle sage shade makes them suitable for daily use. They offer a reliable fit for both day and evening occasions.",ONLY,women,Pants,Clothing|Pants,sage,Cotton,false,20.50,41.00,50,true,3.7,254,25|26|27|28|29|30|31,https://pub-2e4a163f7e1b4ee49c544ba33966ad8e.r2.dev/catalog/ay-000969-1.jpg,"Pants 'YSTAD' ONLY Pants For casual wear, these trousers provide comfortable, breathable material. Constructed from breathable cotton, the subtle sage shade makes them suitable for daily use. They offer a reliable fit for both day and evening occasions."
ay-000970,Trousers 'ISERE',"These emerald linen trousers provide a breathable, comfortable fit. The material weighs approximately the same as a paperback book, offering tailored structure suitable for wearing throughout the day.",LASCANA,women,Pants,Clothing|Pants,emerald,Linen,false,61.43,81.90,25,true,4.4,353,25|26|27|28|29|30|31,https://pub-2e4a163f7e1b4ee49c544ba33966ad8e.r2.dev/catalog/ay-000970-1.jpg,"Trousers 'ISERE' LASCANA Pants These emerald linen trousers provide a breathable, comfortable fit. The material weighs approximately the same as a paperback book, offering tailored structure suitable for wearing throughout the day."
ay-000971,Daypack 'JAEN',"Emerald complements neutral tones, making this daypack an easy addition to any wardrobe. It is constructed from durable Cotton canvas, offering a reliable and weather-resistant bag. This practical item provides ample space for daily essentials.",ABOUT YOU,women,Backpacks,Accessories|Bags & backpacks|Bags|Backpacks,emerald,Cotton canvas,false,73.02,85.90,15,true,4.5,433,ONE SIZE,https://pub-2e4a163f7e1b4ee49c544ba33966ad8e.r2.dev/catalog/ay-000971-1.jpg,"Daypack 'JAEN' ABOUT YOU Backpacks Emerald complements neutral tones, making this daypack an easy addition to any wardrobe. It is constructed from durable Cotton canvas, offering a reliable and weather-resistant bag. This practical item provides ample space for daily essentials."
ay-000972,Top 'OVIEDO',"This alpaca blend top is available in a deep burgundy hue, providing warmth and comfort for cooler seasons. It features a soft, breathable knit designed for casual everyday use. Please note that this garment should be hand-washed to maintain the integrity of the fibre.",PIECES,men,Tops,Clothing|Tops,burgundy,Alpaca blend,false,7.77,12.95,40,true,3.9,457,XS|S|M|L|XL,https://pub-2e4a163f7e1b4ee49c544ba33966ad8e.r2.dev/catalog/ay-000972-1.jpg,"Top 'OVIEDO' PIECES Tops This alpaca blend top is available in a deep burgundy hue, providing warmth and comfort for cooler seasons. It features a soft, breathable knit designed for casual everyday use. Please note that this garment should be hand-washed to maintain the integrity of the fibre."
ay-000973,Commuter Bag 'FJORD',"Taupe pairs easily with professional attire. This durable commuter briefcase, made from Recycled polyester, includes a padded sleeve for a 15-inch laptop and secure compartments for documents and daily essentials.",HUGO,men,Business & laptop bags,Accessories|Bags & backpacks|Bags|Business & laptop bags,taupe,Recycled polyester,false,63.99,,,true,3.7,304,ONE SIZE,https://pub-2e4a163f7e1b4ee49c544ba33966ad8e.r2.dev/catalog/ay-000973-1.jpg,"Commuter Bag 'FJORD' HUGO Business & laptop bags Taupe pairs easily with professional attire. This durable commuter briefcase, made from Recycled polyester, includes a padded sleeve for a 15-inch laptop and secure compartments for documents and daily essentials."
ay-000974,Leggings 'BILBAO',These black cotton blend leggings provide comfortable support for general sportswear use. They offer reliable coverage and are suitable for various activities. Note that these items should be machine washed on a cool cycle.,American Vintage,men,Sports bottoms & leggings,Sportswear|Sports bottoms & leggings,black,Cotton blend,false,20.36,23.95,15,true,4.2,105,29|30|31|32|33|34|36,https://pub-2e4a163f7e1b4ee49c544ba33966ad8e.r2.dev/catalog/ay-000974-1.jpg,Leggings 'BILBAO' American Vintage Sports bottoms & leggings These black cotton blend leggings provide comfortable support for general sportswear use. They offer reliable coverage and are suitable for various activities. Note that these items should be machine washed on a cool cycle.
ay-000975,Ring Set 'SINTRA',"This silicone ring set is supplied in a versatile camel shade. Its durable material ensures comfort and durability, making it suitable for extended periods of wear, such as doing garden tasks.",Guess,men,Jewelry,Accessories|Jewelry,camel,Silicone,false,29.71,34.95,15,true,3.8,626,ONE SIZE,https://pub-2e4a163f7e1b4ee49c544ba33966ad8e.r2.dev/catalog/ay-000975-1.jpg,"Ring Set 'SINTRA' Guess Jewelry This silicone ring set is supplied in a versatile camel shade. Its durable material ensures comfort and durability, making it suitable for extended periods of wear, such as doing garden tasks."
ay-000976,Jacket 'LOFOTEN',"The jacket features a soft viscose construction in a pale rose hue. It provides a versatile layer for smart daytime wear. Due to the viscose material, professional dry cleaning is recommended.",NA-KD,women,Jackets,Clothing|Jackets,rose,Viscose,false,97.49,129.99,25,true,3.6,526,XS|S|M|L|XL,https://pub-2e4a163f7e1b4ee49c544ba33966ad8e.r2.dev/catalog/ay-000976-1.jpg,"Jacket 'LOFOTEN' NA-KD Jackets The jacket features a soft viscose construction in a pale rose hue. It provides a versatile layer for smart daytime wear. Due to the viscose material, professional dry cleaning is recommended."
ay-000977,Tunic 'UMEA',"Wool blend offers a soft, comfortable feel suitable for year-round wear. This versatile tunic is styled in a neutral grey and falls to a flattering length. It provides a polished, easy-to-wear option for both professional and casual settings.",American Vintage,women,Blouses & tunics,Clothing|Blouses & tunics,grey,Wool blend,false,62.99,83.99,25,true,4.4,639,XS|S|M|L|XL,https://pub-2e4a163f7e1b4ee49c544ba33966ad8e.r2.dev/catalog/ay-000977-1.jpg,"Tunic 'UMEA' American Vintage Blouses & tunics Wool blend offers a soft, comfortable feel suitable for year-round wear. This versatile tunic is styled in a neutral grey and falls to a flattering length. It provides a polished, easy-to-wear option for both professional and casual settings."
ay-000978,Briefcase 'EDEN',The sturdy zip closure secures this mocha Saffiano leather briefcase. It features a padded sleeve for a 15-inch laptop and ample space for documents. This professional commuter bag is designed for reliable daily transport.,bugatti,men,Business & laptop bags,Accessories|Bags & backpacks|Bags|Business & laptop bags,mocha,Saffiano leather,false,119.40,199.00,40,true,3.9,227,ONE SIZE,https://pub-2e4a163f7e1b4ee49c544ba33966ad8e.r2.dev/catalog/ay-000978-1.jpg,Briefcase 'EDEN' bugatti Business & laptop bags The sturdy zip closure secures this mocha Saffiano leather briefcase. It features a padded sleeve for a 15-inch laptop and ample space for documents. This professional commuter bag is designed for reliable daily transport.
ay-000979,Sandals 'INGOLD',These bordeaux synthetic sandals offer comfortable support for casual wear. They are constructed from synthetic material and provide a durable option for summer days. Please ensure they are allowed to dry completely to avoid water spotting.,Puma,women,Sandals,Shoes|Sandals,bordeaux,Synthetic,false,15.36,21.95,30,true,3.8,292,36|37|38|39|40|41,https://pub-2e4a163f7e1b4ee49c544ba33966ad8e.r2.dev/catalog/ay-000979-1.jpg,Sandals 'INGOLD' Puma Sandals These bordeaux synthetic sandals offer comfortable support for casual wear. They are constructed from synthetic material and provide a durable option for summer days. Please ensure they are allowed to dry completely to avoid water spotting.
ay-000980,Slip-Ons 'OTRANTO',"These synthetic slip-ons are presented in a versatile taupe shade. They are designed for easy, daily wear and weigh less than a paperback book. The simple style ensures comfort and functionality for everyday use.",Marco Tozzi,women,Slip-ons,Shoes|Slip-ons,taupe,Synthetic,false,52.90,,,true,4.2,429,36|37|38|39|40|41,https://pub-2e4a163f7e1b4ee49c544ba33966ad8e.r2.dev/catalog/ay-000980-1.jpg,"Slip-Ons 'OTRANTO' Marco Tozzi Slip-ons These synthetic slip-ons are presented in a versatile taupe shade. They are designed for easy, daily wear and weigh less than a paperback book. The simple style ensures comfort and functionality for everyday use."
ay-000981,Bum Bag 'RIETI',A secure zip closure fastens the contents of this practical bum bag. It includes internal pockets suitable for phones and wallets. This item is constructed from durable material and finished in a deep anthracite colour.,Diesel,kids,Bum bags,Accessories|Bags & backpacks|Bags|Bum bags,anthracite,,false,24.74,32.99,25,true,3.7,501,ONE SIZE,https://pub-2e4a163f7e1b4ee49c544ba33966ad8e.r2.dev/catalog/ay-000981-1.jpg,Bum Bag 'RIETI' Diesel Bum bags A secure zip closure fastens the contents of this practical bum bag. It includes internal pockets suitable for phones and wallets. This item is constructed from durable material and finished in a deep anthracite colour.
ay-000982,Bum Bag 'CANNES',"This khaki bum bag is constructed from durable Saffiano leather. Its structured design remains practical, while the material develops a useful patina with regular use. This makes it a reliable day bag.",Copenhagen Studios,kids,Bum bags,Accessories|Bags & backpacks|Bags|Bum bags,khaki,Saffiano leather,true,103.19,128.99,20,true,3.7,79,ONE SIZE,https://pub-2e4a163f7e1b4ee49c544ba33966ad8e.r2.dev/catalog/ay-000982-1.jpg,"Bum Bag 'CANNES' Copenhagen Studios Bum bags This khaki bum bag is constructed from durable Saffiano leather. Its structured design remains practical, while the material develops a useful patina with regular use. This makes it a reliable day bag."
ay-000983,Sports Jacket 'OLTEN',"This rose satin sports jacket is lightweight, feeling about as light as a folded newspaper. Its breathable satin fabric is designed for comfort during physical activity. The structured fit provides both support and a polished appearance.",Mavi,kids,Sports jackets,Sportswear|Sports jackets,rose,Satin,false,56.39,93.99,40,true,4.6,633,110|116|122|128,https://pub-2e4a163f7e1b4ee49c544ba33966ad8e.r2.dev/catalog/ay-000983-1.jpg,"Sports Jacket 'OLTEN' Mavi Sports jackets This rose satin sports jacket is lightweight, feeling about as light as a folded newspaper. Its breathable satin fabric is designed for comfort during physical activity. The structured fit provides both support and a polished appearance."
ay-000984,Crossbody Bag 'ALBA',"Recycled polyester offers a durable and lightweight feel for this crossbody bag. The camel shade provides a versatile appearance, making it a practical accessory for daily use. This sustainable bag features adjustable strap hardware for comfortable wear.",NU-IN,women,Crossbody bags,Accessories|Bags & backpacks|Bags|Crossbody bags,camel,Recycled polyester,false,57.99,,,true,3.9,168,ONE SIZE,https://pub-2e4a163f7e1b4ee49c544ba33966ad8e.r2.dev/catalog/ay-000984-1.jpg,"Crossbody Bag 'ALBA' NU-IN Crossbody bags Recycled polyester offers a durable and lightweight feel for this crossbody bag. The camel shade provides a versatile appearance, making it a practical accessory for daily use. This sustainable bag features adjustable strap hardware for comfortable wear."
ay-000985,Skirt 'ANDES',"For effortless daily wear, this lilac denim skirt offers a versatile addition to any wardrobe. Crafted from durable denim, the gently coloured fabric provides comfort and style. This skirt pairs easily with both casual tops and formal blouses.",Polo Ralph Lauren,women,Skirts,Clothing|Skirts,lilac,Denim,true,333.90,,,true,3.9,623,XS|S|M|L|XL,https://pub-2e4a163f7e1b4ee49c544ba33966ad8e.r2.dev/catalog/ay-000985-1.jpg,"Skirt 'ANDES' Polo Ralph Lauren Skirts For effortless daily wear, this lilac denim skirt offers a versatile addition to any wardrobe. Crafted from durable denim, the gently coloured fabric provides comfort and style. This skirt pairs easily with both casual tops and formal blouses."
ay-000986,Cap 'MELIDE',Silicone offers a lightweight and comfortable fit. This cap is available in a neutral ecru colour and is designed for everyday wear. It provides a durable and breathable head covering.,Tommy Hilfiger,women,Hats & caps,Accessories|Hats & caps,ecru,Silicone,false,30.67,40.90,25,false,4.1,452,ONE SIZE,https://pub-2e4a163f7e1b4ee49c544ba33966ad8e.r2.dev/catalog/ay-000986-1.jpg,Cap 'MELIDE' Tommy Hilfiger Hats & caps Silicone offers a lightweight and comfortable fit. This cap is available in a neutral ecru colour and is designed for everyday wear. It provides a durable and breathable head covering.
ay-000987,Leggings 'LISMORE',Navy complements various items and offers versatile styling. These satin leggings provide a comfortable yet refined fit for athletic activity or casual wear. The lightweight satin material ensures smooth movement and breathability.,VERO MODA,men,Sports bottoms & leggings,Sportswear|Sports bottoms & leggings,navy,Satin,false,47.49,94.99,50,true,4.9,295,29|30|31|32|33|34|36,https://pub-2e4a163f7e1b4ee49c544ba33966ad8e.r2.dev/catalog/ay-000987-1.jpg,Leggings 'LISMORE' VERO MODA Sports bottoms & leggings Navy complements various items and offers versatile styling. These satin leggings provide a comfortable yet refined fit for athletic activity or casual wear. The lightweight satin material ensures smooth movement and breathability.
ay-000988,Pants 'DALIA',"These white chiffon trousers provide a lightweight drape ideal for semi-formal wear. The breathable chiffon fabric ensures comfortable wear throughout the day. Due to the delicate nature of the material, gentle hand washing is recommended to prevent shrinkage.",NU-IN,women,Pants,Clothing|Pants,white,Chiffon,false,61.20,72.00,15,true,3.8,120,25|26|27|28|29|30|31,https://pub-2e4a163f7e1b4ee49c544ba33966ad8e.r2.dev/catalog/ay-000988-1.jpg,"Pants 'DALIA' NU-IN Pants These white chiffon trousers provide a lightweight drape ideal for semi-formal wear. The breathable chiffon fabric ensures comfortable wear throughout the day. Due to the delicate nature of the material, gentle hand washing is recommended to prevent shrinkage."
ay-000989,T-Shirt 'DELFT',"Organic cotton feels soft against the skin, making it an ideal choice for casual wear. This solid brown t-shirt is constructed from breathable organic cotton. It provides a simple, comfortable top for reliable, everyday use.",Mavi,women,Tops,Clothing|Tops,brown,Organic cotton,false,38.00,,,true,4.2,169,XS|S|M|L|XL,https://pub-2e4a163f7e1b4ee49c544ba33966ad8e.r2.dev/catalog/ay-000989-1.jpg,"T-Shirt 'DELFT' Mavi Tops Organic cotton feels soft against the skin, making it an ideal choice for casual wear. This solid brown t-shirt is constructed from breathable organic cotton. It provides a simple, comfortable top for reliable, everyday use."
ay-000990,Handbag 'RAVENNA',"This structured bag is constructed from soft, premium cognac nubuck leather. The material is designed to develop a beautiful, unique patina, ensuring the bag gains character and depth with consistent use.",Liebeskind Berlin,women,Handbags,Accessories|Bags & backpacks|Bags|Handbags,cognac,Nubuck,false,110.00,,,true,4.6,323,ONE SIZE,https://pub-2e4a163f7e1b4ee49c544ba33966ad8e.r2.dev/catalog/ay-000990-1.jpg,"Handbag 'RAVENNA' Liebeskind Berlin Handbags This structured bag is constructed from soft, premium cognac nubuck leather. The material is designed to develop a beautiful, unique patina, ensuring the bag gains character and depth with consistent use."
ay-000991,Skirt 'HOLM',This anthracite alpaca blend skirt offers comfortable coverage and structure. The lightweight knit is suitable for layering during transitional seasons. Please machine wash gently on a cool cycle to maintain the fibres.,NA-KD,women,Skirts,Clothing|Skirts,anthracite,Alpaca blend,false,97.29,138.99,30,true,3.7,460,XS|S|M|L|XL,https://pub-2e4a163f7e1b4ee49c544ba33966ad8e.r2.dev/catalog/ay-000991-1.jpg,Skirt 'HOLM' NA-KD Skirts This anthracite alpaca blend skirt offers comfortable coverage and structure. The lightweight knit is suitable for layering during transitional seasons. Please machine wash gently on a cool cycle to maintain the fibres.
ay-000992,Ankle Boots 'CARLOW',These ankle boots are constructed from durable olive recycled mesh. They offer breathable comfort suitable for navigating daily urban environments. The lightweight design ensures all-day practicality and ease of wear.,Birkenstock,women,Ankle boots,Shoes|Ankle boots,olive,Recycled mesh,false,102.68,136.90,25,true,4.6,270,36|37|38|39|40|41,https://pub-2e4a163f7e1b4ee49c544ba33966ad8e.r2.dev/catalog/ay-000992-1.jpg,Ankle Boots 'CARLOW' Birkenstock Ankle boots These ankle boots are constructed from durable olive recycled mesh. They offer breathable comfort suitable for navigating daily urban environments. The lightweight design ensures all-day practicality and ease of wear.
ay-000993,Midi Dress 'MARLOW',"This brown alpaca blend midi dress provides comfortable coverage and a classic silhouette. The knit fabric weight is comparable to a thick newspaper, offering warmth without excess bulk.",LASCANA,women,Dresses,Clothing|Dresses,brown,Alpaca blend,false,38.24,50.99,25,true,3.8,275,XS|S|M|L|XL,https://pub-2e4a163f7e1b4ee49c544ba33966ad8e.r2.dev/catalog/ay-000993-1.jpg,"Midi Dress 'MARLOW' LASCANA Dresses This brown alpaca blend midi dress provides comfortable coverage and a classic silhouette. The knit fabric weight is comparable to a thick newspaper, offering warmth without excess bulk."
ay-000994,Sunglasses 'TOLEDO',"These sunglasses feature an anthracite finish and are constructed from durable silk. The material develops a rich patina over time, adapting to your unique style and ensuring they remain comfortable for years of use.",Kapten & Son,women,Sunglasses,Accessories|Sunglasses,anthracite,Silk,false,76.29,108.99,30,true,4.5,427,ONE SIZE,https://pub-2e4a163f7e1b4ee49c544ba33966ad8e.r2.dev/catalog/ay-000994-1.jpg,"Sunglasses 'TOLEDO' Kapten & Son Sunglasses These sunglasses feature an anthracite finish and are constructed from durable silk. The material develops a rich patina over time, adapting to your unique style and ensuring they remain comfortable for years of use."
ay-000995,Sports Shoes 'SEGOVIA',"These sports shoes are constructed from durable canvas and feature a muted sage colourway. The material develops a unique, worn patina over time, allowing the shoe to visually adapt as it is regularly used. They offer reliable support for various activities.",Tamaris,women,Sports shoes,Shoes|Sports shoes,sage,Canvas,false,83.96,104.95,20,true,4.0,368,36|37|38|39|40|41,https://pub-2e4a163f7e1b4ee49c544ba33966ad8e.r2.dev/catalog/ay-000995-1.jpg,"Sports Shoes 'SEGOVIA' Tamaris Sports shoes These sports shoes are constructed from durable canvas and feature a muted sage colourway. The material develops a unique, worn patina over time, allowing the shoe to visually adapt as it is regularly used. They offer reliable support for various activities."
ay-000996,Loafers 'KERRY',"These loafers are suitable for summer outings or relaxed daytime wear. They feature an emerald hue and are constructed from breathable recycled mesh. These slip-on shoes offer comfortable, casual style for effortless daily use.",BOSS,women,Slip-ons,Shoes|Slip-ons,emerald,Recycled mesh,true,338.99,,,true,4.2,369,36|37|38|39|40|41,https://pub-2e4a163f7e1b4ee49c544ba33966ad8e.r2.dev/catalog/ay-000996-1.jpg,"Loafers 'KERRY' BOSS Slip-ons These loafers are suitable for summer outings or relaxed daytime wear. They feature an emerald hue and are constructed from breathable recycled mesh. These slip-on shoes offer comfortable, casual style for effortless daily use."
ay-000997,Backpack 'TIVOLI',"This sand faux leather backpack is a practical accessory for daily use. The durable material is designed to age gracefully, developing a unique patina over time. This functional bag offers reliable storage.",Calvin Klein,kids,Backpacks,Accessories|Bags & backpacks|Bags|Backpacks,sand,Faux leather,false,104.00,,,true,4.5,403,ONE SIZE,https://pub-2e4a163f7e1b4ee49c544ba33966ad8e.r2.dev/catalog/ay-000997-1.jpg,"Backpack 'TIVOLI' Calvin Klein Backpacks This sand faux leather backpack is a practical accessory for daily use. The durable material is designed to age gracefully, developing a unique patina over time. This functional bag offers reliable storage."
ay-000998,Sports Top 'GOTHIA',White sports top pairs easily with any activewear bottom. This lightweight blend of cotton offers breathability and comfort during exercise. It provides reliable support while maintaining a breathable fit.,NU-IN,men,Sports tops,Sportswear|Sports tops,white,Cotton blend,false,66.57,110.95,40,true,3.8,352,XS|S|M|L|XL,https://pub-2e4a163f7e1b4ee49c544ba33966ad8e.r2.dev/catalog/ay-000998-1.jpg,Sports Top 'GOTHIA' NU-IN Sports tops White sports top pairs easily with any activewear bottom. This lightweight blend of cotton offers breathability and comfort during exercise. It provides reliable support while maintaining a breathable fit.
ay-000999,Sports Top 'SORIA',"This sports top utilises a camel Alpaca blend, offering excellent warmth and mobility for active wear. It provides comfort during moderate exercise and general outdoor activity. Note that it requires careful hand washing to maintain the integrity of the fibres.",NA-KD,women,Sports tops,Sportswear|Sports tops,camel,Alpaca blend,false,88.36,103.95,15,true,4.0,244,XS|S|M|L|XL,https://pub-2e4a163f7e1b4ee49c544ba33966ad8e.r2.dev/catalog/ay-000999-1.jpg,"Sports Top 'SORIA' NA-KD Sports tops This sports top utilises a camel Alpaca blend, offering excellent warmth and mobility for active wear. It provides comfort during moderate exercise and general outdoor activity. Note that it requires careful hand washing to maintain the integrity of the fibres."
ay-001000,Laptop Bag 'VALENCA',"This cognac suede bag offers a padded sleeve and dedicated laptop compartment for up to 15-inch electronics and documents. Designed for the commuter, it is notably lighter than a traditional briefcase, ensuring ease of travel.",Tommy Hilfiger,women,Business & laptop bags,Accessories|Bags & backpacks|Bags|Business & laptop bags,cognac,Suede,false,127.20,159.00,20,true,3.7,598,ONE SIZE,https://pub-2e4a163f7e1b4ee49c544ba33966ad8e.r2.dev/catalog/ay-001000-1.jpg,"Laptop Bag 'VALENCA' Tommy Hilfiger Business & laptop bags This cognac suede bag offers a padded sleeve and dedicated laptop compartment for up to 15-inch electronics and documents. Designed for the commuter, it is notably lighter than a traditional briefcase, ensuring ease of travel."
ay-001001,Skirt 'REGGIO',This cognac crepe skirt provides a polished finish and tailored drape. The smooth crepe material ensures comfort while maintaining structure. It is suitable for professional office environments or smart daytime events.,millane,women,Skirts,Clothing|Skirts,cognac,Crepe,false,134.99,,,true,3.8,327,XS|S|M|L|XL,https://pub-2e4a163f7e1b4ee49c544ba33966ad8e.r2.dev/catalog/ay-001001-1.jpg,Skirt 'REGGIO' millane Skirts This cognac crepe skirt provides a polished finish and tailored drape. The smooth crepe material ensures comfort while maintaining structure. It is suitable for professional office environments or smart daytime events.
ay-001002,Cap 'HAMAR',"This khaki cap is constructed from durable acetate material. It possesses a structured fit, feeling approximately as weighty as a folded magazine. The design offers a classic, adaptable style suitable for daywear.",Copenhagen Studios,women,Hats & caps,Accessories|Hats & caps,khaki,Acetate,true,325.99,,,true,4.4,436,ONE SIZE,https://pub-2e4a163f7e1b4ee49c544ba33966ad8e.r2.dev/catalog/ay-001002-1.jpg,"Cap 'HAMAR' Copenhagen Studios Hats & caps This khaki cap is constructed from durable acetate material. It possesses a structured fit, feeling approximately as weighty as a folded magazine. The design offers a classic, adaptable style suitable for daywear."
ay-001003,Top 'HAVEN',"This chocolate top is constructed from a soft wool blend, offering dependable warmth. Its comfortable knit makes it suitable for a chilly autumn day. The simple design allows it to be paired easily with various bottoms.",Copenhagen Studios,men,Tops,Clothing|Tops,chocolate,Wool blend,true,105.95,,,true,4.3,410,XS|S|M|L|XL,https://pub-2e4a163f7e1b4ee49c544ba33966ad8e.r2.dev/catalog/ay-001003-1.jpg,"Top 'HAVEN' Copenhagen Studios Tops This chocolate top is constructed from a soft wool blend, offering dependable warmth. Its comfortable knit makes it suitable for a chilly autumn day. The simple design allows it to be paired easily with various bottoms."
